{
  "N": 10,
  "h": 1.0,
  "L": 1,
  "exact": -12.38148999965476,
  "convergence_raw": [
    -0.25390625,
    0.33203125,
    -0.5,
    -0.099609375,
    -0.42578125,
    -0.5,
    0.15625,
    -0.484375,
    -0.375,
    -0.298828125,
    0.3359375,
    -0.80078125,
    -1.267578125,
    -1.08203125,
    -1.416015625,
    -2.076171875,
    -0.359375,
    -3.056640625,
    -3.865234375,
    -3.078125,
    -4.1171875,
    -4.84765625,
    -5.544921875,
    -4.4609375,
    -5.892578125,
    -7.30859375,
    -7.6796875,
    -7.056640625,
    -7.068359375,
    -6.58203125,
    -7.57421875,
    -7.63671875,
    -7.173828125,
    -7.134765625,
    -7.32421875,
    -7.9296875,
    -7.1015625,
    -8.048828125,
    -7.833984375,
    -7.849609375,
    -8.103515625,
    -8.19140625,
    -8.072265625,
    -8.173828125,
    -8.0703125,
    -8.107421875,
    -7.990234375,
    -8.029296875,
    -8.0703125,
    -8.14453125,
    -8.23046875,
    -8.11328125,
    -8.1171875,
    -8.083984375,
    -8.29296875,
    -8.177734375,
    -8.392578125,
    -8.369140625,
    -8.181640625,
    -8.162109375,
    -8.20703125,
    -8.10546875,
    -8.18359375,
    -8.384765625,
    -8.208984375,
    -8.169921875,
    -8.07421875,
    -8.1328125,
    -8.263671875,
    -8.103515625,
    -8.296875,
    -8.263671875,
    -8.2890625,
    -8.1484375,
    -8.01171875,
    -8.107421875,
    -8.208984375,
    -8.05078125,
    -7.953125,
    -8.21875,
    -8.15625,
    -8.103515625,
    -8.109375,
    -8.1640625,
    -8.072265625,
    -8.29296875,
    -8.212890625,
    -8.134765625,
    -8.1875,
    -8.21484375,
    -8.2109375,
    -8.275390625,
    -8.2734375,
    -8.212890625,
    -8.353515625,
    -8.103515625,
    -8.166015625,
    -8.119140625,
    -8.17578125,
    -8.09375,
    -8.076171875,
    -8.087890625,
    -8.1328125
  ],
  "convergence_rel": [
    0.9794930779730808,
    1.0268167441890481,
    0.9596171381623745,
    0.9919549767432856,
    0.9656114692163971,
    0.9596171381623745,
    1.0126196443242579,
    0.9608791025948002,
    0.9697128536217808,
    0.9758649302298567,
    1.0271322352971546,
    0.9353243228381779,
    0.8976231354194573,
    0.9126089630545136,
    0.8856344733114121,
    0.8323164760414222,
    0.9709748180542067,
    0.7531282079067034,
    0.6878215485286685,
    0.751393006812118,
    0.6674723720558025,
    0.6084755348398965,
    0.5521603720428953,
    0.6397091545424349,
    0.5240816634214213,
    0.4097161367328334,
    0.3797444814627208,
    0.4300653132056994,
    0.42911883988138005,
    0.468397482840633,
    0.3882627413815949,
    0.3832148836518917,
    0.42060057996250594,
    0.4237554910435704,
    0.40845417230040765,
    0.359553050543908,
    0.42643716546247523,
    0.3499305717466613,
    0.367282582692516,
    0.3660206182600902,
    0.345513696233171,
    0.3384151463007759,
    0.3480376250980226,
    0.3398348562872549,
    0.34819537065207584,
    0.34519820512506455,
    0.354662938368258,
    0.35150802728719355,
    0.34819537065207584,
    0.3422010395980533,
    0.33526023521971143,
    0.3447249684629049,
    0.34440947735479843,
    0.34709115177370325,
    0.3302123774900082,
    0.3395193651791485,
    0.3221673542332938,
    0.32406030088193244,
    0.339203874071042,
    0.34078132961157426,
    0.33715318186835014,
    0.3453559506791178,
    0.3390461285169888,
    0.3227983364495067,
    0.3369954363142969,
    0.3401503473953614,
    0.3478798795439694,
    0.34314751292237267,
    0.3325785608008066,
    0.345513696233171,
    0.3298968863819018,
    0.3325785608008066,
    0.33052786859811467,
    0.34188554848994684,
    0.35292773727367255,
    0.34519820512506455,
    0.3369954363142969,
    0.3497728261926081,
    0.3576601038952693,
    0.3362067085440308,
    0.34125456627373396,
    0.345513696233171,
    0.3450404595710113,
    0.3406235840575211,
    0.3480376250980226,
    0.3302123774900082,
    0.33667994520619043,
    0.34298976736831943,
    0.3387306374088824,
    0.3365221996521372,
    0.33683769076024367,
    0.33163208747648726,
    0.3317898330305405,
    0.33667994520619043,
    0.32532226531435826,
    0.345513696233171,
    0.34046583850346784,
    0.3442517318007452,
    0.3396771107332017,
    0.34630242400343714,
    0.34772213398991614,
    0.3467756606655968,
    0.34314751292237267
  ],
  "elapsed_s": 1525.668088699691,
  "raw": {
    "mean": -8.1486083984375,
    "sem": 0.011941338672556954,
    "rel_err": 0.3418717457539672,
    "parity_discard": 0.0,
    "cost": {
      "n_circuits_per_eval": 20,
      "overhead_circuits": 1.0,
      "overhead_amortised": 1.0,
      "shot_multiplier": 1.0,
      "measured_discard": 0.0,
      "overhead_effective": 1.0
    }
  },
  "readout": {
    "mean": -9.005573451636481,
    "sem": 0.012817901667740307,
    "rel_err": 0.2726583430679515,
    "parity_discard": 0.0,
    "cost": {
      "n_circuits_per_eval": 20,
      "overhead_circuits": 1.0,
      "overhead_amortised": 1.0625,
      "shot_multiplier": 1.0,
      "measured_discard": 0.0,
      "overhead_effective": 1.0625
    }
  },
  "parity": {
    "mean": -8.605606342984583,
    "sem": 0.013321371319762342,
    "rel_err": 0.3049619760445198,
    "parity_discard": 0.479632568359375,
    "cost": {
      "n_circuits_per_eval": 20,
      "overhead_circuits": 1.0,
      "overhead_amortised": 1.0,
      "shot_multiplier": 1.9217190377329718,
      "measured_discard": 0.479632568359375,
      "overhead_effective": 1.9217190377329718
    }
  },
  "zne": {
    "mean": -8.148608398437503,
    "sem": 0.027279490963841323,
    "rel_err": 0.34187174575396695,
    "parity_discard": 0.0,
    "cost": {
      "n_circuits_per_eval": 60,
      "overhead_circuits": 3.0,
      "overhead_amortised": 3.0,
      "shot_multiplier": 1.0,
      "measured_discard": 0.0,
      "overhead_effective": 3.0
    }
  },
  "ro+parity": {
    "mean": -9.746580881493173,
    "sem": 0.028908346688772762,
    "rel_err": 0.21281034174683794,
    "parity_discard": 0.4536701771835359,
    "cost": {
      "n_circuits_per_eval": 20,
      "overhead_circuits": 1.0,
      "overhead_amortised": 1.0625,
      "shot_multiplier": 1.8303961421046995,
      "measured_discard": 0.4536701771835359,
      "overhead_effective": 1.9447959009862432
    }
  },
  "ro+zne": {
    "mean": -9.00557345163648,
    "sem": 0.029281962626528178,
    "rel_err": 0.27265834306795167,
    "parity_discard": 0.0,
    "cost": {
      "n_circuits_per_eval": 60,
      "overhead_circuits": 3.0,
      "overhead_amortised": 3.0625,
      "shot_multiplier": 1.0,
      "measured_discard": 0.0,
      "overhead_effective": 3.0625
    }
  },
  "parity+zne": {
    "mean": -8.605606342984577,
    "sem": 0.030432118082253358,
    "rel_err": 0.30496197604452024,
    "parity_discard": 0.479632568359375,
    "cost": {
      "n_circuits_per_eval": 60,
      "overhead_circuits": 3.0,
      "overhead_amortised": 3.0,
      "shot_multiplier": 1.9217190377329718,
      "measured_discard": 0.479632568359375,
      "overhead_effective": 5.765157113198915
    }
  },
  "ro+parity+zne": {
    "mean": -9.746580881493177,
    "sem": 0.0660399142759685,
    "rel_err": 0.21281034174683766,
    "parity_discard": 0.4536701771835359,
    "cost": {
      "n_circuits_per_eval": 60,
      "overhead_circuits": 3.0,
      "overhead_amortised": 3.0625,
      "shot_multiplier": 1.8303961421046995,
      "measured_discard": 0.4536701771835359,
      "overhead_effective": 5.605588185195642
    }
  }
}