{
  "N": 10,
  "h": 2.0,
  "L": 2,
  "exact": -21.13931911563114,
  "convergence_raw": [
    -1.919921875,
    -0.658203125,
    -2.544921875,
    -3.0390625,
    -3.8359375,
    -2.87109375,
    -3.421875,
    -2.34375,
    -4.30078125,
    -4.00390625,
    -4.92578125,
    -3.9921875,
    -5.12109375,
    -3.38671875,
    -4.220703125,
    -4.548828125,
    -3.1328125,
    -5.53515625,
    -5.51171875,
    -5.25390625,
    -5.333984375,
    -7.056640625,
    -7.2109375,
    -6.37109375,
    -6.365234375,
    -7.21875,
    -5.865234375,
    -5.7734375,
    -6.93359375,
    -6.365234375,
    -7.625,
    -8.509765625,
    -7.384765625,
    -8.15234375,
    -7.447265625,
    -7.79296875,
    -8.91796875,
    -10.666015625,
    -11.416015625,
    -11.98828125,
    -11.064453125,
    -11.73046875,
    -11.439453125,
    -11.994140625,
    -11.587890625,
    -11.345703125,
    -12.201171875,
    -12.435546875,
    -12.2734375,
    -11.759765625,
    -10.72265625,
    -12.740234375,
    -11.78515625,
    -11.7578125,
    -13.275390625,
    -12.123046875,
    -13.8203125,
    -11.78125,
    -13.666015625,
    -12.6484375,
    -13.138671875,
    -14.439453125,
    -13.041015625,
    -13.84375,
    -14.869140625,
    -14.064453125,
    -14.314453125,
    -14.875,
    -14.11328125,
    -14.78515625,
    -13.634765625,
    -15.2109375,
    -13.73828125,
    -14.78515625,
    -16.55078125,
    -15.771484375,
    -16.42578125,
    -14.54296875,
    -15.61328125,
    -16.43359375,
    -16.890625,
    -16.806640625,
    -16.353515625,
    -15.958984375,
    -16.419921875,
    -16.498046875,
    -16.98828125,
    -16.869140625,
    -17.013671875,
    -16.244140625,
    -16.404296875,
    -16.24609375,
    -16.912109375,
    -16.833984375,
    -17.06640625,
    -16.953125,
    -17.005859375,
    -16.8671875,
    -16.919921875,
    -17.109375,
    -16.83984375,
    -16.951171875,
    -17.0859375,
    -16.720703125,
    -17.087890625,
    -16.923828125,
    -16.98828125,
    -17.232421875,
    -17.236328125,
    -17.37109375,
    -17.02734375,
    -16.892578125,
    -16.77734375,
    -16.80859375,
    -16.91796875,
    -17.12890625,
    -16.923828125,
    -16.75390625,
    -17.060546875,
    -16.8515625,
    -17.052734375,
    -16.98046875,
    -17.126953125,
    -16.95703125,
    -16.947265625,
    -16.701171875,
    -16.724609375,
    -17.1484375,
    -17.0859375,
    -16.796875,
    -16.716796875,
    -16.99609375,
    -16.876953125,
    -17.369140625,
    -16.65625,
    -17.06640625,
    -16.974609375,
    -16.947265625,
    -17.0078125,
    -17.25,
    -17.1328125,
    -17.3359375,
    -16.986328125,
    -17.138671875,
    -17.140625,
    -16.955078125,
    -17.033203125,
    -16.982421875,
    -17.029296875,
    -17.0,
    -17.255859375,
    -16.984375,
    -17.03515625,
    -17.185546875,
    -17.1171875,
    -17.111328125,
    -17.203125,
    -16.88671875,
    -17.076171875,
    -17.220703125,
    -17.0078125,
    -17.0,
    -16.98046875,
    -16.76953125,
    -16.890625,
    -16.732421875,
    -17.19140625,
    -17.228515625,
    -16.947265625,
    -17.1875,
    -17.259765625,
    -17.072265625,
    -16.970703125,
    -17.12890625,
    -17.072265625,
    -17.33203125,
    -17.015625,
    -16.884765625,
    -16.921875,
    -16.9296875,
    -16.9140625,
    -16.91796875,
    -16.97265625,
    -17.05078125,
    -16.931640625,
    -17.220703125,
    -17.216796875,
    -16.947265625,
    -17.318359375,
    -17.15625,
    -16.95703125,
    -16.583984375,
    -16.93359375,
    -17.0,
    -16.837890625,
    -17.07421875,
    -17.1953125,
    -17.099609375,
    -17.048828125,
    -17.111328125,
    -17.015625,
    -16.927734375,
    -16.998046875,
    -17.099609375,
    -17.166015625,
    -17.044921875,
    -16.8359375,
    -17.021484375,
    -16.892578125,
    -17.255859375,
    -17.041015625,
    -17.115234375,
    -16.9609375,
    -17.064453125,
    -16.765625,
    -16.787109375,
    -16.54296875,
    -17.04296875,
    -17.009765625,
    -17.099609375,
    -17.01953125,
    -17.078125,
    -17.015625,
    -17.2421875,
    -17.37109375,
    -17.119140625,
    -17.07421875,
    -16.951171875
  ],