{
  "N": 10,
  "h": 1.0,
  "L": 3,
  "exact": -12.38148999965476,
  "convergence_raw": [
    2.76953125,
    2.69921875,
    2.970703125,
    2.705078125,
    2.943359375,
    2.28125,
    2.4609375,
    2.384765625,
    2.390625,
    2.24609375,
    1.244140625,
    0.48046875,
    0.439453125,
    1.017578125,
    0.1796875,
    -0.109375,
    -0.1953125,
    0.5390625,
    -1.134765625,
    -1.373046875,
    -1.22265625,
    -1.0234375,
    -1.203125,
    -2.29296875,
    -2.416015625,
    -3.17578125,
    -2.455078125,
    -3.357421875,
    -3.076171875,
    -2.494140625,
    -3.68359375,
    -3.4453125,
    -3.90234375,
    -3.88671875,
    -3.826171875,
    -3.794921875,
    -4.29296875,
    -2.494140625,
    -3.6953125,
    -4.75,
    -4.029296875,
    -4.365234375,
    -4.6015625,
    -4.3046875,
    -4.349609375,
    -4.517578125,
    -4.880859375,
    -5.2890625,
    -4.53515625,
    -5.064453125,
    -5.359375,
    -4.080078125,
    -5.5390625,
    -5.35546875,
    -5.716796875,
    -4.72265625,
    -5.345703125,
    -6.4765625,
    -5.892578125,
    -6.421875,
    -6.484375,
    -6.64453125,
    -5.826171875,
    -6.68359375,
    -7.28515625,
    -6.224609375,
    -6.98828125,
    -6.912109375,
    -7.109375,
    -7.568359375,
    -7.994140625,
    -7.328125,
    -7.87109375,
    -6.595703125,
    -7.9375,
    -7.240234375,
    -7.966796875,
    -8.083984375,
    -7.5078125,
    -8.42578125,
    -8.146484375,
    -8.376953125,
    -7.95703125,
    -8.564453125,
    -7.7890625,
    -8.46484375,
    -8.330078125,
    -8.484375,
    -7.921875,
    -8.19921875,
    -8.0390625,
    -8.421875,
    -8.041015625,
    -8.419921875,
    -7.525390625,
    -8.708984375,
    -7.44921875,
    -8.521484375,
    -8.251953125,
    -8.533203125,
    -7.83984375,
    -8.40625,
    -8.458984375,
    -8.501953125,
    -8.5546875,
    -8.6328125,
    -8.69921875,
    -8.3203125,
    -8.6484375,
    -8.51953125,
    -8.61328125,
    -8.767578125,
    -8.484375,
    -8.69140625,
    -8.55078125,
    -8.640625,
    -8.849609375,
    -8.896484375,
    -8.662109375,
    -8.599609375,
    -8.876953125,
    -8.63671875,
    -8.869140625,
    -8.68359375,
    -8.591796875,
    -8.76171875,
    -8.75390625,
    -8.630859375,
    -8.66015625,
    -8.677734375,
    -8.755859375,
    -8.650390625,
    -8.537109375,
    -8.748046875,
    -8.619140625,
    -8.740234375,
    -8.955078125,
    -8.826171875,
    -8.73828125,
    -8.74609375,
    -8.646484375,
    -8.99609375,
    -8.845703125,
    -8.802734375,
    -8.65625,
    -8.916015625,
    -8.76171875,
    -8.845703125,
    -8.6484375,
    -8.56640625,
    -8.654296875,
    -8.66015625,
    -8.72265625,
    -8.51171875,
    -8.6796875,
    -8.59375,
    -8.705078125,
    -8.662109375,
    -8.71484375,
    -8.7265625,
    -8.650390625,
    -8.546875,
    -8.59765625,
    -8.7734375,
    -8.5546875,
    -8.595703125,
    -8.833984375,
    -8.576171875,
    -8.669921875,
    -8.630859375,
    -8.685546875,
    -8.6328125,
    -8.736328125,
    -8.63671875,
    -8.837890625,
    -8.771484375,
    -8.775390625,
    -8.7109375,
    -8.716796875,
    -8.783203125,
    -8.869140625,
    -8.681640625,
    -8.78515625,
    -8.9140625,
    -8.5703125,
    -8.8984375,
    -8.6328125,
    -8.828125,
    -8.625,
    -8.634765625,
    -8.82421875,
    -8.60546875,
    -8.69140625,
    -8.6015625,
    -8.63671875,
    -8.701171875,
    -8.74609375,
    -8.716796875,
    -8.783203125,
    -8.634765625,
    -8.798828125,
    -8.79296875,
    -8.583984375,
    -8.837890625,
    -8.810546875,
    -8.82421875,
    -8.76953125,
    -8.91796875,
    -8.65234375,
    -8.68359375,
    -8.92578125,
    -8.732421875,
    -8.833984375,
    -8.966796875,
    -8.607421875,
    -8.619140625,
    -8.5078125,
    -8.78125,
    -8.833984375,
    -8.732421875,
    -8.76171875,
    -8.763671875,
    -8.546875,
    -8.669921875,
    -8.810546875,
    -8.556640625,
    -8.72265625,
    -8.68359375,
    -8.5390625,
    -8.623046875,
    -9.0546875,
    -8.6171875,
    -8.6484375,
    -8.859375,
    -8.73828125,
    -8.75390625,
    -8.892578125,
    -8.8125,
    -8.763671875,
    -8.5859375,
    -8.48828125,
    -8.859375,
    -8.576171875,
    -8.478515625,
    -8.65234375,
    -8.623046875,
    -8.744140625,
    -8.732421875,
    -8.861328125,
    -8.775390625,
    -8.748046875,
    -8.84765625,
    -8.630859375,
    -8.77734375,
    -8.6953125,
    -8.83984375,
    -8.8359375,
    -8.822265625,
    -8.779296875,
    -8.822265625,
    -8.767578125,
    -8.7890625,
    -8.75,
    -8.609375,
    -8.8515625,
    -8.57421875,
    -8.5546875,
    -8.859375,
    -8.681640625,
    -8.486328125,
    -8.900390625,
    -8.65625,
    -8.671875,
    -8.669921875,
    -8.69140625,
    -8.712890625,
    -8.59765625,
    -8.591796875,
    -8.771484375,
    -8.666015625,
    -8.943359375,
    -8.77734375,
    -8.84765625,
    -8.63671875,
    -8.76953125,
    -8.802734375,
    -8.53125,
    -8.701171875,
    -8.873046875,
    -8.5078125,
    -8.720703125
  ],