{
  "N": 10,
  "h": 0.5,
  "L": 3,
  "exact": -9.765503957927175,
  "convergence_raw": [
    -0.24609375,
    -0.083984375,
    0.150390625,
    0.314453125,
    -0.533203125,
    -1.1005859375,
    -0.87109375,
    -0.974609375,
    -1.296875,
    -1.4501953125,
    -1.2998046875,
    -0.8876953125,
    -1.3486328125,
    -1.353515625,
    -1.759765625,
    -2.248046875,
    -1.9111328125,
    -2.486328125,
    -2.947265625,
    -2.9326171875,
    -2.2666015625,
    -2.8564453125,
    -2.2314453125,
    -2.4404296875,
    -2.171875,
    -2.4013671875,
    -2.6484375,
    -3.017578125,
    -2.4140625,
    -3.1015625,
    -2.3857421875,
    -3.69921875,
    -3.802734375,
    -3.443359375,
    -3.869140625,
    -4.1494140625,
    -3.5732421875,
    -4.1669921875,
    -3.779296875,
    -4.1875,
    -3.8046875,
    -4.1845703125,
    -3.94140625,
    -4.32421875,
    -4.333984375,
    -4.412109375,
    -4.2666015625,
    -4.3466796875,
    -4.29296875,
    -4.421875,
    -4.349609375,
    -3.9970703125,
    -3.970703125,
    -4.52734375,
    -4.1142578125,
    -4.6337890625,
    -4.328125,
    -5.0107421875,
    -5.0322265625,
    -4.8427734375,
    -4.970703125,
    -4.3056640625,
    -4.7548828125,
    -5.1552734375,
    -4.763671875,
    -5.0078125,
    -4.3056640625,
    -4.775390625,
    -5.3076171875,
    -4.41015625,
    -5.2978515625,
    -5.58984375,
    -5.064453125,
    -5.189453125,
    -5.45703125,
    -5.291015625,
    -5.7578125,
    -5.7841796875,
    -4.9736328125,
    -5.5166015625,
    -5.716796875,
    -5.4716796875,
    -5.5400390625,
    -5.482421875,
    -5.4765625,
    -5.8857421875,
    -5.8466796875,
    -5.9345703125,
    -5.572265625,
    -5.7958984375,
    -5.5673828125,
    -5.6865234375,
    -6.0048828125,
    -5.21484375,
    -5.7236328125,
    -5.9423828125,
    -6.0576171875,
    -5.6982421875,
    -5.8623046875,
    -5.78125,
    -5.7294921875,
    -5.90625,
    -6.0263671875,
    -5.732421875,
    -6.0498046875,
    -5.541015625,
    -5.93359375,
    -5.9453125,
    -6.1201171875,
    -5.958984375,
    -5.7763671875,
    -6.130859375,
    -5.4638671875,
    -6.052734375,
    -6.244140625,
    -6.33984375,
    -5.9130859375,
    -6.0380859375,
    -6.0888671875,
    -6.126953125,
    -6.3759765625,
    -6.095703125,
    -6.2890625,
    -6.1767578125,
    -6.2490234375,
    -5.7724609375,
    -6.1298828125,
    -5.7998046875,
    -6.162109375,
    -6.2216796875,
    -6.2744140625,
    -6.2158203125,
    -6.3564453125,
    -6.291015625,
    -6.072265625,
    -6.1044921875,
    -6.22265625,
    -5.818359375,
    -6.064453125,
    -5.4404296875,
    -6.0380859375,
    -5.783203125,
    -6.353515625,
    -6.001953125,
    -6.3759765625,
    -5.990234375,
    -6.1162109375,
    -5.923828125,
    -6.05078125,
    -6.2177734375,
    -6.0400390625,
    -6.232421875,
    -6.37890625,
    -6.3974609375,
    -6.4130859375,
    -6.4501953125,
    -6.482421875,
    -6.4921875,
    -6.5732421875,
    -6.58984375,
    -6.6328125,
    -6.630859375,
    -6.6259765625,
    -6.6328125,
    -6.595703125,
    -6.640625,
    -6.6787109375,
    -6.6845703125,
    -6.708984375,
    -6.68359375,
    -6.673828125,
    -6.74609375,
    -6.73828125,
    -6.74609375,
    -6.74609375,
    -6.7470703125,
    -6.7373046875,
    -6.6865234375,
    -6.740234375,
    -6.73828125,
    -6.7421875,
    -6.7041015625,
    -6.72265625,
    -6.73046875,
    -6.7177734375,
    -6.744140625,
    -6.775390625,
    -6.787109375,
    -6.78515625,
    -6.802734375,
    -6.8037109375,
    -6.8330078125,
    -6.8076171875,
    -6.845703125,
    -6.802734375,
    -6.861328125,
    -6.85546875,
    -6.826171875,
    -6.8837890625,
    -6.9033203125,
    -6.9248046875,
    -6.9453125,
    -6.912109375,
    -6.9365234375,
    -6.9423828125,
    -6.9345703125,
    -6.98046875,
    -6.9853515625,
    -7.01171875,
    -7.0302734375,
    -6.98828125,
    -7.0498046875,
    -7.072265625,
    -7.0673828125,
    -7.07421875,
    -7.083984375,
    -7.072265625,
    -7.123046875,
    -7.1357421875,
    -7.1611328125,
    -7.1572265625,
    -7.1279296875,
    -7.1708984375,
    -7.1787109375,
    -7.1787109375,
    -7.1689453125,
    -7.173828125,
    -7.2138671875,
    -7.2412109375,
    -7.291015625,
    -7.2685546875,
    -7.27734375,
    -7.26953125,
    -7.283203125,
    -7.26953125,
    -7.2666015625,
    -7.2802734375,
    -7.2744140625,
    -7.279296875,
    -7.2802734375,
    -7.2744140625,
    -7.27734375,
    -7.3046875,
    -7.32421875,
    -7.357421875,
    -7.39453125,
    -7.3583984375,
    -7.4091796875,
    -7.3974609375,
    -7.38671875,
    -7.416015625,
    -7.40234375,
    -7.390625,
    -7.3720703125,
    -7.400390625,
    -7.4453125,
    -7.42578125,
    -7.412109375,
    -7.44921875,
    -7.462890625,
    -7.4296875,
    -7.482421875,
    -7.4736328125,
    -7.486328125,
    -7.4765625,
    -7.484375,
    -7.509765625,
    -7.478515625,
    -7.501953125,
    -7.484375,
    -7.5166015625,
    -7.498046875,
    -7.5107421875,
    -7.5380859375,
    -7.515625,
    -7.5224609375,
    -7.4833984375,
    -7.5400390625,
    -7.5322265625,
    -7.5556640625,
    -7.5419921875,
    -7.556640625,
    -7.52734375,
    -7.5478515625,
    -7.52734375,
    -7.5693359375,
    -7.513671875,
    -7.5654296875,
    -7.533203125,
    -7.5595703125,
    -7.5712890625,
    -7.5712890625,
    -7.5703125,
    -7.5458984375,
    -7.5546875,
    -7.541015625,
    -7.5517578125,
    -7.525390625,
    -7.548828125,
    -7.5263671875
  ],