{
  "N": 10,
  "h": 0.5,
  "L": 3,
  "exact": -9.765503957927175,
  "convergence_raw": [
    -0.1376953125,
    0.1689453125,
    0.185546875,
    0.484375,
    -0.6337890625,
    -1.16015625,
    -1.0966796875,
    -1.193359375,
    -1.0517578125,
    -1.369140625,
    -1.099609375,
    -0.8046875,
    -1.0078125,
    -1.205078125,
    -1.6572265625,
    -1.912109375,
    -2.076171875,
    -1.85546875,
    -2.3662109375,
    -2.7822265625,
    -2.591796875,
    -2.8408203125,
    -2.0537109375,
    -2.259765625,
    -2.181640625,
    -2.3681640625,
    -3.033203125,
    -3.4697265625,
    -3.2197265625,
    -3.46484375,
    -3.3935546875,
    -4.8408203125,
    -4.6337890625,
    -4.47265625,
    -4.68359375,
    -4.50390625,
    -4.337890625,
    -4.806640625,
    -4.2763671875,
    -4.677734375,
    -4.2998046875,
    -4.5966796875,
    -4.4462890625,
    -4.275390625,
    -4.6064453125,
    -4.453125,
    -4.3603515625,
    -4.7333984375,
    -4.3076171875,
    -4.8193359375,
    -4.1669921875,
    -4.5849609375,
    -4.640625,
    -4.267578125,
    -3.8681640625,
    -4.677734375,
    -4.6474609375,
    -4.1904296875,
    -4.0537109375,
    -4.7802734375,
    -4.8046875,
    -4.3095703125,
    -3.728515625,
    -4.5419921875,
    -4.890625,
    -5.5234375,
    -5.4736328125,
    -5.5419921875,
    -4.923828125,
    -5.4423828125,
    -5.142578125,
    -5.9970703125,
    -6.8271484375,
    -5.853515625,
    -6.353515625,
    -6.9013671875,
    -6.783203125,
    -6.861328125,
    -6.3291015625,
    -6.6494140625,
    -6.5078125,
    -6.8388671875,
    -6.8798828125,
    -6.4033203125,
    -6.96875,
    -6.57421875,
    -6.9931640625,
    -6.8779296875,
    -6.7529296875,
    -6.6357421875,
    -6.44921875,
    -6.7705078125,
    -6.87890625,
    -6.1953125,
    -6.703125,
    -6.7802734375,
    -6.9921875,
    -6.3525390625,
    -6.849609375,
    -6.513671875,
    -6.5693359375,
    -6.0732421875,
    -6.93359375,
    -6.4833984375,
    -6.6142578125,
    -6.7255859375,
    -6.6005859375,
    -7.17578125,
    -6.7421875,
    -7.150390625,
    -7.0791015625,
    -7.259765625,
    -7.0849609375,
    -7.267578125,
    -7.291015625,
    -7.4013671875,
    -7.2998046875,
    -7.2021484375,
    -7.255859375,
    -7.24609375,
    -7.328125,
    -7.3720703125,
    -7.1416015625,
    -7.3330078125,
    -7.119140625,
    -7.1181640625,
    -7.318359375,
    -7.2626953125,
    -7.3056640625,
    -7.1240234375,
    -7.1279296875,
    -7.2099609375,
    -7.1005859375,
    -7.3896484375,
    -7.2880859375,
    -7.2890625,
    -7.326171875,
    -7.2666015625,
    -7.259765625,
    -7.240234375,
    -7.373046875,
    -7.2607421875,
    -7.306640625,
    -7.3623046875,
    -7.1318359375,
    -7.052734375,
    -7.4482421875,
    -7.26953125,
    -7.369140625,
    -7.22265625,
    -7.4326171875,
    -7.2705078125,
    -7.4267578125,
    -7.26953125,
    -7.1904296875,
    -7.357421875,
    -7.1953125,
    -7.3232421875,
    -7.16796875,
    -7.3349609375,
    -7.3125,
    -7.3408203125,
    -7.267578125,
    -7.2734375,
    -7.2880859375,
    -7.369140625,
    -7.1474609375,
    -7.2900390625,
    -7.3896484375,
    -7.2470703125,
    -7.189453125,
    -7.25,
    -7.1015625,
    -7.3115234375,
    -7.2509765625,
    -7.384765625,
    -7.228515625,
    -7.271484375,
    -7.3046875,
    -7.3642578125,
    -7.4443359375,
    -7.2216796875,
    -7.3701171875,
    -7.1806640625,
    -7.1435546875,
    -7.330078125,
    -7.345703125,
    -7.33984375,
    -7.3544921875,
    -7.37109375,
    -7.416015625,
    -7.2646484375,
    -7.24609375,
    -7.373046875,
    -7.2392578125,
    -7.1748046875,
    -7.216796875,
    -7.251953125,
    -7.1259765625,
    -7.11328125,
    -7.1162109375,
    -7.259765625,
    -7.2890625,
    -7.3056640625,
    -7.1708984375,
    -7.298828125,
    -7.318359375,
    -7.1279296875,
    -7.359375,
    -7.3525390625,
    -7.4853515625,
    -7.2578125,
    -7.375,
    -7.33984375,
    -7.2880859375,
    -7.4453125,
    -7.1806640625,
    -7.3564453125,
    -7.369140625,
    -7.2646484375,
    -7.1611328125,
    -7.2431640625,
    -7.2861328125,
    -7.375,
    -7.4033203125,
    -7.34375,
    -7.2275390625,
    -7.431640625,
    -7.4501953125,
    -7.1962890625,
    -7.4052734375,
    -7.197265625,
    -7.3232421875,
    -7.2109375,
    -7.310546875,
    -7.4365234375,
    -7.2099609375,
    -7.2578125,
    -7.41796875,
    -7.2470703125,
    -7.435546875,
    -7.2412109375,
    -7.349609375,
    -7.3486328125,
    -7.271484375,
    -7.193359375,
    -7.26953125,
    -7.1005859375,
    -7.201171875,
    -7.2470703125,
    -7.21875,
    -7.2587890625,
    -7.3779296875,
    -7.2666015625,
    -7.390625,
    -7.2109375,
    -7.2978515625,
    -7.3515625,
    -7.142578125,
    -7.3056640625,
    -7.0859375,
    -7.6416015625,
    -7.2314453125,
    -7.2900390625,
    -7.2236328125,
    -7.2392578125,
    -7.275390625,
    -7.330078125,
    -7.2978515625,
    -7.3779296875,
    -7.1328125,
    -7.18359375,
    -7.2607421875,
    -7.2919921875,
    -7.1181640625,
    -7.154296875,
    -7.2197265625,
    -7.4658203125,
    -7.3330078125,
    -7.12109375,
    -7.5146484375,
    -7.34375,
    -7.0205078125,
    -7.302734375,
    -7.283203125,
    -7.234375,
    -7.25,
    -7.1953125,
    -7.265625,
    -7.2158203125,
    -7.326171875,
    -7.390625,
    -7.1826171875,
    -7.2919921875,
    -7.24609375,
    -7.2587890625,
    -7.205078125,
    -7.341796875,
    -7.3388671875,
    -7.32421875
  ],