{
  "N": 10,
  "h": 0.5,
  "L": 1,
  "exact": -9.765503957927175,
  "convergence_raw": [
    -0.3447265625,
    0.12890625,
    -1.3720703125,
    -1.1162109375,
    -1.7265625,
    -2.6064453125,
    -2.2158203125,
    -2.0224609375,
    -3.349609375,
    -2.50390625,
    -3.1474609375,
    -4.47265625,
    -3.744140625,
    -4.705078125,
    -4.9033203125,
    -5.142578125,
    -5.30078125,
    -4.892578125,
    -4.5751953125,
    -4.7939453125,
    -5.4052734375,
    -5.822265625,
    -6.001953125,
    -6.1162109375,
    -5.806640625,
    -5.8984375,
    -5.357421875,
    -5.5771484375,
    -5.9609375,
    -5.763671875,
    -6.4150390625,
    -5.8466796875,
    -6.49609375,
    -6.462890625,
    -6.0380859375,
    -6.384765625,
    -6.703125,
    -6.6962890625,
    -6.73046875,
    -6.7607421875,
    -6.5625,
    -6.70703125,
    -6.6259765625,
    -6.7001953125,
    -6.8037109375,
    -6.8564453125,
    -6.607421875,
    -6.728515625,
    -6.8681640625,
    -6.951171875,
    -6.734375,
    -6.787109375,
    -6.8427734375,
    -7.0810546875,
    -6.5947265625,
    -6.8515625,
    -6.8271484375,
    -6.796875,
    -6.8203125,
    -6.830078125,
    -6.81640625,
    -6.884765625,
    -6.5615234375,
    -6.7861328125,
    -6.826171875,
    -6.802734375,
    -6.81640625,
    -6.8720703125,
    -6.7998046875,
    -6.7333984375,
    -6.7763671875,
    -6.7890625,
    -6.5947265625,
    -6.939453125,
    -6.8017578125,
    -6.86328125,
    -6.939453125,
    -6.705078125,
    -6.7236328125,
    -6.650390625,
    -6.908203125,
    -6.72265625,
    -6.740234375,
    -6.8369140625,
    -6.826171875,
    -6.8330078125,
    -6.791015625,
    -6.775390625,
    -6.650390625,
    -6.9091796875,
    -6.9248046875,
    -6.763671875,
    -6.763671875,
    -6.828125,
    -6.8828125,
    -6.7265625,
    -6.84375,
    -6.779296875,
    -6.8427734375,
    -6.751953125,
    -6.8525390625,
    -6.8681640625,
    -6.6337890625,
    -6.7939453125,
    -6.8603515625,
    -6.98046875,
    -6.84765625,
    -6.8125,
    -6.7177734375,
    -6.732421875
  ],
  "convergence_rel": [
    0.9646995624613753,
    1.013200163612177,
    0.8594982585219048,
    0.8856985832672862,
    0.8231978085884182,
    0.7330966918113621,
    0.7730971876058376,
    0.792897433024103,
    0.6569957485623724,
    0.743596821957412,
    0.6776960051360135,
    0.5419943231532552,
    0.6165952478099521,
    0.5181940281555424,
    0.497893776539846,
    0.4733934728657298,
    0.4571932720689672,
    0.4989937901741941,
    0.5314941930072055,
    0.5090939153622992,
    0.446493139443945,
    0.4037926101833424,
    0.3853923821178836,
    0.37369223709799954,
    0.4053926300151214,
    0.39599251350341963,
    0.4513932001787682,
    0.4288929212943758,
    0.38959243417630357,
    0.4097926845525137,
    0.3430918578152258,
    0.40129257919618766,
    0.3347917549378721,
    0.33819179708040253,
    0.38169233625689464,
    0.34619189623929764,
    0.3135914921668001,
    0.3142915008432034,
    0.3107914574611868,
    0.30769141903711494,
    0.32799167065281126,
    0.3131914872088553,
    0.321491590086209,
    0.31389149588525866,
    0.3032913644997226,
    0.2978912975674684,
    0.3233916136364466,
    0.31099145994015914,
    0.29669128269363415,
    0.28819117733730815,
    0.310391452503242,
    0.3049913855709878,
    0.29929131492027505,
    0.274891012485645,
    0.324691629749767,
    0.29839130376489936,
    0.3008913347520541,
    0.30399137317612596,
    0.3015913434284574,
    0.30059133103359553,
    0.3019913483864022,
    0.29499126162236894,
    0.32809167189229743,
    0.30509138681047404,
    0.30099133599154027,
    0.30339136573920883,
    0.3019913483864022,
    0.2962912777356894,
    0.3036913694576674,
    0.31049145374272824,
    0.3060913992053359,
    0.3047913830920155,
    0.324691629749767,
    0.2893911922111424,
    0.303491366978695,
    0.2971912888910651,
    0.2893911922111424,
    0.3133914896878277,
    0.3114914661375901,
    0.31899155909905424,
    0.29259123187470043,
    0.3115914673770763,
    0.3097914450663249,
    0.29989132235719224,
    0.30099133599154027,
    0.30029132731513697,
    0.3045913806130431,
    0.3061914004448221,
    0.31899155909905424,
    0.29249123063521426,
    0.2908912108034352,
    0.3073914153186564,
    0.3073914153186564,
    0.3007913335125679,
    0.29519126410134133,
    0.31119146241913154,
    0.2991913136807889,
    0.30579139548687734,
    0.29929131492027505,
    0.30859143019249063,
    0.2982913025254132,
    0.29669128269363415,
    0.32069158017031946,
    0.3042913768945845,
    0.29749129260952367,
    0.28519114015272246,
    0.29879130872284415,
    0.3023913533443469,
    0.3120914735745072,
    0.3105914549822144
  ],
  "elapsed_s": 1484.6829262003303,
  "raw": {
    "mean": -6.80455322265625,
    "sem": 0.006572590543270721,
    "rel_err": 0.30320511343066575,
    "parity_discard": 0.0,
    "cost": {
      "n_circuits_per_eval": 20,
      "overhead_circuits": 1.0,
      "overhead_amortised": 1.0,
      "shot_multiplier": 1.0,
      "measured_discard": 0.0,
      "overhead_effective": 1.0
    }
  },
  "readout": {
    "mean": -7.719049448203687,
    "sem": 0.006674711634350259,
    "rel_err": 0.20955953922503642,
    "parity_discard": 0.0,
    "cost": {
      "n_circuits_per_eval": 20,
      "overhead_circuits": 1.0,
      "overhead_amortised": 1.0625,
      "shot_multiplier": 1.0,
      "measured_discard": 0.0,
      "overhead_effective": 1.0625
    }
  },
  "parity": {
    "mean": -6.511204605861371,
    "sem": 0.011891073240334529,
    "rel_err": 0.3332443841184578,
    "parity_discard": 0.520355224609375,
    "cost": {
      "n_circuits_per_eval": 20,
      "overhead_circuits": 1.0,
      "overhead_amortised": 1.0,
      "shot_multiplier": 2.084876248647961,
      "measured_discard": 0.520355224609375,
      "overhead_effective": 2.084876248647961
    }
  },
  "zne": {
    "mean": -6.80455322265625,
    "sem": 0.015014809415483263,
    "rel_err": 0.30320511343066575,
    "parity_discard": 0.0,
    "cost": {
      "n_circuits_per_eval": 60,
      "overhead_circuits": 3.0,
      "overhead_amortised": 3.0,
      "shot_multiplier": 1.0,
      "measured_discard": 0.0,
      "overhead_effective": 3.0
    }
  },
  "ro+parity": {
    "mean": -7.1318472813717495,
    "sem": 0.02969298431213507,
    "rel_err": 0.269689786405498,
    "parity_discard": 0.5455881597992411,
    "cost": {
      "n_circuits_per_eval": 20,
      "overhead_circuits": 1.0,
      "overhead_amortised": 1.0625,
      "shot_multiplier": 2.2006468835807635,
      "measured_discard": 0.5455881597992411,
      "overhead_effective": 2.3381873138045615
    }
  },
  "ro+zne": {
    "mean": -7.719049448203684,
    "sem": 0.015248100795764111,
    "rel_err": 0.20955953922503667,
    "parity_discard": 0.0,
    "cost": {
      "n_circuits_per_eval": 60,
      "overhead_circuits": 3.0,
      "overhead_amortised": 3.0625,
      "shot_multiplier": 1.0,
      "measured_discard": 0.0,
      "overhead_effective": 3.0625
    }
  },
  "parity+zne": {
    "mean": -6.511204605861371,
    "sem": 0.0271646616769661,
    "rel_err": 0.3332443841184578,
    "parity_discard": 0.520355224609375,
    "cost": {
      "n_circuits_per_eval": 60,
      "overhead_circuits": 3.0,
      "overhead_amortised": 3.0,
      "shot_multiplier": 2.084876248647961,
      "measured_discard": 0.520355224609375,
      "overhead_effective": 6.254628745943883
    }
  },
  "ro+parity+zne": {
    "mean": -7.1318472813717495,
    "sem": 0.06783238625447398,
    "rel_err": 0.269689786405498,
    "parity_discard": 0.5455881597992411,
    "cost": {
      "n_circuits_per_eval": 60,
      "overhead_circuits": 3.0,
      "overhead_amortised": 3.0625,
      "shot_multiplier": 2.2006468835807635,
      "measured_discard": 0.5455881597992411,
      "overhead_effective": 6.7394810809660886
    }
  }
}