{
  "N": 10,
  "h": 2.0,
  "L": 3,
  "exact": -21.13931911563114,
  "convergence_raw": [
    2.77734375,
    4.310546875,
    4.669921875,
    1.955078125,
    1.970703125,
    1.35546875,
    -0.37109375,
    0.6640625,
    -0.357421875,
    0.70703125,
    0.552734375,
    1.015625,
    0.4453125,
    1.18359375,
    -0.880859375,
    0.849609375,
    0.45703125,
    0.251953125,
    0.419921875,
    0.544921875,
    -2.28125,
    -0.240234375,
    -1.0546875,
    -2.658203125,
    -1.599609375,
    -2.013671875,
    -1.361328125,
    -2.8671875,
    -3.44140625,
    -2.677734375,
    -3.380859375,
    -6.623046875,
    -5.9765625,
    -6.166015625,
    -6.416015625,
    -5.630859375,
    -7.388671875,
    -6.51171875,
    -6.837890625,
    -6.439453125,
    -7.765625,
    -6.802734375,
    -7.2265625,
    -6.6171875,
    -7.603515625,
    -7.080078125,
    -7.16015625,
    -7.560546875,
    -7.359375,
    -6.453125,
    -6.849609375,
    -9.046875,
    -9.619140625,
    -9.888671875,
    -9.146484375,
    -9.572265625,
    -9.03515625,
    -9.701171875,
    -9.716796875,
    -9.44140625,
    -9.998046875,
    -9.3828125,
    -9.498046875,
    -8.73828125,
    -9.525390625,
    -9.767578125,
    -9.166015625,
    -11.28125,
    -10.841796875,
    -11.154296875,
    -11.091796875,
    -10.7265625,
    -10.890625,
    -11.2578125,
    -10.01953125,
    -11.416015625,
    -11.115234375,
    -10.4296875,
    -11.29296875,
    -10.501953125,
    -10.03125,
    -11.494140625,
    -10.828125,
    -11.185546875,
    -10.0390625,
    -11.25,
    -11.4921875,
    -11.771484375,
    -11.359375,
    -10.236328125,
    -11.625,
    -10.8828125,
    -12.017578125,
    -11.796875,
    -11.244140625,
    -11.640625,
    -11.865234375,
    -12.65625,
    -12.859375,
    -11.3828125,
    -12.837890625,
    -12.068359375,
    -12.71484375,
    -13.19921875,
    -12.140625,
    -13.119140625,
    -12.36328125,
    -13.4375,
    -12.556640625,
    -12.8984375,
    -11.875,
    -12.982421875,
    -13.78515625,
    -14.123046875,
    -12.283203125,
    -13.16796875,
    -13.1640625,
    -12.98046875,
    -13.482421875,
    -13.93359375,
    -13.607421875,
    -13.806640625,
    -12.39453125,
    -13.353515625,
    -13.875,
    -13.88671875,
    -13.861328125,
    -13.990234375,
    -14.6328125,
    -13.19140625,
    -14.205078125,
    -13.880859375,
    -14.70703125,
    -13.39453125,
    -14.08984375,
    -14.15234375,
    -14.4453125,
    -13.369140625,
    -14.494140625,
    -13.93359375,
    -14.12890625,
    -13.41015625,
    -14.41015625,
    -13.244140625,
    -14.330078125,
    -12.98046875,
    -13.96875,
    -13.455078125,
    -14.220703125,
    -14.47265625,
    -15.01171875,
    -14.685546875,
    -14.728515625,
    -14.853515625,
    -14.75,
    -14.65625,
    -14.767578125,
    -14.431640625,
    -14.6328125,
    -14.74609375,
    -14.658203125,
    -14.685546875,
    -14.802734375,
    -14.99609375,
    -15.072265625,
    -15.013671875,
    -14.98046875,
    -15.03515625,
    -14.779296875,
    -14.880859375,
    -14.904296875,
    -14.875,
    -14.9375,
    -14.947265625,
    -14.9296875,
    -14.9453125,
    -14.576171875,
    -14.818359375,
    -14.91796875,
    -14.59375,
    -14.96875,
    -14.673828125,
    -14.921875,
    -14.599609375,
    -14.576171875,
    -14.61328125,
    -14.65625,
    -14.865234375,
    -14.7578125,
    -14.748046875,
    -15.025390625,
    -14.845703125,
    -15.080078125,
    -14.630859375,
    -15.08203125,
    -14.92578125,
    -14.89453125,
    -15.267578125,
    -14.98046875,
    -14.8359375,
    -15.181640625,
    -15.037109375,
    -14.76171875,
    -14.796875,
    -14.740234375,
    -14.732421875,
    -14.68359375,
    -15.03515625,
    -14.765625,
    -15.15234375,
    -14.876953125,
    -14.857421875,
    -15.263671875,
    -14.88671875,
    -14.59765625,
    -15.31640625,
    -14.9296875,
    -14.958984375,
    -14.72265625,
    -14.91015625,
    -14.916015625,
    -14.73828125,
    -14.642578125,
    -15.126953125,
    -14.84765625,
    -14.744140625,
    -15.078125,
    -14.6171875,
    -14.798828125,
    -14.66015625,
    -14.86328125,
    -15.19140625,
    -14.544921875,
    -14.869140625,
    -14.853515625,
    -14.912109375,
    -14.80078125,
    -14.927734375,
    -15.099609375,
    -14.958984375,
    -14.59375,
    -15.013671875,
    -15.052734375,
    -15.041015625,
    -14.896484375,
    -14.984375,
    -15.009765625,
    -15.009765625,
    -14.892578125,
    -15.017578125,
    -14.91015625,
    -15.01171875,
    -14.888671875,
    -14.712890625,
    -15.04296875,
    -14.318359375,
    -14.712890625,
    -15.0390625,
    -14.697265625,
    -14.935546875,
    -15.14453125,
    -14.982421875,
    -14.8515625,
    -14.994140625,
    -14.77734375,
    -15.21484375,
    -15.0,
    -14.8671875,
    -14.720703125,
    -14.794921875,
    -14.76953125,
    -15.173828125,
    -14.890625,
    -15.158203125,
    -15.158203125,
    -14.935546875,
    -14.96875,
    -15.00390625,
    -14.748046875,
    -14.7578125,
    -14.810546875,
    -14.900390625,
    -15.11328125,
    -14.873046875,
    -14.982421875,
    -14.94921875,
    -14.923828125,
    -14.642578125,
    -14.9921875,
    -14.65234375,
    -14.791015625,
    -14.890625,
    -14.90625,
    -14.8203125,
    -14.66796875,
    -15.09375,
    -15.07421875,
    -15.134765625,
    -15.189453125,
    -14.748046875
  ],