{
  "N": 10,
  "h": 0.5,
  "L": 2,
  "exact": -9.765503957927175,
  "convergence_raw": [
    -0.068359375,
    -0.67578125,
    0.1123046875,
    -0.4931640625,
    -1.220703125,
    -1.2158203125,
    -0.498046875,
    -1.201171875,
    -0.9638671875,
    -0.48046875,
    -1.75,
    -1.9228515625,
    -2.064453125,
    -0.857421875,
    -0.7021484375,
    -1.876953125,
    -1.2392578125,
    -1.744140625,
    -1.580078125,
    -2.181640625,
    -2.7646484375,
    -4.123046875,
    -4.2353515625,
    -4.701171875,
    -4.4365234375,
    -4.611328125,
    -4.1943359375,
    -4.3837890625,
    -4.9365234375,
    -5.1201171875,
    -4.8740234375,
    -5.41796875,
    -4.7216796875,
    -4.79296875,
    -5.3173828125,
    -4.9130859375,
    -5.5654296875,
    -5.232421875,
    -5.1884765625,
    -5.3681640625,
    -5.1162109375,
    -4.9609375,
    -5.0185546875,
    -5.087890625,
    -5.4306640625,
    -5.552734375,
    -5.3876953125,
    -5.4775390625,
    -5.2255859375,
    -5.046875,
    -4.8271484375,
    -5.6884765625,
    -5.990234375,
    -6.291015625,
    -5.4990234375,
    -6.0859375,
    -6.0244140625,
    -6.068359375,
    -5.533203125,
    -6.1064453125,
    -5.994140625,
    -6.115234375,
    -5.9111328125,
    -6.1455078125,
    -5.85546875,
    -6.19140625,
    -5.490234375,
    -5.9443359375,
    -5.5625,
    -5.9423828125,
    -6.025390625,
    -5.66796875,
    -5.8828125,
    -5.6396484375,
    -6.1591796875,
    -6.228515625,
    -6.033203125,
    -6.0576171875,
    -6.171875,
    -6.1103515625,
    -6.205078125,
    -6.125,
    -6.0166015625,
    -6.1630859375,
    -6.1796875,
    -6.1201171875,
    -6.1025390625,
    -6.2431640625,
    -6.0224609375,
    -6.0908203125,
    -6.23046875,
    -6.11328125,
    -6.1123046875,
    -6.216796875,
    -6.232421875,
    -6.0966796875,
    -6.244140625,
    -6.2431640625,
    -6.2822265625,
    -6.1337890625,
    -6.21484375,
    -6.0478515625,
    -6.0830078125,
    -6.1630859375,
    -6.037109375,
    -6.0927734375,
    -6.0830078125,
    -6.16015625,
    -6.2412109375,
    -6.123046875,
    -6.134765625,
    -6.02734375,
    -6.1962890625,
    -6.2890625,
    -6.1298828125,
    -5.9931640625,
    -6.1298828125,
    -6.0703125,
    -6.11328125,
    -6.21484375,
    -6.0703125,
    -6.1953125,
    -6.236328125,
    -6.3291015625,
    -6.328125,
    -6.1904296875,
    -6.00390625,
    -6.0224609375,
    -5.9970703125,
    -6.0498046875,
    -6.23828125,
    -5.982421875,
    -6.087890625,
    -6.1181640625,
    -6.1494140625,
    -6.1845703125,
    -6.2900390625,
    -6.0009765625,
    -6.1533203125,
    -6.0830078125,
    -6.08984375,
    -6.19921875,
    -6.2099609375,
    -6.2275390625,
    -6.0380859375,
    -5.9765625,
    -6.103515625,
    -6.0341796875,
    -6.1982421875,
    -6.0146484375,
    -6.080078125,
    -6.0986328125,
    -6.0927734375,
    -6.14453125,
    -6.2607421875,
    -6.2021484375,
    -6.1748046875,
    -6.0478515625,
    -6.2470703125,
    -6.0888671875,
    -6.2548828125,
    -6.1337890625,
    -6.322265625,
    -6.02734375,
    -6.208984375,
    -6.142578125,
    -6.103515625,
    -6.224609375,
    -6.2333984375,
    -6.26953125,
    -6.064453125,
    -6.130859375,
    -6.130859375,
    -6.1201171875,
    -6.216796875,
    -6.087890625,
    -6.1953125,
    -6.140625,
    -6.20703125,
    -6.126953125,
    -5.95703125,
    -6.0322265625,
    -6.1689453125,
    -6.25390625,
    -6.236328125,
    -6.185546875,
    -6.1259765625,
    -6.123046875,
    -6.1982421875,
    -6.1435546875,
    -5.9873046875,
    -6.12109375,
    -6.1484375
  ],
  "convergence_rel": [
    0.9929999132359668,
    0.9307991422755574,
    1.0115001425409118,
    0.9494993740594747,
    0.874998450642264,
    0.875498456839695,
    0.9489993678620438,
    0.8769984754319877,
    0.9012987766271316,
    0.9507993901727951,
    0.8207977788407497,
    0.8030975594516943,
    0.7885973797261969,
    0.9121989117311262,
    0.9280991088094303,
    0.8077976177075451,
    0.8730984270920265,
    0.8213977862776668,
    0.8381979945113465,
    0.7765972309878543,
    0.7168964910145995,
    0.5777947668893109,
    0.5662946243483992,
    0.5185940331134871,
    0.5456943690142443,
    0.5277941471462165,
    0.5704946764068191,
    0.5510944359464984,
    0.4944937343973156,
    0.47569350137391214,
    0.5008938137244316,
    0.44519312333062455,
    0.5164940070842772,
    0.5091939166017854,
    0.455493250997702,
    0.49689376414498415,
    0.43009293616821004,
    0.4641933588330004,
    0.4686934146098789,
    0.4502931865444202,
    0.4760935063318569,
    0.4919937034101609,
    0.48609363028047575,
    0.47899354227695634,
    0.4438931072173041,
    0.43139295228153046,
    0.4482931617546964,
    0.439093047721967,
    0.46489336750940374,
    0.4831935943353763,
    0.5056938732197688,
    0.41749277999295026,
    0.3865923969917179,
    0.3557920152299717,
    0.4368930204532709,
    0.3767922755220714,
    0.3830923536097013,
    0.3785922978328228,
    0.43339297707125424,
    0.37469224949286145,
    0.38619239203377315,
    0.3737922383374857,
    0.3946924973900992,
    0.3706921999134139,
    0.40039256804081197,
    0.365992141657563,
    0.4377930316086466,
    0.3912924552475688,
    0.4303929398866686,
    0.3914924577265412,
    0.3829923523702151,
    0.4195928060221602,
    0.3975925333351987,
    0.42249284196725967,
    0.36929218256060725,
    0.36219209455708784,
    0.3821923424543256,
    0.37969231146717086,
    0.3679921664472868,
    0.37429224453491666,
    0.36459212430475635,
    0.37279222594262384,
    0.3838923635255908,
    0.36889217760266246,
    0.36719215653139725,
    0.3732922321400548,
    0.3750922544508062,
    0.360692075964795,
    0.3832923560886737,
    0.37629226932464044,
    0.36199209207811545,
    0.3739922408164581,
    0.3740922420559443,
    0.3633921094309221,
    0.36179208959914305,
    0.3756922618877233,
    0.3605920747253088,
    0.360692075964795,
    0.35669202638534747,
    0.37189221478724815,
    0.3635921119098945,
    0.3806923238620328,
    0.37709227924052996,
    0.36889217760266246,
    0.38179233749638086,
    0.3760922668456681,
    0.37709227924052996,
    0.369192181321121,
    0.36089207844376736,
    0.37299222842159624,
    0.37179221354776193,
    0.3827923498912427,
    0.36549213546013204,
    0.3559920177089441,
    0.3722922197451929,
    0.3862923932732593,
    0.3722922197451929,
    0.37839229535385044,
    0.3739922408164581,
    0.3635921119098945,
    0.37839229535385044,
    0.36559213669961826,
    0.3613920846411983,
    0.3518919668900104,
    0.35199196812949657,
    0.3660921428970492,
    0.38519237963891123,
    0.3832923560886737,
    0.3858923883153146,
    0.3804923213830604,
    0.3611920821622259,
    0.3873924069076074,
    0.376592273043099,
    0.37349223461902714,
    0.3702921949554691,
    0.36669215033396635,
    0.35589201646945795,
    0.3854923833573698,
    0.3698921899975244,
    0.37709227924052996,
    0.37639227056412666,
    0.3651921317416735,
    0.3640921181073254,
    0.362292095796574,
    0.38169233625689464,
    0.3879924143445245,
    0.37499225321132,
    0.3820923412148394,
    0.3652921329811597,
    0.3840923660045632,
    0.3773922829589885,
    0.3754922594087509,
    0.3760922668456681,
    0.37079220115290007,
    0.3588920536540436,
    0.3648921280232149,
    0.3676921627288282,
    0.3806923238620328,
    0.36029207100685023,
    0.37649227180361283,
    0.3594920610909607,
    0.37189221478724815,
    0.3525919755664137,
    0.3827923498912427,
    0.3641921193468116,
    0.37099220363187246,
    0.37499225321132,
    0.3625920995150326,
    0.3616920883596569,
    0.3579920424986679,
    0.37899230279076757,
    0.3721922185057067,
    0.3721922185057067,
    0.3732922321400548,
    0.3633921094309221,
    0.376592273043099,
    0.36559213669961826,
    0.3711922061108448,
    0.364392121825784,
    0.37259222346365145,
    0.3899924391342483,
