{
  "N": 10,
  "h": 1.0,
  "L": 2,
  "exact": -12.38148999965476,
  "convergence_raw": [
    -1.021484375,
    -1.279296875,
    -1.533203125,
    -2.0625,
    -2.369140625,
    -2.267578125,
    -2.07421875,
    -2.3359375,
    -2.26953125,
    -2.099609375,
    -1.73828125,
    -2.583984375,
    -2.560546875,
    -2.171875,
    -2.677734375,
    -2.857421875,
    -1.859375,
    -3.611328125,
    -3.462890625,
    -3.55859375,
    -3.001953125,
    -3.6328125,
    -3.466796875,
    -3.818359375,
    -4.443359375,
    -3.85546875,
    -4.4609375,
    -4.611328125,
    -4.611328125,
    -4.310546875,
    -4.1875,
    -4.298828125,
    -4.630859375,
    -4.880859375,
    -3.947265625,
    -4.67578125,
    -5.396484375,
    -4.69921875,
    -5.2109375,
    -4.88671875,
    -5.205078125,
    -5.70703125,
    -5.181640625,
    -5.435546875,
    -5.6796875,
    -5.337890625,
    -5.97265625,
    -5.880859375,
    -5.90234375,
    -6.05078125,
    -5.125,
    -5.623046875,
    -6.09765625,
    -5.919921875,
    -6.283203125,
    -6.205078125,
    -6.37109375,
    -6.21484375,
    -6.07421875,
    -6.76953125,
    -6.568359375,
    -6.98046875,
    -6.240234375,
    -6.86328125,
    -6.013671875,
    -7.103515625,
    -5.9296875,
    -6.677734375,
    -7.001953125,
    -7.13671875,
    -6.91796875,
    -7.193359375,
    -7.376953125,
    -7.228515625,
    -7.06640625,
    -6.97265625,
    -6.6796875,
    -7.8046875,
    -7.232421875,
    -7.599609375,
    -7.330078125,
    -7.4765625,
    -7.041015625,
    -7.19140625,
    -7.59765625,
    -7.578125,
    -7.888671875,
    -6.974609375,
    -7.95703125,
    -7.916015625,
    -7.498046875,
    -8.0625,
    -8.533203125,
    -8.064453125,
    -8.08203125,
    -8.25,
    -8.509765625,
    -8.2578125,
    -8.3984375,
    -7.611328125,
    -8.513671875,
    -8.08984375,
    -8.361328125,
    -7.771484375,
    -8.326171875,
    -8.263671875,
    -8.1328125,
    -7.78515625,
    -8.111328125,
    -8.34765625,
    -8.37109375,
    -8.265625,
    -8.388671875,
    -8.53125,
    -8.478515625,
    -8.5390625,
    -8.580078125,
    -8.576171875,
    -8.54296875,
    -8.58203125,
    -8.59765625,
    -8.552734375,
    -8.544921875,
    -8.58203125,
    -8.55078125,
    -8.62109375,
    -8.6171875,
    -8.599609375,
    -8.6484375,
    -8.65625,
    -8.693359375,
    -8.671875,
    -8.6953125,
    -8.71484375,
    -8.73828125,
    -8.720703125,
    -8.701171875,
    -8.75390625,
    -8.759765625,
    -8.736328125,
    -8.765625,
    -8.697265625,
    -8.748046875,
    -8.73046875,
    -8.7578125,
    -8.78515625,
    -8.765625,
    -8.787109375,
    -8.7890625,
    -8.79296875,
    -8.75390625,
    -8.796875,
    -8.806640625,
    -8.767578125,
    -8.7890625,
    -8.810546875,
    -8.8046875,
    -8.810546875,
    -8.8359375,
    -8.84375,
    -8.82421875,
    -8.845703125,
    -8.87890625,
    -8.861328125,
    -8.83203125,
    -8.869140625,
    -8.87109375,
    -8.884765625,
    -8.88671875,
    -8.88671875,
    -8.873046875,
    -8.90625,
    -8.884765625,
    -8.88671875,
    -8.884765625,
    -8.896484375,
    -8.923828125,
    -8.919921875,
    -8.919921875,
    -8.958984375,
    -8.98046875,
    -8.94140625,
    -8.9375,
    -9.013671875,
    -8.974609375,
    -8.982421875,
    -8.9609375,
    -8.994140625,
    -8.939453125,
    -8.998046875,
    -8.994140625,
    -9.009765625,
    -8.998046875,
    -8.98046875,
    -8.94921875,
    -8.98828125,
    -9.009765625,
    -9.00390625,
    -8.9453125,
    -9.001953125,
    -8.96875,
    -8.990234375,
    -8.998046875,
    -9.005859375,
    -9.013671875,
    -9.009765625,
    -9.01171875,
    -9.005859375,
    -9.0078125,
    -9.00390625,
    -8.9921875,
    -8.998046875,
    -9.005859375,
    -8.994140625,
    -9.00390625,
    -8.998046875,
    -9.0078125,
    -8.998046875,
    -9.0,
    -9.013671875,
    -9.015625,
    -9.029296875,
    -9.033203125,
    -9.025390625,
    -9.03515625,
    -9.0234375,
    -9.01953125,
    -9.021484375,
    -8.99609375,
    -9.013671875,
    -9.015625,
    -9.017578125,
    -9.009765625,
    -9.0078125,
    -9.001953125,
    -9.021484375,
    -9.00390625,
    -9.0078125,
    -9.0078125,
    -9.00390625,
    -9.0,
    -9.0078125,
    -9.017578125,
    -9.01171875,
    -9.021484375,
    -9.021484375,
    -9.021484375,
    -9.025390625,
    -9.02734375,
    -9.0234375,
    -9.03125,
    -9.033203125,
    -9.03515625,
    -9.04296875,
    -9.044921875,
    -9.046875,
    -9.0546875,
    -9.056640625,
    -9.05078125,
    -9.05078125,
    -9.046875,
    -9.048828125,
    -9.052734375,
    -9.044921875,
    -9.037109375,
    -9.04296875,
    -9.037109375,
    -9.033203125,
    -9.03125,
    -9.03515625,
    -9.02734375,
    -9.033203125,
    -9.0390625,
    -9.04296875,
    -9.04296875,
    -9.041015625,
    -9.033203125,
    -9.044921875,
    -9.052734375,
    -9.052734375,
    -9.056640625,
    -9.056640625,
    -9.064453125,
    -9.068359375,
    -9.076171875,
    -9.076171875,
    -9.0859375,
    -9.0859375,
    -9.087890625,
    -9.08203125,
    -9.0859375,
    -9.080078125,
    -9.080078125,
    -9.08203125,
    -9.07421875,
    -9.0859375,
    -9.083984375,
    -9.087890625,
    -9.076171875,
    -9.080078125
  ],