{
  "N": 10,
  "h": 2.0,
  "L": 1,
  "exact": -21.13931911563114,
  "convergence_raw": [
    2.517578125,
    1.279296875,
    0.5546875,
    -0.83203125,
    -1.2578125,
    -2.91796875,
    -3.076171875,
    -4.439453125,
    -2.619140625,
    -4.65234375,
    -4.697265625,
    -6.412109375,
    -7.529296875,
    -6.94921875,
    -8.365234375,
    -7.173828125,
    -9.0234375,
    -8.861328125,
    -7.802734375,
    -9.876953125,
    -9.42578125,
    -9.66015625,
    -9.986328125,
    -9.72265625,
    -10.58984375,
    -10.134765625,
    -9.99609375,
    -9.986328125,
    -10.43359375,
    -8.537109375,
    -10.828125,
    -10.30078125,
    -10.060546875,
    -10.779296875,
    -10.716796875,
    -10.662109375,
    -10.712890625,
    -10.779296875,
    -10.76171875,
    -10.4765625,
    -10.75390625,
    -10.583984375,
    -10.740234375,
    -10.390625,
    -10.54296875,
    -10.509765625,
    -10.62109375,
    -10.396484375,
    -10.62109375,
    -10.34375,
    -10.205078125,
    -10.640625,
    -10.490234375,
    -10.6875,
    -10.439453125,
    -10.595703125,
    -10.66015625,
    -10.66015625,
    -10.541015625,
    -10.32421875,
    -10.4921875,
    -10.36328125,
    -10.873046875,
    -10.40625,
    -10.326171875,
    -10.634765625,
    -10.66015625,
    -10.5234375,
    -10.556640625,
    -10.572265625,
    -10.224609375,
    -10.47265625,
    -10.55078125,
    -10.73828125,
    -10.453125,
    -10.861328125,
    -10.43359375,
    -10.58203125,
    -10.828125,
    -10.76953125,
    -10.751953125,
    -10.51953125,
    -10.29296875,
    -10.587890625,
    -10.548828125,
    -10.626953125,
    -10.451171875,
    -10.716796875,
    -10.751953125,
    -10.77734375,
    -10.646484375,
    -10.724609375,
    -10.439453125,
    -10.748046875,
    -10.572265625
  ],
  "convergence_rel": [
    1.1190945702285375,
    1.0605174115591094,
    1.026239610508072,
    0.9606405842378921,
    0.9404989113831046,
    0.8619648658483823,
    0.854481033273897,
    0.7899907229406781,
    0.8761009940446324,
    0.7799198865132843,
    0.7777948476341094,
    0.6966737982464787,
    0.643825005251348,
    0.6712657246911274,
    0.6042808034997467,
    0.6606405302952533,
    0.573144364270098,
    0.5808129828340768,
    0.6308899859868055,
    0.5327686255657761,
    0.5541114073522712,
    0.5430242479826634,
    0.5275946178599591,
    0.5400676721507679,
    0.4990451824832189,
    0.5205727502592075,
    0.5271326528862255,
    0.5275946178599591,
    0.5064366220629575,
    0.5961502199620342,
    0.4877732371241176,
    0.5127193457057352,
    0.5240836840595833,
    0.4900830619927859,
    0.4930396378246813,
    0.4956266416775898,
    0.49322442381417475,
    0.4900830619927859,
    0.4909145989455065,
    0.5044039761785294,
    0.4912841709244934,
    0.49932236146745906,
    0.49193092188772053,
    0.5084692679473856,
    0.5012626143571405,
    0.5028332952678349,
    0.49756689456727116,
    0.5081920889631454,
    0.49756689456727116,
    0.5106866998213071,
    0.5172466024483251,
    0.49664296461980384,
    0.5037572252153022,
    0.4944255327458823,
    0.5061594430787173,
    0.4987680034989787,
    0.4957190346723365,
    0.4957190346723365,
    0.5013550073518872,
    0.5116106297687745,
    0.5036648322205555,
    0.5097627698738398,
    0.4856481982449427,
    0.5077301239894116,
    0.5115182367740277,
    0.496920143604044,
    0.4957190346723365,
    0.5021865443046077,
    0.5006158633939133,
    0.4998767194359395,
    0.5163226725008577,
    0.5045887621680228,
    0.5008930423781536,
    0.49202331488246726,
    0.5055126921154901,
    0.4862025562134231,
    0.5064366220629575,
    0.4994147544622058,
    0.4877732371241176,
    0.4905450269665195,
    0.4913765639192401,
    0.5023713302941012,
    0.5130889176847222,
    0.4991375754779656,
    0.5009854353729003,
    0.497289715583031,
    0.5056050851102368,
    0.4930396378246813,
    0.4913765639192401,
    0.4901754549875326,
    0.49636578563556366,
    0.4926700658456944,
    0.5061594430787173,
    0.49156134990873357,
    0.4998767194359395
  ],
  "elapsed_s": 1418.9371857000515,
  "raw": {
    "mean": -10.58798828125,
    "sem": 0.019566625136461867,
    "rel_err": 0.49913295582822825,
    "parity_discard": 0.0,
    "cost": {
      "n_circuits_per_eval": 20,
      "overhead_circuits": 1.0,
      "overhead_amortised": 1.0,
      "shot_multiplier": 1.0,
      "measured_discard": 0.0,
      "overhead_effective": 1.0
    }
  },
  "readout": {
    "mean": -11.90322301691116,
    "sem": 0.021554199255947114,
    "rel_err": 0.4369154961046258,
    "parity_discard": 0.0,
    "cost": {
      "n_circuits_per_eval": 20,
      "overhead_circuits": 1.0,
      "overhead_amortised": 1.0625,
      "shot_multiplier": 1.0,
      "measured_discard": 0.0,
      "overhead_effective": 1.0625
    }
  },
  "parity": {
    "mean": -10.576372267509747,
    "sem": 0.0254644025692957,
    "rel_err": 0.49968245383602666,
    "parity_discard": 0.499493408203125,
    "cost": {
      "n_circuits_per_eval": 20,
      "overhead_circuits": 1.0,
      "overhead_amortised": 1.0,
      "shot_multiplier": 1.997975683816446,
      "measured_discard": 0.499493408203125,
      "overhead_effective": 1.997975683816446
    }
  },
  "zne": {
    "mean": -10.58798828125,
    "sem": 0.04469914037608384,
    "rel_err": 0.49913295582822825,
    "parity_discard": 0.0,
    "cost": {
      "n_circuits_per_eval": 60,
      "overhead_circuits": 3.0,
      "overhead_amortised": 3.0,
      "shot_multiplier": 1.0,
      "measured_discard": 0.0,
      "overhead_effective": 3.0
    }
  },
  "ro+parity": {
    "mean": -11.88627480329976,
    "sem": 0.04316278212335625,
    "rel_err": 0.43771723496474213,
    "parity_discard": 0.498692830529052,
    "cost": {
      "n_circuits_per_eval": 20,
      "overhead_circuits": 1.0,
      "overhead_amortised": 1.0625,
      "shot_multiplier": 1.9947849560087978,
      "measured_discard": 0.498692830529052,
      "overhead_effective": 2.1194590157593476
    }
  },
  "ro+zne": {
    "mean": -11.903223016911156,
    "sem": 0.04923967069008195,
    "rel_err": 0.43691549610462604,
    "parity_discard": 0.0,
    "cost": {
      "n_circuits_per_eval": 60,
      "overhead_circuits": 3.0,
      "overhead_amortised": 3.0625,
      "shot_multiplier": 1.0,
      "measured_discard": 0.0,
      "overhead_effective": 3.0625
    }
  },
  "parity+zne": {
    "mean": -10.57637226750975,
    "sem": 0.05817236733978133,
    "rel_err": 0.49968245383602644,
    "parity_discard": 0.499493408203125,
    "cost": {
      "n_circuits_per_eval": 60,
      "overhead_circuits": 3.0,
      "overhead_amortised": 3.0,
      "shot_multiplier": 1.997975683816446,
      "measured_discard": 0.499493408203125,
      "overhead_effective": 5.993927051449338
    }
  },
  "ro+parity+zne": {
    "mean": -11.886274803299758,
    "sem": 0.09860357847603228,
    "rel_err": 0.4377172349647422,
    "parity_discard": 0.49869283052905206,
    "cost": {
      "n_circuits_per_eval": 60,
      "overhead_circuits": 3.0,
      "overhead_amortised": 3.0625,
      "shot_multiplier": 1.9947849560087982,
      "measured_discard": 0.49869283052905206,
      "overhead_effective": 6.1090289277769445
    }
  }
}