{
  "N": 10,
  "h": 2.0,
  "L": 3,
  "exact": -21.13931911563114,
  "convergence_raw": [
    2.634765625,
    4.01953125,
    4.546875,
    1.669921875,
    2.017578125,
    1.025390625,
    0.134765625,
    0.263671875,
    -0.3046875,
    0.814453125,
    -0.45703125,
    0.259765625,
    0.13671875,
    0.783203125,
    -1.03125,
    -0.08984375,
    -0.2109375,
    0.181640625,
    -0.212890625,
    -0.439453125,
    -2.537109375,
    -1.052734375,
    -1.681640625,
    -3.13671875,
    -2.2421875,
    -2.9296875,
    -1.650390625,
    -3.07421875,
    -3.8828125,
    -3.814453125,
    -3.7109375,
    -6.197265625,
    -7.005859375,
    -7.291015625,
    -7.244140625,
    -7.37109375,
    -6.62109375,
    -7.646484375,
    -8.05859375,
    -7.18359375,
    -7.96875,
    -7.173828125,
    -8.30859375,
    -7.564453125,
    -8.39453125,
    -6.759765625,
    -8.06640625,
    -8.55859375,
    -8.7265625,
    -9.884765625,
    -8.078125,
    -10.318359375,
    -9.427734375,
    -9.62890625,
    -11.42578125,
    -11.005859375,
    -11.30078125,
    -10.84765625,
    -11.50390625,
    -11.291015625,
    -11.81640625,
    -10.912109375,
    -11.37109375,
    -13.337890625,
    -12.91796875,
    -12.787109375,
    -12.67578125,
    -12.044921875,
    -12.04296875,
    -12.974609375,
    -12.498046875,
    -13.234375,
    -12.56640625,
    -12.5703125,
    -12.85546875,
    -13.19140625,
    -12.931640625,
    -12.46875,
    -13.94921875,
    -12.974609375,
    -13.53125,
    -14.126953125,
    -14.84375,
    -13.24609375,
    -14.390625,
    -14.2734375,
    -14.88671875,
    -14.623046875,
    -14.62109375,
    -13.630859375,
    -14.705078125,
    -14.23828125,
    -14.6640625,
    -14.408203125,
    -13.75,
    -15.25390625,
    -14.6484375,
    -15.345703125,
    -14.201171875,
    -14.486328125,
    -14.7109375,
    -15.31640625,
    -13.98046875,
    -15.306640625,
    -14.279296875,
    -15.15625,
    -14.16015625,
    -15.01953125,
    -14.6015625,
    -14.86328125,
    -14.328125,
    -15.279296875,
    -14.671875,
    -15.06640625,
    -14.8671875,
    -14.611328125,
    -14.009765625,
    -15.216796875,
    -15.166015625,
    -14.857421875,
    -15.4140625,
    -15.376953125,
    -15.3984375,
    -15.423828125,
    -15.4296875,
    -15.416015625,
    -15.361328125,
    -15.42578125,
    -15.388671875,
    -15.466796875,
    -15.5546875,
    -15.5,
    -15.505859375,
    -15.583984375,
    -15.5625,
    -15.552734375,
    -15.611328125,
    -15.611328125,
    -15.63671875,
    -15.611328125,
    -15.642578125,
    -15.671875,
    -15.689453125,
    -15.630859375,
    -15.650390625,
    -15.6796875,
    -15.646484375,
    -15.751953125,
    -15.671875,
    -15.779296875,
    -15.73828125,
    -15.7421875,
    -15.662109375,
    -15.724609375,
    -15.654296875,
    -15.71875,
    -15.693359375,
    -15.734375,
    -15.85546875,
    -15.84375,
    -15.78515625,
    -15.8359375,
    -15.822265625,
    -15.873046875,
    -15.84375,
    -15.83984375,
    -15.845703125,
    -15.861328125,
    -15.796875,
    -15.892578125,
    -15.86328125,
    -15.8984375,
    -15.853515625,
    -15.896484375,
    -15.853515625,
    -15.892578125,
    -15.810546875,
    -15.8828125,
    -15.900390625,
    -15.94140625,
    -15.916015625,
    -15.90625,
    -15.966796875,
    -15.93359375,
    -15.89453125,
    -16.015625,
    -16.0078125,
    -16.046875,
    -16.048828125,
    -16.0234375,
    -16.017578125,
    -16.009765625,
    -16.03515625,
    -15.9921875,
    -16.033203125,
    -16.060546875,
    -16.1015625,
    -16.1328125,
    -16.23046875,
    -16.193359375,
    -16.212890625,
    -16.296875,
    -16.3125,
    -16.2265625,
    -16.240234375,
    -16.34765625,
    -16.4375,
    -16.404296875,
    -16.400390625,
    -16.46875,
    -16.4453125,
    -16.4609375,
    -16.44140625,
    -16.46875,
    -16.537109375,
    -16.53515625,
    -16.48828125,
    -16.48828125,
    -16.517578125,
    -16.564453125,
    -16.638671875,
    -16.61328125,
    -16.634765625,
    -16.48046875,
    -16.642578125,
    -16.640625,
    -16.626953125,
    -16.595703125,
    -16.642578125,
    -16.515625,
    -16.638671875,
    -16.630859375,
    -16.62109375,
    -16.6484375,
    -16.609375,
    -16.61328125,
    -16.703125,
    -16.640625,
    -16.697265625,
    -16.677734375,
    -16.6796875,
    -16.63671875,
    -16.732421875,
    -16.734375,
    -16.689453125,
    -16.740234375,
    -16.7734375,
    -16.73828125,
    -16.751953125,
    -16.755859375,
    -16.736328125,
    -16.73828125,
    -16.76171875,
    -16.765625,
    -16.75390625,
    -16.755859375,
    -16.76953125,
    -16.81640625,
    -16.775390625,
    -16.80078125,
    -16.78515625,
    -16.7734375,
    -16.79296875,
    -16.75390625,
    -16.765625,
    -16.79296875,
    -16.73828125,
    -16.775390625,
    -16.779296875,
    -16.80859375,
    -16.826171875,
    -16.82421875,
    -16.828125,
    -16.876953125,
    -16.8125,
    -16.810546875,
    -16.806640625,
    -16.822265625,
    -16.8515625,
    -16.818359375,
    -16.712890625,
    -16.83203125,
    -16.830078125,
    -16.81640625,
    -16.845703125,
    -16.84765625,
    -16.8125,
    -16.818359375,
    -16.80078125,
    -16.83203125,
    -16.916015625,
    -16.85546875,
    -16.87890625,
    -16.8359375,
    -16.853515625,
    -16.849609375,
    -16.833984375,
    -16.841796875,
    -16.853515625,
    -16.830078125
  ],