{
  "N": 10,
  "h": 2.0,
  "L": 2,
  "exact": -21.13931911563114,
  "convergence_raw": [
    0.896484375,
    1.78125,
    0.34765625,
    1.203125,
    1.240234375,
    0.64453125,
    -0.03125,
    0.375,
    0.337890625,
    -0.37890625,
    -0.171875,
    0.787109375,
    -1.189453125,
    -0.890625,
    -2.73046875,
    -3.654296875,
    -1.619140625,
    -4.453125,
    -3.87890625,
    -1.408203125,
    -4.123046875,
    -7.96484375,
    -6.056640625,
    -8.82421875,
    -9.91796875,
    -7.814453125,
    -9.681640625,
    -7.91015625,
    -9.67578125,
    -9.529296875,
    -10.615234375,
    -11.052734375,
    -11.576171875,
    -12.029296875,
    -10.95703125,
    -11.44140625,
    -11.98046875,
    -11.947265625,
    -11.92578125,
    -11.90234375,
    -10.35546875,
    -11.8671875,
    -11.00390625,
    -12.689453125,
    -11.982421875,
    -11.90234375,
    -13.24609375,
    -12.708984375,
    -12.09765625,
    -13.44921875,
    -13.337890625,
    -13.126953125,
    -13.8515625,
    -11.255859375,
    -12.8984375,
    -13.80078125,
    -13.7421875,
    -13.1640625,
    -13.9765625,
    -13.216796875,
    -13.580078125,
    -13.49609375,
    -13.466796875,
    -14.01171875,
    -12.548828125,
    -13.455078125,
    -13.76953125,
    -14.271484375,
    -13.08984375,
    -13.830078125,
    -13.921875,
    -13.7421875,
    -12.595703125,
    -13.76953125,
    -13.75,
    -13.380859375,
    -14.158203125,
    -13.953125,
    -14.1796875,
    -14.525390625,
    -14.5625,
    -14.728515625,
    -14.771484375,
    -14.8203125,
    -14.765625,
    -14.8203125,
    -14.884765625,
    -14.841796875,
    -14.91015625,
    -14.9453125,
    -14.9140625,
    -14.9140625,
    -14.953125,
    -15.05859375,
    -15.099609375,
    -15.16015625,
    -15.177734375,
    -15.203125,
    -15.177734375,
    -15.1171875,
    -15.267578125,
    -15.203125,
    -15.224609375,
    -15.30078125,
    -15.345703125,
    -15.505859375,
    -15.490234375,
    -15.4375,
    -15.537109375,
    -15.5078125,
    -15.4765625,
    -15.576171875,
    -15.6171875,
    -15.609375,
    -15.564453125,
    -15.638671875,
    -15.6171875,
    -15.5625,
    -15.736328125,
    -15.65625,
    -15.763671875,
    -15.759765625,
    -15.65625,
    -15.8125,
    -15.80078125,
    -15.736328125,
    -15.822265625,
    -15.908203125,
    -15.873046875,
    -15.890625,
    -15.875,
    -15.880859375,
    -15.865234375,
    -15.869140625,
    -15.96875,
    -15.923828125,
    -15.876953125,
    -15.91796875,
    -15.958984375,
    -16.056640625,
    -16.080078125,
    -16.02734375,
    -16.03125,
    -16.06640625,
    -16.07421875,
    -16.02734375,
    -16.02734375,
    -15.9921875,
    -16.0390625,
    -16.017578125,
    -15.998046875,
    -15.9921875,
    -15.99609375,
    -15.9921875,
    -15.966796875,
    -16.0234375,
    -16.044921875,
    -16.037109375,
    -16.01953125,
    -16.01953125,
    -16.03515625,
    -16.056640625,
    -16.0390625,
    -16.03515625,
    -16.02734375,
    -16.009765625,
    -16.029296875,
    -16.041015625,
    -16.0390625,
    -16.05078125,
    -16.044921875,
    -16.017578125,
    -16.01953125,
    -16.017578125,
    -16.03515625,
    -16.048828125,
    -16.048828125,
    -16.04296875,
    -16.05859375,
    -16.056640625,
    -16.052734375,
    -16.068359375,
    -16.05859375,
    -16.04296875,
    -16.04296875,
    -16.07421875,
    -16.064453125,
    -16.0625,
    -16.068359375,
    -16.064453125,
    -16.072265625,
    -16.072265625,
    -16.05859375,
    -16.052734375,
    -16.04296875,
    -16.03515625,
    -16.0390625,
    -16.0390625,
    -16.025390625,
    -16.017578125,
    -16.021484375,
    -16.017578125,
    -16.01171875,
    -16.015625,
    -16.0,
    -16.013671875,
    -16.025390625,
    -16.02734375,
    -16.0234375,
    -16.041015625,
    -16.033203125,
    -16.03515625,
    -16.03125,
    -16.021484375,
    -16.01953125,
    -16.0234375,
    -16.015625,
    -15.98828125,
    -15.994140625,
    -15.99609375,
    -15.9921875,
    -15.994140625,
    -15.99609375,
    -15.984375,
    -15.984375,
    -15.978515625,
    -15.978515625,
    -15.9765625,
    -15.962890625,
    -15.962890625,
    -15.970703125,
    -15.96875,
    -15.986328125,
    -15.9765625,
    -15.986328125,
    -15.984375,
    -15.98828125,
    -15.984375,
    -15.984375,
    -15.990234375,
    -15.984375,
    -15.984375,
    -15.986328125,
    -15.978515625,
    -15.986328125,
    -15.978515625,
    -15.97265625,
    -15.95703125,
    -15.95703125,
    -15.970703125,
    -15.970703125,
    -15.974609375
  ],