{
  "N": 10,
  "h": 1.0,
  "L": 2,
  "exact": -12.38148999965476,
  "convergence_raw": [
    -1.36328125,
    -1.6328125,
    -2.52734375,
    -2.9921875,
    -2.736328125,
    -2.87109375,
    -3.572265625,
    -3.18359375,
    -2.662109375,
    -3.01171875,
    -3.31640625,
    -4.45703125,
    -3.40625,
    -3.71484375,
    -3.71484375,
    -3.74609375,
    -4.03515625,
    -4.552734375,
    -3.47265625,
    -5.283203125,
    -4.77734375,
    -6.16796875,
    -5.09375,
    -6.103515625,
    -5.798828125,
    -5.970703125,
    -5.505859375,
    -5.953125,
    -6.046875,
    -6.09765625,
    -6.703125,
    -7.080078125,
    -6.3671875,
    -6.296875,
    -6.46484375,
    -6.806640625,
    -6.630859375,
    -7.310546875,
    -6.30859375,
    -6.720703125,
    -7.404296875,
    -6.943359375,
    -7.0546875,
    -7.056640625,
    -7.001953125,
    -7.03125,
    -6.982421875,
    -7.240234375,
    -7.140625,
    -6.90625,
    -7.451171875,
    -7.11328125,
    -7.443359375,
    -6.416015625,
    -7.26953125,
    -6.939453125,
    -7.123046875,
    -6.939453125,
    -6.7265625,
    -7.287109375,
    -7.09765625,
    -7.4921875,
    -7.177734375,
    -7.259765625,
    -7.3984375,
    -7.255859375,
    -7.234375,
    -7.447265625,
    -7.234375,
    -7.482421875,
    -7.2734375,
    -7.396484375,
    -7.388671875,
    -7.27734375,
    -7.416015625,
    -7.21484375,
    -7.32421875,
    -7.34375,
    -7.4296875,
    -7.408203125,
    -7.359375,
    -7.490234375,
    -7.474609375,
    -7.28515625,
    -7.3828125,
    -7.265625,
    -7.388671875,
    -7.44140625,
    -7.3828125,
    -7.330078125,
    -7.0703125,
    -7.384765625,
    -7.435546875,
    -7.341796875,
    -7.392578125,
    -7.1328125,
    -7.28515625,
    -7.3515625,
    -7.330078125,
    -7.33984375,
    -7.3359375,
    -7.115234375,
    -7.298828125,
    -7.259765625,
    -7.3515625,
    -7.2265625,
    -7.2421875,
    -7.126953125,
    -7.330078125,
    -7.4296875,
    -7.275390625,
    -7.353515625,
    -7.400390625,
    -7.26171875,
    -7.197265625,
    -7.255859375,
    -7.45703125,
    -7.341796875,
    -7.30859375,
    -7.310546875,
    -7.28515625,
    -7.23828125,
    -7.40625,
    -7.30859375,
    -7.44921875,
    -7.333984375,
    -7.484375,
    -7.421875,
    -7.455078125,
    -7.552734375,
    -7.541015625,
    -7.27734375,
    -7.31640625,
    -7.537109375,
    -7.1015625,
    -7.255859375,
    -7.3671875,
    -7.244140625,
    -7.19140625,
    -7.220703125,
    -7.509765625,
    -7.330078125,
    -7.435546875,
    -7.12109375,
    -7.478515625,
    -7.33203125,
    -7.490234375,
    -7.263671875,
    -7.328125,
    -7.447265625,
    -7.21875,
    -7.095703125,
    -7.408203125,
    -7.4453125,
    -7.392578125,
    -7.390625,
    -7.53515625,
    -7.34765625,
    -7.361328125,
    -7.16796875,
    -7.2421875,
    -7.45703125,
    -7.4921875,
    -7.16015625,
    -7.189453125,
    -7.39453125,
    -7.404296875,
    -7.431640625,
    -7.541015625,
    -7.029296875,
    -7.384765625,
    -7.1875,
    -7.318359375,
    -7.162109375,
    -7.36328125,
    -7.45703125,
    -7.298828125,
    -7.23046875,
    -7.2578125,
    -7.140625
  ],
  "convergence_rel": [
    0.8898936032708492,
    0.8681247168115042,
    0.7958772530551274,
    0.7583338111904598,
    0.7789984787714322,
    0.7681140355417598,
    0.7114833816366521,
    0.7428747468932438,
    0.7849928098254548,
    0.7567563556499276,
    0.7321480492176246,
    0.6400246456505414,
    0.7248917537311762,
    0.6999679561907668,
    0.6999679561907668,
    0.6974440273259152,
    0.6740976853260379,
    0.6322951135019333,
    0.7195284048933666,
    0.5732982762860274,
    0.6141543747858126,
    0.5018395402999166,
    0.5885995950291901,
    0.507045143583673,
    0.5316534500159761,
    0.5177718412592923,
    0.5553152831239597,
    0.5191915512457713,
    0.5116197646512165,
    0.5075183802458327,
    0.4586172584893331,
    0.4281723665570607,
    0.4857494937864877,
    0.4914283337324038,
    0.47786221608382645,
    0.45025674412451216,
    0.4644538439893024,
    0.40955839117878023,
    0.49048186040808445,
    0.45719754850285405,
    0.4019866045842254,
    0.43921455534078646,
    0.43022305875975264,
    0.4300653132056994,
    0.4344821887191897,
    0.43211600540839135,
    0.43605964425972193,
    0.4152372311246963,
    0.42328225438141076,
    0.4422117208677977,
    0.39820071128694806,
    0.4254906921381559,
    0.39883169350316094,
    0.4818058549351571,
    0.41287104781389794,
    0.4395300464488929,
    0.42470196436788976,
    0.4395300464488929,
    0.4567243118406944,
    0.4114513378274189,
    0.4267526565705817,
    0.3948880546518303,
    0.42028508885439947,
    0.41365977558416406,
    0.4024598412463851,
    0.4139752666922705,
    0.415710467786856,
    0.3985162023950545,
    0.415710467786856,
    0.3956767824220965,
    0.41255555670579147,
    0.40261758680043835,
    0.40324856901665124,
    0.41224006559768506,
    0.40104013125990606,
    0.41728792332738823,
    0.40845417230040765,
    0.4068767167598754,
    0.39993591238153353,
    0.401671113476119,
    0.4056147523274496,
    0.39504580020588353,
    0.39630776463830936,
    0.4116090833814721,
    0.4037218056788109,
    0.41318653892200435,
    0.40324856901665124,
    0.3989894390572142,
    0.4037218056788109,
    0.40798093563824794,
    0.4289610943273268,
    0.4035640601247577,
    0.3994626757193738,
    0.40703446231392865,
    0.40293307790854477,
    0.42391323659762364,
    0.4116090833814721,
    0.4062457345436625,
    0.40798093563824794,
    0.4071922078679818,
    0.4075076989760883,
    0.4253329465841027,
    0.4105048645030996,
    0.41365977558416406,
    0.4062457345436625,
    0.4163414500030689,
    0.41507948557064306,
    0.42438647325978335,
    0.40798093563824794,
    0.39993591238153353,
    0.41239781115173824,
    0.4060879889896093,
    0.4023020956923319,
    0.4135020300301108,
    0.41870763331386723,
    0.4139752666922705,
    0.39772747462478836,
    0.40703446231392865,
    0.4097161367328334,
    0.40955839117878023,
    0.4116090833814721,
    0.41539497667874953,
    0.4018288590301722,
    0.4097161367328334,
    0.39835845684100124,
    0.40766544453014153,
    0.39551903686804324,
    0.4005668945977464,
    0.3978852201788416,
    0.38999794247618036,
    0.3909444158004997,
    0.41224006559768506,
    0.40908515451662053,
    0.3912599069086062,
    0.42643716546247523,
    0.4139752666922705,
    0.4049837701112367,
    0.4149217400165899,
    0.41918086997602694,
    0.41681468666522853,
    0.3934683446653513,
    0.40798093563824794,
    0.3994626757193738,
    0.424859709921943,
    0.3959922735302029,
    0.40782319008419476,
    0.39504580020588353,
    0.4133442844760576,
    0.4081386811923012,
    0.3985162023950545,
    0.41697243221928176,
    0.42691040212463494,
    0.401671113476119,
    0.3986739479491077,
    0.40293307790854477,
    0.403090823462598,
    0.39141765246265936,
    0.40656122565176894,
    0.40545700677339636,
    0.4210738166246656,
    0.41507948557064306,
    0.39772747462478836,
    0.3948880546518303,
    0.4217047988408785,
    0.4193386155300801,
    0.40277533235449153,
    0.4019866045842254,
    0.3997781668274803,
    0.3909444158004997,
    0.4322737509624446,
    0.4035640601247577,
    0.41949636108413335,
    0.4089274089625673,
    0.4215470532868253,
    0.4052992612193432,
    0.39772747462478836,
    0.4105048645030996,
    0.4160259588949624,
    0.4138175211382173,
    0.42328225438141076
  ],
  "elapsed_s": 2075.0350545002148,
  "raw": {
    "mean": -7.3221435546875,
    "sem": 0.012916515821170859,
    "rel_err": 0.4086217769515892,
    "parity_discard": 0.0,
    "cost": {
      "n_circuits_per_eval": 20,
      "overhead_circuits": 1.0,
      "overhead_amortised": 1.0,
      "shot_multiplier": 1.0,
      "measured_discard": 0.0,
      "overhead_effective": 1.0
    }
  },