{
  "N": 10,
  "h": 0.5,
  "L": 2,
  "exact": -9.765503957927175,
  "convergence_raw": [
    0.2158203125,
    -0.056640625,
    -0.5322265625,
    -0.353515625,
    -1.0634765625,
    -0.9091796875,
    -0.572265625,
    -1.0283203125,
    -1.4912109375,
    -1.71484375,
    -1.8984375,
    -2.248046875,
    -1.8056640625,
    -2.2138671875,
    -2.8935546875,
    -3.53125,
    -3.806640625,
    -3.537109375,
    -4.177734375,
    -4.6015625,
    -4.240234375,
    -5.0478515625,
    -4.5751953125,
    -5.26171875,
    -5.318359375,
    -4.8212890625,
    -5.1533203125,
    -4.599609375,
    -5.3798828125,
    -5.228515625,
    -5.439453125,
    -5.560546875,
    -5.16015625,
    -5.5166015625,
    -5.1357421875,
    -5.2041015625,
    -5.5595703125,
    -5.4716796875,
    -5.5771484375,
    -5.259765625,
    -5.521484375,
    -5.23828125,
    -5.6796875,
    -5.4951171875,
    -5.666015625,
    -5.30859375,
    -5.697265625,
    -5.765625,
    -5.4111328125,
    -5.759765625,
    -5.5263671875,
    -5.5625,
    -4.9775390625,
    -5.3701171875,
    -5.732421875,
    -5.7998046875,
    -5.74609375,
    -5.478515625,
    -4.861328125,
    -5.826171875,
    -5.8251953125,
    -5.8291015625,
    -5.7998046875,
    -5.8544921875,
    -5.8583984375,
    -5.8701171875,
    -5.904296875,
    -5.8681640625,
    -5.9072265625,
    -5.9287109375,
    -5.8623046875,
    -5.92578125,
    -5.9482421875,
    -5.9482421875,
    -5.9375,
    -5.9248046875,
    -5.9248046875,
    -5.953125,
    -6.0078125,
    -6.03125,
    -6.0380859375,
    -6.021484375,
    -6.0166015625,
    -5.9970703125,
    -6.0048828125,
    -6.0693359375,
    -6.0908203125,
    -6.0859375,
    -6.0673828125,
    -6.1005859375,
    -6.099609375,
    -6.0859375,
    -6.1484375,
    -6.1826171875,
    -6.2158203125,
    -6.25390625,
    -6.3095703125,
    -6.3359375,
    -6.3515625,
    -6.3583984375,
    -6.3876953125,
    -6.3681640625,
    -6.361328125,
    -6.3447265625,
    -6.38671875,
    -6.3818359375,
    -6.3671875,
    -6.4375,
    -6.4345703125,
    -6.4287109375,
    -6.435546875,
    -6.42578125,
    -6.4453125,
    -6.4658203125,
    -6.419921875,
    -6.44921875,
    -6.44921875,
    -6.46875,
    -6.4501953125,
    -6.4658203125,
    -6.5009765625,
    -6.494140625,
    -6.5029296875,
    -6.515625,
    -6.5205078125,
    -6.5205078125,
    -6.4970703125,
    -6.51171875,
    -6.5048828125,
    -6.50390625,
    -6.5087890625,
    -6.51953125,
    -6.509765625,
    -6.5224609375,
    -6.55859375,
    -6.5810546875,
    -6.5927734375,
    -6.6142578125,
    -6.6142578125,
    -6.615234375,
    -6.6572265625,
    -6.6630859375,
    -6.6376953125,
    -6.6337890625,
    -6.7001953125,
    -6.6982421875,
    -6.693359375,
    -6.654296875,
    -6.6845703125,
    -6.6875,
    -6.673828125,
    -6.6611328125,
    -6.673828125,
    -6.67578125,
    -6.6796875,
    -6.7119140625,
    -6.724609375,
    -6.7578125,
    -6.8046875,
    -6.849609375,
    -6.8896484375,
    -6.9140625,
    -6.908203125,
    -6.91796875,
    -6.91796875,
    -6.90625,
    -6.916015625,
    -6.9306640625,
    -6.9326171875,
    -6.91015625,
    -6.9375,
    -6.9453125,
    -6.935546875,
    -6.943359375,
    -6.953125,
    -6.9072265625,
    -6.9658203125,
    -6.970703125,
    -6.96484375,
    -6.962890625,
    -7.017578125,
    -7.013671875,
    -7.021484375,
    -7.0283203125,
    -7.0634765625,
    -7.0791015625,
    -7.0810546875,
    -7.087890625,
    -7.0986328125,
    -7.0830078125,
    -7.107421875,
    -7.09375,
    -7.134765625,
    -7.140625,
    -7.126953125,
    -7.115234375,
    -7.13671875,
    -7.125,
    -7.1328125,
    -7.1416015625,
    -7.123046875,
    -7.1337890625,
    -7.15234375,
    -7.14453125,
    -7.1259765625,
    -7.1337890625,
    -7.14453125,
    -7.1484375,
    -7.146484375,
    -7.1435546875,
    -7.154296875,
    -7.1396484375,
    -7.126953125,
    -7.1650390625,
    -7.166015625,
    -7.2080078125,
    -7.1982421875,
    -7.197265625,
    -7.177734375,
    -7.1943359375,
    -7.2080078125,
    -7.2109375,
    -7.185546875,
    -7.212890625,
    -7.162109375,
    -7.1728515625,
    -7.1640625,
    -7.193359375,
    -7.1982421875,
    -7.1943359375,
    -7.189453125,
    -7.201171875,
    -7.2060546875,
    -7.1904296875,
    -7.1875,
    -7.2109375,
    -7.185546875,
    -7.1884765625,
    -7.1865234375,
    -7.193359375,
    -7.1748046875,
    -7.1640625,
    -7.19140625,
    -7.205078125,
    -7.2099609375,
    -7.2158203125,
    -7.2080078125,
    -7.2119140625,
    -7.2060546875,
    -7.205078125,
    -7.201171875,
    -7.1953125,
    -7.1923828125,
    -7.197265625,
    -7.20703125,
    -7.1982421875,
    -7.1943359375,
    -7.1962890625,
    -7.193359375,
    -7.189453125,
    -7.185546875,
    -7.1845703125,
    -7.181640625,
    -7.185546875,
    -7.1826171875,
    -7.1767578125,
    -7.1796875,
    -7.1787109375,
    -7.18359375,
    -7.173828125,
    -7.1845703125,
    -7.1806640625,
    -7.177734375,
    -7.17578125,
    -7.1806640625,
    -7.181640625,
    -7.177734375,
    -7.1796875,
    -7.181640625,
    -7.1787109375,
    -7.1787109375,
    -7.1787109375,
    -7.181640625,
    -7.177734375,
    -7.1767578125,
    -7.1708984375,
    -7.166015625,
    -7.16796875,
    -7.166015625,
    -7.1689453125,
    -7.171875,
    -7.166015625,
    -7.1669921875,
    -7.173828125,
    -7.173828125,
    -7.1708984375,
    -7.171875,
    -7.17578125,
    -7.177734375,
    -7.1748046875
  ],