{
  "N": 2,
  "h": 1.0,
  "L": 1,
  "exact": -2.23606797749979,
  "convergence_raw": [
    1.173828125,
    0.876953125,
    -0.1875,
    -1.1171875,
    -0.029296875,
    -1.32421875,
    -1.455078125,
    -1.009765625,
    -1.255859375,
    -1.431640625,
    -1.43359375,
    -1.46484375,
    -1.509765625,
    -1.455078125,
    -1.521484375,
    -1.517578125,
    -1.541015625,
    -1.447265625,
    -1.404296875,
    -1.494140625,
    -1.552734375,
    -1.4765625,
    -1.484375,
    -1.470703125,
    -1.55078125,
    -1.484375,
    -1.533203125,
    -1.5234375,
    -1.50390625,
    -1.421875,
    -1.42578125,
    -1.40625,
    -1.494140625,
    -1.482421875,
    -1.529296875,
    -1.490234375
  ],
  "convergence_rel": [
    1.524951896280224,
    1.392185360116174,
    0.9161474508437579,
    0.5003785612773908,
    0.9868980391943372,
    0.4077913715840401,
    0.3492692799854128,
    0.5484190842314878,
    0.43836261346392,
    0.35975084862994305,
    0.3588773845762322,
    0.3449019597168585,
    0.32481228648150884,
    0.3492692799854128,
    0.31957150215924374,
    0.3213184302666654,
    0.31083686162213514,
    0.35276313620025623,
    0.37197934538189503,
    0.3317999989111957,
    0.30559607729987004,
    0.3396611753945934,
    0.33616731917974996,
    0.342281567555726,
    0.3064695413535809,
    0.33616731917974996,
    0.3143307178369786,
    0.3186980381055329,
    0.3274326786426414,
    0.36411816889849735,
    0.36237124079107563,
    0.3711058813281842,
    0.3317999989111957,
    0.3370407832334608,
    0.3160776459444003,
    0.3335469270186174
  ],
  "elapsed_s": 757.1292550000362,
  "raw": {
    "mean": -1.4782470703125,
    "sem": 0.0032842636397631213,
    "rel_err": 0.3389078126482678,
    "parity_discard": 0.0,
    "cost": {
      "n_circuits_per_eval": 20,
      "overhead_circuits": 1.0,
      "overhead_amortised": 1.0,
      "shot_multiplier": 1.0,
      "measured_discard": 0.0,
      "overhead_effective": 1.0
    }
  },
  "readout": {
    "mean": -1.6093860701243154,
    "sem": 0.0036277913082602893,
    "rel_err": 0.28026066903215746,
    "parity_discard": 0.0,
    "cost": {
      "n_circuits_per_eval": 20,
      "overhead_circuits": 1.0,
      "overhead_amortised": 1.0125,
      "shot_multiplier": 1.0,
      "measured_discard": 0.0,
      "overhead_effective": 1.0125
    }
  },
  "parity": {
    "mean": -2.6698044188972,
    "sem": 0.005412712419086957,
    "rel_err": 0.19397283345669264,
    "parity_discard": 0.339337158203125,
    "cost": {
      "n_circuits_per_eval": 20,
      "overhead_circuits": 1.0,
      "overhead_amortised": 1.0,
      "shot_multiplier": 1.5136313664624965,
      "measured_discard": 0.339337158203125,
      "overhead_effective": 1.5136313664624965
    }
  },
  "zne": {
    "mean": -1.4782470703124995,
    "sem": 0.007502763529326019,
    "rel_err": 0.338907812648268,
    "parity_discard": 0.0,
    "cost": {
      "n_circuits_per_eval": 60,
      "overhead_circuits": 3.0,
      "overhead_amortised": 3.0,
      "shot_multiplier": 1.0,
      "measured_discard": 0.0,
      "overhead_effective": 3.0
    }
  },
  "ro+parity": {
    "mean": -2.7674787206203657,
    "sem": 0.00597235854685379,
    "rel_err": 0.23765410911825727,
    "parity_discard": 0.3187650966912721,
    "cost": {
      "n_circuits_per_eval": 20,
      "overhead_circuits": 1.0,
      "overhead_amortised": 1.0125,
      "shot_multiplier": 1.4679224378302462,
      "measured_discard": 0.3187650966912721,
      "overhead_effective": 1.4862714683031242
    }
  },
  "ro+zne": {
    "mean": -1.609386070124316,
    "sem": 0.008287538183622909,
    "rel_err": 0.2802606690321573,
    "parity_discard": 0.0,
    "cost": {
      "n_circuits_per_eval": 60,
      "overhead_circuits": 3.0,
      "overhead_amortised": 3.0125,
      "shot_multiplier": 1.0,
      "measured_discard": 0.0,
      "overhead_effective": 3.0125
    }
  },
  "parity+zne": {
    "mean": -2.6698044188971997,
    "sem": 0.01236511613774851,
    "rel_err": 0.19397283345669245,
    "parity_discard": 0.339337158203125,
    "cost": {
      "n_circuits_per_eval": 60,
      "overhead_circuits": 3.0,
      "overhead_amortised": 3.0,
      "shot_multiplier": 1.5136313664624965,
      "measured_discard": 0.339337158203125,
      "overhead_effective": 4.54089409938749
    }
  },
  "ro+parity+zne": {
    "mean": -2.7674787206203657,
    "sem": 0.013643604413141764,
    "rel_err": 0.23765410911825727,
    "parity_discard": 0.3187650966912721,
    "cost": {
      "n_circuits_per_eval": 60,
      "overhead_circuits": 3.0,
      "overhead_amortised": 3.0125,
      "shot_multiplier": 1.4679224378302462,
      "measured_discard": 0.3187650966912721,
      "overhead_effective": 4.422116343963617
    }
  }
}