{
  "N": 2,
  "h": 1.0,
  "L": 2,
  "exact": -2.23606797749979,
  "convergence_raw": [
    0.671875,
    -0.357421875,
    -0.953125,
    -1.052734375,
    -0.1953125,
    -1.734375,
    -1.6484375,
    -1.7578125,
    -1.806640625,
    -1.58203125,
    -1.80078125,
    -1.89453125,
    -2.08984375,
    -1.986328125,
    -2.005859375,
    -1.9609375,
    -2.001953125,
    -2.009765625,
    -2.052734375,
    -2.0234375,
    -2.017578125,
    -1.974609375,
    -2.044921875,
    -2.044921875,
    -2.107421875,
    -2.01953125,
    -1.9921875,
    -2.0625,
    -2.013671875,
    -2.0546875,
    -2.00390625,
    -2.0390625,
    -1.982421875,
    -2.009765625,
    -2.041015625,
    -2.06640625,
    -2.009765625,
    -1.998046875,
    -2.0625,
    -1.978515625,
    -2.0703125,
    -2.05078125
  ],
  "convergence_rel": [
    1.3004716344765341,
    0.8401560781709135,
    0.5737495417891026,
    0.529202875049849,
    0.9126535946289145,
    0.2243639203047605,
    0.26279633866803814,
    0.21388235166023023,
    0.19204575031745885,
    0.2924941164942072,
    0.1946661424785914,
    0.15273986790047034,
    0.06539346252938483,
    0.11168705737606015,
    0.1029524168389516,
    0.12304209007430127,
    0.10469934494637331,
    0.10120548873152989,
    0.08198927954989108,
    0.0950912403555539,
    0.09771163251668646,
    0.11692784169832528,
    0.0854831357647345,
    0.0854831357647345,
    0.057532286045987126,
    0.09683816846297562,
    0.10906666521492758,
    0.07762195928133679,
    0.09945856062410818,
    0.08111581549618022,
    0.10382588089266245,
    0.08810352792586706,
    0.11343398548348187,
    0.10120548873152989,
    0.0872300638721562,
    0.07587503117391509,
    0.10120548873152989,
    0.10644627305379502,
    0.07762195928133679,
    0.11518091359090357,
    0.07412810306649337,
    0.08286274360360192
  ],
  "elapsed_s": 843.6012549999868,
  "raw": {
    "mean": -2.022021484375,
    "sem": 0.0034694703111243395,
    "rel_err": 0.0957245017944942,
    "parity_discard": 0.0,
    "cost": {
      "n_circuits_per_eval": 20,
      "overhead_circuits": 1.0,
      "overhead_amortised": 1.0,
      "shot_multiplier": 1.0,
      "measured_discard": 0.0,
      "overhead_effective": 1.0
    }
  },
  "readout": {
    "mean": -2.161523826907416,
    "sem": 0.003883168335419549,
    "rel_err": 0.03333715760990573,
    "parity_discard": 0.0,
    "cost": {
      "n_circuits_per_eval": 20,
      "overhead_circuits": 1.0,
      "overhead_amortised": 1.0125,
      "shot_multiplier": 1.0,
      "measured_discard": 0.0,
      "overhead_effective": 1.0125
    }
  },
  "parity": {
    "mean": -2.910575813627594,
    "sem": 0.0017331167373022876,
    "rel_err": 0.3016490745876117,
    "parity_discard": 0.22381591796875,
    "cost": {
      "n_circuits_per_eval": 20,
      "overhead_circuits": 1.0,
      "overhead_amortised": 1.0,
      "shot_multiplier": 1.2883541715813478,
      "measured_discard": 0.22381591796875,
      "overhead_effective": 1.2883541715813478
    }
  },
  "zne": {
    "mean": -2.0271087646484367,
    "sem": 0.007916446495027056,
    "rel_err": 0.09344940089209464,
    "parity_discard": 0.0,
    "cost": {
      "n_circuits_per_eval": 60,
      "overhead_circuits": 3.0,
      "overhead_amortised": 3.0,
      "shot_multiplier": 1.0,
      "measured_discard": 0.0,
      "overhead_effective": 3.0
    }
  },
  "ro+parity": {
    "mean": -2.915477321031517,
    "sem": 0.0017360398684073662,
    "rel_err": 0.3038410953370898,
    "parity_discard": 0.18898127037237847,
    "cost": {
      "n_circuits_per_eval": 20,
      "overhead_circuits": 1.0,
      "overhead_amortised": 1.0125,
      "shot_multiplier": 1.2330171467916025,
      "measured_discard": 0.18898127037237847,
      "overhead_effective": 1.2484298611264975
    }
  },
  "ro+zne": {
    "mean": -2.1670156797786118,
    "sem": 0.008854136644089688,
    "rel_err": 0.030881126341421584,
    "parity_discard": 0.0,
    "cost": {
      "n_circuits_per_eval": 60,
      "overhead_circuits": 3.0,
      "overhead_amortised": 3.0125,
      "shot_multiplier": 1.0,
      "measured_discard": 0.0,
      "overhead_effective": 3.0125
    }
  },
  "parity+zne": {
    "mean": -2.9121880551159425,
    "sem": 0.004024106541984355,
    "rel_err": 0.30237009090043027,
    "parity_discard": 0.22560017903645835,
    "cost": {
      "n_circuits_per_eval": 60,
      "overhead_circuits": 3.0,
      "overhead_amortised": 3.0,
      "shot_multiplier": 1.2913226125953345,
      "measured_discard": 0.22560017903645835,
      "overhead_effective": 3.8739678377860036
    }
  },
  "ro+parity+zne": {
    "mean": -2.9169398131861732,
    "sem": 0.004036020607149265,
    "rel_err": 0.30449514171196407,
    "parity_discard": 0.19099367502226694,
    "cost": {
      "n_circuits_per_eval": 60,
      "overhead_circuits": 3.0,
      "overhead_amortised": 3.0125,
      "shot_multiplier": 1.2360842791031625,
      "measured_discard": 0.19099367502226694,
      "overhead_effective": 3.7237038907982773
    }
  }
}