{
  "N": 2,
  "h": 1.0,
  "L": 3,
  "exact": -2.23606797749979,
  "convergence_raw": [
    0.251953125,
    -0.06640625,
    0.1875,
    0.595703125,
    -1.109375,
    -1.048828125,
    -1.48046875,
    -1.3828125,
    -1.271484375,
    -1.48828125,
    -1.572265625,
    -1.38671875,
    -1.55859375,
    -1.515625,
    -1.58984375,
    -1.560546875,
    -1.62109375,
    -1.607421875,
    -1.517578125,
    -1.6328125,
    -1.646484375,
    -1.62890625,
    -1.736328125,
    -1.673828125,
    -1.662109375,
    -1.666015625,
    -1.669921875,
    -1.6796875,
    -1.591796875,
    -1.71484375,
    -1.59765625,
    -1.705078125,
    -1.681640625,
    -1.642578125,
    -1.609375,
    -1.716796875,
    -1.59375,
    -1.66796875,
    -1.658203125,
    -1.685546875,
    -1.634765625,
    -1.67578125,
    -1.73046875,
    -1.65234375,
    -1.63671875,
    -1.650390625,
    -1.724609375,
    -1.62109375,
    -1.6953125,
    -1.748046875,
    -1.640625
  ],
  "convergence_rel": [
    1.1126768629287003,
    0.9703022221738309,
    1.083852549156242,
    1.2664065363818109,
    0.5038724174922342,
    0.5309498031572707,
    0.3379142472871717,
    0.38158744997271443,
    0.4313749010342332,
    0.33442039107232824,
    0.2968614367627615,
    0.3798405218652927,
    0.30297568513873746,
    0.32219189432037626,
    0.28900026027936376,
    0.3021022210850266,
    0.2750248354199901,
    0.2811390837959661,
    0.3213184302666654,
    0.26978405109772496,
    0.263669802721749,
    0.2715309792051467,
    0.22349045625104963,
    0.251441305969797,
    0.2566820902920621,
    0.2549351621846404,
    0.2531882340772187,
    0.24882091380866445,
    0.2881267962256529,
    0.23309856084186903,
    0.2855064040645204,
    0.23746588111042333,
    0.24794744975495359,
    0.26541673082917067,
    0.2802656197422552,
    0.2322250967881582,
    0.28725333217194204,
    0.25406169813092955,
    0.25842901839948385,
    0.24620052164753187,
    0.2689105870440141,
    0.25056784191608616,
    0.2261108484121822,
    0.2610494105606164,
    0.26803712299030324,
    0.2619228746143273,
    0.22873124057331476,
    0.2750248354199901,
    0.2418332013789776,
    0.2182496719287845,
    0.2662901948828815
  ],
  "elapsed_s": 913.3563381000422,
  "raw": {
    "mean": -1.6453857421875,
    "sem": 0.006156696481968136,
    "rel_err": 0.2641611262519613,
    "parity_discard": 0.0,
    "cost": {
      "n_circuits_per_eval": 20,
      "overhead_circuits": 1.0,
      "overhead_amortised": 1.0,
      "shot_multiplier": 1.0,
      "measured_discard": 0.0,
      "overhead_effective": 1.0
    }
  },
  "readout": {
    "mean": -1.7547804843078498,
    "sem": 0.006827313310400901,
    "rel_err": 0.215238310299529,
    "parity_discard": 0.0,
    "cost": {
      "n_circuits_per_eval": 20,
      "overhead_circuits": 1.0,
      "overhead_amortised": 1.0125,
      "shot_multiplier": 1.0,
      "measured_discard": 0.0,
      "overhead_effective": 1.0125
    }
  },
  "parity": {
    "mean": -2.9614091004223404,
    "sem": 0.0013484009097028764,
    "rel_err": 0.3243824115461708,
    "parity_discard": 0.331353759765625,
    "cost": {
      "n_circuits_per_eval": 20,
      "overhead_circuits": 1.0,
      "overhead_amortised": 1.0,
      "shot_multiplier": 1.4955591459685442,
      "measured_discard": 0.331353759765625,
      "overhead_effective": 1.4955591459685442
    }
  },
  "zne": {
    "mean": -1.6453857421875,
    "sem": 0.014064716750136408,
    "rel_err": 0.2641611262519613,
    "parity_discard": 0.0,
    "cost": {
      "n_circuits_per_eval": 60,
      "overhead_circuits": 3.0,
      "overhead_amortised": 3.0,
      "shot_multiplier": 1.0,
      "measured_discard": 0.0,
      "overhead_effective": 3.0
    }
  },
  "ro+parity": {
    "mean": -2.9989055092893397,
    "sem": 0.0013108232734472158,
    "rel_err": 0.3411513153739181,
    "parity_discard": 0.31109058743846907,
    "cost": {
      "n_circuits_per_eval": 20,
      "overhead_circuits": 1.0,
      "overhead_amortised": 1.0125,
      "shot_multiplier": 1.4515696574412584,
      "measured_discard": 0.31109058743846907,
      "overhead_effective": 1.469714278159274
    }
  },
  "ro+zne": {
    "mean": -1.75478048430785,
    "sem": 0.015596712970415644,
    "rel_err": 0.2152383102995289,
    "parity_discard": 0.0,
    "cost": {
      "n_circuits_per_eval": 60,
      "overhead_circuits": 3.0,
      "overhead_amortised": 3.0125,
      "shot_multiplier": 1.0,
      "measured_discard": 0.0,
      "overhead_effective": 3.0125
    }
  },
  "parity+zne": {
    "mean": -2.9614091004223404,
    "sem": 0.003080365731223222,
    "rel_err": 0.3243824115461708,
    "parity_discard": 0.331353759765625,
    "cost": {
      "n_circuits_per_eval": 60,
      "overhead_circuits": 3.0,
      "overhead_amortised": 3.0,
      "shot_multiplier": 1.4955591459685442,
      "measured_discard": 0.331353759765625,
      "overhead_effective": 4.486677437905633
    }
  },
  "ro+parity+zne": {
    "mean": -2.9989055092893384,
    "sem": 0.0029945211859182096,
    "rel_err": 0.34115131537391746,
    "parity_discard": 0.31109058743846907,
    "cost": {
      "n_circuits_per_eval": 60,
      "overhead_circuits": 3.0,
      "overhead_amortised": 3.0125,
      "shot_multiplier": 1.4515696574412584,
      "measured_discard": 0.31109058743846907,
      "overhead_effective": 4.372853593041791
    }
  }
}