{
  "N": 2,
  "h": 2.0,
  "L": 2,
  "exact": -4.123105625617661,
  "convergence_raw": [
    -2.05859375,
    -0.77734375,
    -2.0859375,
    -1.21875,
    -0.953125,
    -2.435546875,
    -0.771484375,
    -3.078125,
    -3.6171875,
    -3.814453125,
    -3.849609375,
    -3.6484375,
    -3.76171875,
    -3.890625,
    -3.75,
    -3.82421875,
    -3.806640625,
    -3.888671875,
    -3.82421875,
    -3.896484375,
    -3.802734375,
    -3.80859375,
    -3.80078125,
    -3.82421875,
    -3.791015625,
    -3.828125,
    -3.912109375,
    -3.845703125,
    -3.869140625,
    -3.783203125,
    -3.8359375,
    -3.787109375,
    -3.953125,
    -3.828125,
    -3.853515625,
    -3.884765625,
    -3.87890625,
    -3.736328125,
    -3.8046875,
    -3.87109375,
    -3.724609375,
    -3.81640625
  ],
  "convergence_rel": [
    0.5007176781478614,
    0.811466447725663,
    0.4940858446507742,
    0.7044097069869691,
    0.7688332323872451,
    0.4092931163665875,
    0.8128875549036103,
    0.2534450291850376,
    0.12270316881388933,
    0.07485922715633146,
    0.06633258408864788,
    0.11512393053150392,
    0.08764919175785683,
    0.05638483384301703,
    0.09049140611375135,
    0.07249071519308602,
    0.07675403672692781,
    0.05685853623566612,
    0.07249071519308602,
    0.05496372666506977,
    0.07770144151222598,
    0.07628033433427872,
    0.07817514390487508,
    0.07249071519308602,
    0.08054365586812051,
    0.07154331040778784,
    0.05117410752387707,
    0.06727998887394605,
    0.061595560162157,
    0.08243846543871687,
    0.0696485008371915,
    0.08149106065341868,
    0.04122635727824622,
    0.07154331040778784,
    0.06538517930334971,
    0.0578059410209643,
    0.05922704819891156,
    0.09380732286229497,
    0.0772277391195769,
    0.06112185776950791,
    0.0966495372181895,
    0.07438552476368238
  ],
  "elapsed_s": 807.6357229000423,
  "raw": {
    "mean": -3.84052734375,
    "sem": 0.0060258513662084,
    "rel_err": 0.06853530021446617,
    "parity_discard": 0.0,
    "cost": {
      "n_circuits_per_eval": 20,
      "overhead_circuits": 1.0,
      "overhead_amortised": 1.0,
      "shot_multiplier": 1.0,
      "measured_discard": 0.0,
      "overhead_effective": 1.0
    }
  },
  "readout": {
    "mean": -4.056200623480954,
    "sem": 0.006598297622081866,
    "rel_err": 0.016226846511283432,
    "parity_discard": 0.0,
    "cost": {
      "n_circuits_per_eval": 20,
      "overhead_circuits": 1.0,
      "overhead_amortised": 1.0125,
      "shot_multiplier": 1.0,
      "measured_discard": 0.0,
      "overhead_effective": 1.0125
    }
  },
  "parity": {
    "mean": -4.92347471901372,
    "sem": 0.002777545465070094,
    "rel_err": 0.1941180183265765,
    "parity_discard": 0.241473388671875,
    "cost": {
      "n_circuits_per_eval": 20,
      "overhead_circuits": 1.0,
      "overhead_amortised": 1.0,
      "shot_multiplier": 1.3183453092688107,
      "measured_discard": 0.241473388671875,
      "overhead_effective": 1.3183453092688107
    }
  },
  "zne": {
    "mean": -3.849005126953126,
    "sem": 0.013974904168994053,
    "rel_err": 0.0664791357663735,
    "parity_discard": 0.0,
    "cost": {
      "n_circuits_per_eval": 60,
      "overhead_circuits": 3.0,
      "overhead_amortised": 3.0,
      "shot_multiplier": 1.0,
      "measured_discard": 0.0,
      "overhead_effective": 3.0
    }
  },
  "ro+parity": {
    "mean": -4.930642614800551,
    "sem": 0.0028794366016487187,
    "rel_err": 0.1958564884114307,
    "parity_discard": 0.21253322641496314,
    "cost": {
      "n_circuits_per_eval": 20,
      "overhead_circuits": 1.0,
      "overhead_amortised": 1.0125,
      "shot_multiplier": 1.2698948495914057,
      "measured_discard": 0.21253322641496314,
      "overhead_effective": 1.2857685352112982
    }
  },
  "ro+zne": {
    "mean": -4.065196983789171,
    "sem": 0.015287635884794202,
    "rel_err": 0.014044908640877792,
    "parity_discard": 0.0,
    "cost": {
      "n_circuits_per_eval": 60,
      "overhead_circuits": 3.0,
      "overhead_amortised": 3.0125,
      "shot_multiplier": 1.0,
      "measured_discard": 0.0,
      "overhead_effective": 3.0125
    }
  },
  "parity+zne": {
    "mean": -4.928287477453157,
    "sem": 0.006604269174212419,
    "rel_err": 0.19528528370283418,
    "parity_discard": 0.24290161132812502,
    "cost": {
      "n_circuits_per_eval": 60,
      "overhead_circuits": 3.0,
      "overhead_amortised": 3.0,
      "shot_multiplier": 1.3208322920277646,
      "measured_discard": 0.24290161132812502,
      "overhead_effective": 3.9624968760832937
    }
  },
  "ro+parity+zne": {
    "mean": -4.935292145835105,
    "sem": 0.006854998617761851,
    "rel_err": 0.19698416532702226,
    "parity_discard": 0.21412408299954222,
    "cost": {
      "n_circuits_per_eval": 60,
      "overhead_circuits": 3.0,
      "overhead_amortised": 3.0125,
      "shot_multiplier": 1.2724655106073413,
      "measured_discard": 0.21412408299954222,
      "overhead_effective": 3.833302350704616
    }
  }
}