{
  "N": 2,
  "h": 0.5,
  "L": 3,
  "exact": -1.4142135623730947,
  "convergence_raw": [
    0.6259765625,
    0.787109375,
    0.0107421875,
    0.0068359375,
    0.23828125,
    -0.76953125,
    -0.375,
    -1.1455078125,
    -1.005859375,
    -1.1513671875,
    -0.8046875,
    -1.171875,
    -0.8173828125,
    -1.1015625,
    -1.17578125,
    -1.1748046875,
    -1.244140625,
    -1.1787109375,
    -1.1318359375,
    -1.1982421875,
    -1.21875,
    -1.1630859375,
    -1.2412109375,
    -1.1904296875,
    -1.162109375,
    -1.2587890625,
    -1.1376953125,
    -1.1455078125,
    -1.169921875,
    -1.1396484375,
    -1.1845703125,
    -1.2080078125,
    -1.248046875,
    -1.2431640625,
    -1.2490234375,
    -1.2021484375,
    -1.146484375,
    -1.146484375,
    -1.1640625,
    -1.1787109375,
    -1.2216796875,
    -1.140625,
    -1.197265625,
    -1.189453125,
    -1.2021484375,
    -1.1796875,
    -1.166015625,
    -1.138671875,
    -1.169921875,
    -1.1728515625,
    -1.10546875,
    -1.208984375,
    -1.12890625,
    -1.1181640625,
    -1.2001953125,
    -1.1552734375,
    -1.17578125,
    -1.16796875,
    -1.130859375
  ],
  "convergence_rel": [
    1.442632272207595,
    1.5565703765980055,
    1.0075958736260273,
    1.0048337377620173,
    1.168490287704607,
    0.4558592347900395,
    0.7348349570550446,
    0.1900036578790816,
    0.28875001501743736,
    0.18586045408306667,
    0.4310000120139499,
    0.17135924079701442,
    0.4220230704559176,
    0.22107768634919356,
    0.16859710493300448,
    0.16928763889900694,
    0.1202597273128303,
    0.166525503034997,
    0.19967113340311643,
    0.15271482371494724,
    0.138213610428895,
    0.1775740464910368,
    0.12233132921083777,
    0.15823909544296713,
    0.1782645804570393,
    0.10990171782279298,
    0.1955279296071015,
    0.1900036578790816,
    0.17274030872901938,
    0.1941468616750965,
    0.16238229923898206,
    0.14580948405492236,
    0.11749759144882035,
    0.1209502612788328,
    0.11680705748281786,
    0.1499526878509373,
    0.1893131239130791,
    0.1893131239130791,
    0.17688351252503431,
    0.166525503034997,
    0.13614200853088754,
    0.19345632770909404,
    0.15340535768094973,
    0.15892962940896962,
    0.1499526878509373,
    0.1658349690689945,
    0.17550244459302936,
    0.194837395641099,
    0.17274030872901938,
    0.17066870683101193,
    0.2183155504851836,
    0.14511895008891987,
    0.20174273530112388,
    0.20933860892715125,
    0.15133375578294225,
    0.1830983182190567,
    0.16859710493300448,
    0.17412137666102437,
    0.20036166736911892
  ],
  "elapsed_s": 932.010244899895,
  "raw": {
    "mean": -1.15982666015625,
    "sem": 0.002937647989391526,
    "rel_err": 0.17987870360257016,
    "parity_discard": 0.0,
    "cost": {
      "n_circuits_per_eval": 20,
      "overhead_circuits": 1.0,
      "overhead_amortised": 1.0,
      "shot_multiplier": 1.0,
      "measured_discard": 0.0,
      "overhead_effective": 1.0
    }
  },
  "readout": {
    "mean": -1.2888525562549429,
    "sem": 0.003241211567843055,
    "rel_err": 0.08864361752251344,
    "parity_discard": 0.0,
    "cost": {
      "n_circuits_per_eval": 20,
      "overhead_circuits": 1.0,
      "overhead_amortised": 1.0125,
      "shot_multiplier": 1.0,
      "measured_discard": 0.0,
      "overhead_effective": 1.0125
    }
  },
  "parity": {
    "mean": -1.5163031615597877,
    "sem": 0.002935530966071899,
    "rel_err": 0.0721882478735273,
    "parity_discard": 0.165533447265625,
    "cost": {
      "n_circuits_per_eval": 20,
      "overhead_circuits": 1.0,
      "overhead_amortised": 1.0,
      "shot_multiplier": 1.1983703801227334,
      "measured_discard": 0.165533447265625,
      "overhead_effective": 1.1983703801227334
    }
  },
  "zne": {
    "mean": -1.1598266601562504,
    "sem": 0.0067109345090196,
    "rel_err": 0.17987870360256986,
    "parity_discard": 0.0,
    "cost": {
      "n_circuits_per_eval": 60,
      "overhead_circuits": 3.0,
      "overhead_amortised": 3.0,
      "shot_multiplier": 1.0,
      "measured_discard": 0.0,
      "overhead_effective": 3.0
    }
  },
  "ro+parity": {
    "mean": -1.5220156921234218,
    "sem": 0.003005720183920954,
    "rel_err": 0.07622761697280837,
    "parity_discard": 0.12002623154177001,
    "cost": {
      "n_circuits_per_eval": 20,
      "overhead_circuits": 1.0,
      "overhead_amortised": 1.0125,
      "shot_multiplier": 1.1363975107486028,
      "measured_discard": 0.12002623154177001,
      "overhead_effective": 1.1506024796329604
    }
  },
  "ro+zne": {
    "mean": -1.288852556254943,
    "sem": 0.007404412863699464,
    "rel_err": 0.08864361752251329,
    "parity_discard": 0.0,
    "cost": {
      "n_circuits_per_eval": 60,
      "overhead_circuits": 3.0,
      "overhead_amortised": 3.0125,
      "shot_multiplier": 1.0,
      "measured_discard": 0.0,
      "overhead_effective": 3.0125
    }
  },
  "parity+zne": {
    "mean": -1.5163031615597868,
    "sem": 0.006706098257398103,
    "rel_err": 0.07218824787352668,
    "parity_discard": 0.165533447265625,
    "cost": {
      "n_circuits_per_eval": 60,
      "overhead_circuits": 3.0,
      "overhead_amortised": 3.0,
      "shot_multiplier": 1.1983703801227334,
      "measured_discard": 0.165533447265625,
      "overhead_effective": 3.5951111403682003
    }
  },
  "ro+parity+zne": {
    "mean": -1.5220156921234216,
    "sem": 0.006866442602917146,
    "rel_err": 0.07622761697280821,
    "parity_discard": 0.12002623154177001,
    "cost": {
      "n_circuits_per_eval": 60,
      "overhead_circuits": 3.0,
      "overhead_amortised": 3.0125,
      "shot_multiplier": 1.1363975107486028,
      "measured_discard": 0.12002623154177001,
      "overhead_effective": 3.4233975011301663
    }
  }
}