{
  "N": 2,
  "h": 1.0,
  "L": 2,
  "exact": -2.23606797749979,
  "convergence_raw": [
    1.169921875,
    0.51953125,
    0.5078125,
    0.8671875,
    0.021484375,
    -0.818359375,
    -1.14453125,
    0.767578125,
    -1.521484375,
    -0.525390625,
    -1.548828125,
    -1.634765625,
    -1.021484375,
    -1.7734375,
    -1.8125,
    -1.71484375,
    -1.81640625,
    -1.583984375,
    -1.86328125,
    -1.904296875,
    -1.931640625,
    -1.982421875,
    -2.021484375,
    -2.05078125,
    -1.884765625,
    -2.138671875,
    -2.09375,
    -2.07421875,
    -2.03515625,
    -2.013671875,
    -1.9765625,
    -2.111328125,
    -2.05078125,
    -2.080078125,
    -2.068359375,
    -2.138671875,
    -2.083984375,
    -2.166015625,
    -2.09765625,
    -2.1015625,
    -2.005859375,
    -1.990234375,
    -2.181640625,
    -2.044921875,
    -1.958984375,
    -1.998046875,
    -2.123046875,
    -2.099609375,
    -2.138671875,
    -2.06640625,
    -2.109375,
    -2.02734375,
    -2.0390625,
    -2.02734375,
    -2.041015625
  ],
  "convergence_rel": [
    1.5232049681728024,
    1.2323414382870874,
    1.2271006539648224,
    1.3878180398476199,
    1.0096081045908194,
    0.6340185614951517,
    0.4881500645254388,
    1.343271373108366,
    0.31957150215924374,
    0.76503816955178,
    0.30734300540729176,
    0.2689105870440141,
    0.5431782999092227,
    0.20689463923054338,
    0.18942535815632627,
    0.23309856084186903,
    0.18767843004890455,
    0.29162065244049634,
    0.16671529275984404,
    0.14837254763191607,
    0.1361440508799641,
    0.11343398548348187,
    0.09596470440926476,
    0.08286274360360192,
    0.15710718816902464,
    0.043556861186613435,
    0.06364653442196311,
    0.07238117495907166,
    0.08985045603328877,
    0.09945856062410818,
    0.11605437764461443,
    0.055785357938565414,
    0.08286274360360192,
    0.0697607827979391,
    0.07500156712020423,
    0.043556861186613435,
    0.06801385469051739,
    0.031328364434661464,
    0.0618996063145414,
    0.06015267820711969,
    0.1029524168389516,
    0.10994012926863844,
    0.024340652004974622,
    0.0854831357647345,
    0.12391555412801213,
    0.10644627305379502,
    0.05054457361630028,
    0.06102614226083054,
    0.043556861186613435,
    0.07587503117391509,
    0.056658821992276266,
    0.0933443122481322,
    0.08810352792586706,
    0.0933443122481322,
    0.0872300638721562
  ],
  "elapsed_s": 858.810155000072,
  "raw": {
    "mean": -2.0660400390625,
    "sem": 0.004549619483639931,
    "rel_err": 0.07603880568398587,
    "parity_discard": 0.0,
    "cost": {
      "n_circuits_per_eval": 20,
      "overhead_circuits": 1.0,
      "overhead_amortised": 1.0,
      "shot_multiplier": 1.0,
      "measured_discard": 0.0,
      "overhead_effective": 1.0
    }
  },
  "readout": {
    "mean": -2.2207137946788267,
    "sem": 0.004922262011062668,
    "rel_err": 0.006866599305326605,
    "parity_discard": 0.0,
    "cost": {
      "n_circuits_per_eval": 20,
      "overhead_circuits": 1.0,
      "overhead_amortised": 1.0125,
      "shot_multiplier": 1.0,
      "measured_discard": 0.0,
      "overhead_effective": 1.0125
    }
  },
  "parity": {
    "mean": -2.6915043856660947,
    "sem": 0.0036640320010961165,
    "rel_err": 0.2036773536176396,
    "parity_discard": 0.160906982421875,
    "cost": {
      "n_circuits_per_eval": 20,
      "overhead_circuits": 1.0,
      "overhead_amortised": 1.0,
      "shot_multiplier": 1.1917629858085352,
      "measured_discard": 0.160906982421875,
      "overhead_effective": 1.1917629858085352
    }
  },
  "zne": {
    "mean": -2.066040039062499,
    "sem": 0.01039341626564021,
    "rel_err": 0.07603880568398627,
    "parity_discard": 0.0,
    "cost": {
      "n_circuits_per_eval": 60,
      "overhead_circuits": 3.0,
      "overhead_amortised": 3.0,
      "shot_multiplier": 1.0,
      "measured_discard": 0.0,
      "overhead_effective": 3.0
    }
  },
  "ro+parity": {
    "mean": -2.6921270922333544,
    "sem": 0.0036821072718165953,
    "rel_err": 0.20395583646052529,
    "parity_discard": 0.11820763773833928,
    "cost": {
      "n_circuits_per_eval": 20,
      "overhead_circuits": 1.0,
      "overhead_amortised": 1.0125,
      "shot_multiplier": 1.134053823549974,
      "measured_discard": 0.11820763773833928,
      "overhead_effective": 1.1482294963443487
    }
  },
  "ro+zne": {
    "mean": -2.2207137946788245,
    "sem": 0.011244702602818927,
    "rel_err": 0.006866599305327598,
    "parity_discard": 0.0,
    "cost": {
      "n_circuits_per_eval": 60,
      "overhead_circuits": 3.0,
      "overhead_amortised": 3.0125,
      "shot_multiplier": 1.0,
      "measured_discard": 0.0,
      "overhead_effective": 3.0125
    }
  },
  "parity+zne": {
    "mean": -2.6915043856660943,
    "sem": 0.00837032853735522,
    "rel_err": 0.20367735361763942,
    "parity_discard": 0.160906982421875,
    "cost": {
      "n_circuits_per_eval": 60,
      "overhead_circuits": 3.0,
      "overhead_amortised": 3.0,
      "shot_multiplier": 1.1917629858085352,
      "measured_discard": 0.160906982421875,
      "overhead_effective": 3.575288957425606
    }
  },
  "ro+parity+zne": {
    "mean": -2.692127092233354,
    "sem": 0.008411620740667522,
    "rel_err": 0.20395583646052506,
    "parity_discard": 0.11820763773833927,
    "cost": {
      "n_circuits_per_eval": 60,
      "overhead_circuits": 3.0,
      "overhead_amortised": 3.0125,
      "shot_multiplier": 1.134053823549974,
      "measured_discard": 0.11820763773833927,
      "overhead_effective": 3.416337143444297
    }
  }
}