{
  "N": 2,
  "h": 2.0,
  "L": 3,
  "exact": -4.123105625617661,
  "convergence_raw": [
    1.38671875,
    -0.271484375,
    -1.158203125,
    0.169921875,
    -2.255859375,
    -0.177734375,
    -0.203125,
    -2.89453125,
    -3.265625,
    -0.42578125,
    -3.23046875,
    -2.423828125,
    -3.693359375,
    -3.779296875,
    -0.6953125,
    -3.265625,
    -3.734375,
    -3.81640625,
    -3.853515625,
    -3.810546875,
    -3.8203125,
    -3.728515625,
    -3.814453125,
    -3.873046875,
    -3.890625,
    -3.822265625,
    -3.837890625,
    -3.900390625,
    -3.755859375,
    -3.869140625,
    -3.880859375,
    -3.82421875,
    -3.796875,
    -3.916015625,
    -3.95703125,
    -3.87109375,
    -3.806640625,
    -3.796875,
    -3.80078125,
    -3.76171875,
    -3.87890625,
    -3.873046875,
    -3.8125,
    -3.8828125,
    -3.84765625,
    -3.796875,
    -3.84375,
    -3.859375,
    -3.859375,
    -3.724609375,
    -3.810546875,
    -3.75390625,
    -3.794921875,
    -3.896484375,
    -3.986328125,
    -3.814453125,
    -3.921875,
    -3.765625,
    -3.857421875,
    -3.7421875,
    -3.89453125,
    -3.859375,
    -3.880859375,
    -3.87890625,
    -3.763671875,
    -3.83203125,
    -3.818359375,
    -3.779296875,
    -3.826171875
  ],
  "convergence_rel": [
    1.3363286987808523,
    0.9341553674217767,
    0.7190944811590909,
    1.0412121081604706,
    0.45287373649030355,
    0.956893082268933,
    0.9507349511644949,
    0.29797305409405184,
    0.20796959949072513,
    0.8967328784024988,
    0.2164962425584087,
    0.412135330722482,
    0.10422877550057491,
    0.08338587022401504,
    0.8313619482169248,
    0.20796959949072513,
    0.09428102525494406,
    0.07438552476368238,
    0.06538517930334971,
    0.07580663194162963,
    0.07343811997838419,
    0.09570213243289133,
    0.07485922715633146,
    0.060648155376858824,
    0.05638483384301703,
    0.0729644175857351,
    0.0691747984445424,
    0.054016321879771595,
    0.0890702989358041,
    0.061595560162157,
    0.05875334580626247,
    0.07249071519308602,
    0.07912254869017325,
    0.05022670273857889,
    0.04027895249294804,
    0.06112185776950791,
    0.07675403672692781,
    0.07912254869017325,
    0.07817514390487508,
    0.08764919175785683,
    0.05922704819891156,
    0.060648155376858824,
    0.07533292954898055,
    0.058279643413613386,
    0.06680628648129697,
    0.07912254869017325,
    0.06775369126659514,
    0.06396407212540244,
    0.06396407212540244,
    0.0966495372181895,
    0.07580663194162963,
    0.08954400132845318,
    0.07959625108282234,
    0.05496372666506977,
    0.03317341660321173,
    0.07485922715633146,
    0.048805595560631625,
    0.08670178697255865,
    0.06443777451805152,
    0.09238621568434771,
    0.05543742905771886,
    0.06396407212540244,
    0.05875334580626247,
    0.05922704819891156,
    0.08717548936520775,
    0.07059590562248967,
    0.07391182237103329,
    0.08338587022401504,
    0.07201701280043693
  ],
  "elapsed_s": 990.5509632998146,
  "raw": {
    "mean": -3.85078125,
    "sem": 0.006503577136526216,
    "rel_err": 0.06604836265305847,
    "parity_discard": 0.0,
    "cost": {
      "n_circuits_per_eval": 20,
      "overhead_circuits": 1.0,
      "overhead_amortised": 1.0,
      "shot_multiplier": 1.0,
      "measured_discard": 0.0,
      "overhead_effective": 1.0
    }
  },
  "readout": {
    "mean": -4.110873419420655,
    "sem": 0.007139213718980964,
    "rel_err": 0.0029667457755639783,
    "parity_discard": 0.0,
    "cost": {
      "n_circuits_per_eval": 20,
      "overhead_circuits": 1.0,
      "overhead_amortised": 1.0125,
      "shot_multiplier": 1.0,
      "measured_discard": 0.0,
      "overhead_effective": 1.0125
    }
  },
  "parity": {
    "mean": -4.866777965884502,
    "sem": 0.002937509595712542,
    "rel_err": 0.1803670358688509,
    "parity_discard": 0.22550048828125,
    "cost": {
      "n_circuits_per_eval": 20,
      "overhead_circuits": 1.0,
      "overhead_amortised": 1.0,
      "shot_multiplier": 1.2911563982536605,
      "measured_discard": 0.22550048828125,
      "overhead_effective": 1.2911563982536605
    }
  },
  "zne": {
    "mean": -3.8507812499999985,
    "sem": 0.014857151161472158,
    "rel_err": 0.06604836265305879,
    "parity_discard": 0.0,
    "cost": {
      "n_circuits_per_eval": 60,
      "overhead_circuits": 3.0,
      "overhead_amortised": 3.0,
      "shot_multiplier": 1.0,
      "measured_discard": 0.0,
      "overhead_effective": 3.0
    }
  },
  "ro+parity": {
    "mean": -4.87562042472773,
    "sem": 0.0030412666187553867,
    "rel_err": 0.1825116471512512,
    "parity_discard": 0.18965864184273407,
    "cost": {
      "n_circuits_per_eval": 20,
      "overhead_circuits": 1.0,
      "overhead_amortised": 1.0125,
      "shot_multiplier": 1.2340478366722167,
      "measured_discard": 0.18965864184273407,
      "overhead_effective": 1.2494734346306193
    }
  },
  "ro+zne": {
    "mean": -4.110873419420655,
    "sem": 0.016309236466381143,
    "rel_err": 0.0029667457755639783,
    "parity_discard": 0.0,
    "cost": {
      "n_circuits_per_eval": 60,
      "overhead_circuits": 3.0,
      "overhead_amortised": 3.0125,
      "shot_multiplier": 1.0,
      "measured_discard": 0.0,
      "overhead_effective": 3.0125
    }
  },
  "parity+zne": {
    "mean": -4.866777965884501,
    "sem": 0.006710618354422631,
    "rel_err": 0.18036703586885067,
    "parity_discard": 0.22550048828125,
    "cost": {
      "n_circuits_per_eval": 60,
      "overhead_circuits": 3.0,
      "overhead_amortised": 3.0,
      "shot_multiplier": 1.2911563982536605,
      "measured_discard": 0.22550048828125,
      "overhead_effective": 3.8734691947609816
    }
  },
  "ro+parity+zne": {
    "mean": -4.875620424727727,
    "sem": 0.006947646953153956,
    "rel_err": 0.18251164715125057,
    "parity_discard": 0.18965864184273407,
    "cost": {
      "n_circuits_per_eval": 60,
      "overhead_circuits": 3.0,
      "overhead_amortised": 3.0125,
      "shot_multiplier": 1.2340478366722167,
      "measured_discard": 0.18965864184273407,
      "overhead_effective": 3.717569107975053
    }
  }
}