{
  "N": 2,
  "h": 2.0,
  "L": 2,
  "exact": -4.123105625617661,
  "convergence_raw": [
    -2.0703125,
    -0.77734375,
    -2.0859375,
    -1.2265625,
    -0.955078125,
    -2.45703125,
    -0.71484375,
    -3.10546875,
    -3.638671875,
    -3.830078125,
    -3.86328125,
    -3.833984375,
    -3.787109375,
    -3.912109375,
    -3.767578125,
    -3.833984375,
    -3.794921875,
    -3.900390625,
    -3.833984375,
    -3.90234375,
    -3.845703125,
    -3.841796875,
    -3.802734375,
    -3.861328125,
    -3.822265625,
    -3.833984375,
    -3.919921875,
    -3.857421875,
    -3.8828125,
    -3.775390625,
    -3.859375,
    -3.798828125,
    -3.9609375,
    -3.85546875,
    -3.87109375,
    -3.916015625,
    -3.90625,
    -3.771484375,
    -3.830078125,
    -3.865234375,
    -3.732421875,
    -3.84765625,
    -3.865234375,
    -3.84765625,
    -3.9140625,
    -3.857421875,
    -3.7578125
  ],
  "convergence_rel": [
    0.4978754637919669,
    0.811466447725663,
    0.4940858446507742,
    0.7025148974163729,
    0.768359529994596,
    0.4040823900474475,
    0.8266249242904339,
    0.24681319568795035,
    0.11749244249474937,
    0.07106960801513876,
    0.06301666734010426,
    0.07012220322984059,
    0.08149106065341868,
    0.05117410752387707,
    0.08622808457990956,
    0.07012220322984059,
    0.07959625108282234,
    0.054016321879771595,
    0.07012220322984059,
    0.05354261948712251,
    0.06727998887394605,
    0.06822739365924423,
    0.07770144151222598,
    0.06349036973275335,
    0.0729644175857351,
    0.07012220322984059,
    0.04927929795328072,
    0.06443777451805152,
    0.058279643413613386,
    0.08433327500931322,
    0.06396407212540244,
    0.07864884629752417,
    0.03933154770764987,
    0.06491147691070061,
    0.06112185776950791,
    0.05022670273857889,
    0.05259521470182433,
    0.08528067979461139,
    0.07106960801513876,
    0.06254296494745518,
    0.09475472764759314,
    0.06680628648129697,
    0.06254296494745518,
    0.06680628648129697,
    0.05070040513122798,
    0.06443777451805152,
    0.088596596543155
  ],
  "elapsed_s": 868.7208628999069,
  "raw": {
    "mean": -3.8570068359375,
    "sem": 0.005915176857727845,
    "rel_err": 0.0645384362764895,
    "parity_discard": 0.0,
    "cost": {
      "n_circuits_per_eval": 20,
      "overhead_circuits": 1.0,
      "overhead_amortised": 1.0,
      "shot_multiplier": 1.0,
      "measured_discard": 0.0,
      "overhead_effective": 1.0
    }
  },
  "readout": {
    "mean": -4.073194612298528,
    "sem": 0.006468871762742919,
    "rel_err": 0.012105198811552488,
    "parity_discard": 0.0,
    "cost": {
      "n_circuits_per_eval": 20,
      "overhead_circuits": 1.0,
      "overhead_amortised": 1.0125,
      "shot_multiplier": 1.0,
      "measured_discard": 0.0,
      "overhead_effective": 1.0125
    }
  },
  "parity": {
    "mean": -4.936891113121266,
    "sem": 0.0027197739509171124,
    "rel_err": 0.19737197185718394,
    "parity_discard": 0.242010498046875,
    "cost": {
      "n_circuits_per_eval": 20,
      "overhead_circuits": 1.0,
      "overhead_amortised": 1.0,
      "shot_multiplier": 1.3192794853006304,
      "measured_discard": 0.242010498046875,
      "overhead_effective": 1.3192794853006304
    }
  },
  "zne": {
    "mean": -3.8570068359374954,
    "sem": 0.013512975225361228,
    "rel_err": 0.06453843627649057,
    "parity_discard": 0.0,
    "cost": {
      "n_circuits_per_eval": 60,
      "overhead_circuits": 3.0,
      "overhead_amortised": 3.0,
      "shot_multiplier": 1.0,
      "measured_discard": 0.0,
      "overhead_effective": 3.0
    }
  },
  "ro+parity": {
    "mean": -4.943492896868103,
    "sem": 0.0028310435824797147,
    "rel_err": 0.19897313960457777,
    "parity_discard": 0.21313523408355411,
    "cost": {
      "n_circuits_per_eval": 20,
      "overhead_circuits": 1.0,
      "overhead_amortised": 1.0125,
      "shot_multiplier": 1.2708664097258437,
      "measured_discard": 0.21313523408355411,
      "overhead_effective": 1.2867522398474167
    }
  },
  "ro+zne": {
    "mean": -4.073194612298529,
    "sem": 0.014777868180185148,
    "rel_err": 0.012105198811552273,
    "parity_discard": 0.0,
    "cost": {
      "n_circuits_per_eval": 60,
      "overhead_circuits": 3.0,
      "overhead_amortised": 3.0125,
      "shot_multiplier": 1.0,
      "measured_discard": 0.0,
      "overhead_effective": 3.0125
    }
  },
  "parity+zne": {
    "mean": -4.936891113121262,
    "sem": 0.006213210340331759,
    "rel_err": 0.19737197185718286,
    "parity_discard": 0.242010498046875,
    "cost": {
      "n_circuits_per_eval": 60,
      "overhead_circuits": 3.0,
      "overhead_amortised": 3.0,
      "shot_multiplier": 1.3192794853006304,
      "measured_discard": 0.242010498046875,
      "overhead_effective": 3.957838455901891
    }
  },
  "ro+parity+zne": {
    "mean": -4.943492896868101,
    "sem": 0.006467401180403796,
    "rel_err": 0.19897313960457713,
    "parity_discard": 0.2131352340835541,
    "cost": {
      "n_circuits_per_eval": 60,
      "overhead_circuits": 3.0,
      "overhead_amortised": 3.0125,
      "shot_multiplier": 1.2708664097258435,
      "measured_discard": 0.2131352340835541,
      "overhead_effective": 3.828485059299104
    }
  }
}