{
  "N": 2,
  "h": 0.5,
  "L": 1,
  "exact": -1.4142135623730947,
  "convergence_raw": [
    -0.203125,
    -0.12890625,
    -0.361328125,
    -0.67578125,
    -0.8212890625,
    0.4990234375,
    -0.630859375,
    -0.640625,
    -0.8173828125,
    -0.8798828125,
    -0.9697265625,
    -0.810546875,
    -1.06640625,
    -1.08203125,
    -1.09765625,
    -1.1015625,
    -1.0478515625,
    -1.103515625,
    -1.103515625,
    -1.0712890625,
    -1.0546875,
    -1.1171875,
    -1.068359375,
    -1.076171875,
    -1.0810546875,
    -1.1015625,
    -1.0888671875,
    -1.037109375,
    -1.0439453125,
    -1.0771484375,
    -1.0888671875,
    -1.1025390625,
    -1.189453125,
    -1.076171875,
    -1.080078125,
    -1.056640625,
    -1.07421875,
    -1.115234375,
    -1.0498046875,
    -1.0703125,
    -1.1005859375,
    -1.0693359375
  ],
  "convergence_rel": [
    0.8563689350714825,
    0.9088495164876715,
    0.7445024325790794,
    0.5221504955262783,
    0.4192609345919076,
    1.3528628566272713,
    0.5539150579623927,
    0.5470097183023679,
    0.4220230704559176,
    0.37782889663175834,
    0.31429977175952944,
    0.426856808217935,
    0.24593690912528313,
    0.23488836566924332,
    0.2238398222132035,
    0.22107768634919356,
    0.2590570544793304,
    0.21969661841718857,
    0.21969661841718857,
    0.2424842392952707,
    0.25422331671731296,
    0.21002914289315375,
    0.24455584119327814,
    0.23903156946525825,
    0.2355788996352458,
    0.22107768634919356,
    0.2300546279072259,
    0.26665292810535773,
    0.26181919034334034,
    0.23834103549925575,
    0.2300546279072259,
    0.22038715238319107,
    0.15892962940896962,
    0.23903156946525825,
    0.23626943360124827,
    0.252842248785308,
    0.2404126373972632,
    0.2114102108251587,
    0.25767598654732543,
    0.24317477326127318,
    0.22176822031519605,
    0.24386530722727565
  ],
  "elapsed_s": 827.2249810998328,
  "raw": {
    "mean": -1.085546875,
    "sem": 0.003428261412374746,
    "rel_err": 0.2324024433916344,
    "parity_discard": 0.0,
    "cost": {
      "n_circuits_per_eval": 20,
      "overhead_circuits": 1.0,
      "overhead_amortised": 1.0,
      "shot_multiplier": 1.0,
      "measured_discard": 0.0,
      "overhead_effective": 1.0
    }
  },
  "readout": {
    "mean": -1.1915557038913271,
    "sem": 0.003810003358102719,
    "rel_err": 0.1574428816169325,
    "parity_discard": 0.0,
    "cost": {
      "n_circuits_per_eval": 20,
      "overhead_circuits": 1.0,
      "overhead_amortised": 1.0125,
      "shot_multiplier": 1.0,
      "measured_discard": 0.0,
      "overhead_effective": 1.0125
    }
  },
  "parity": {
    "mean": -1.7554042262805158,
    "sem": 0.0021131915382035966,
    "rel_err": 0.2412582321264778,
    "parity_discard": 0.323822021484375,
    "cost": {
      "n_circuits_per_eval": 20,
      "overhead_circuits": 1.0,
      "overhead_amortised": 1.0,
      "shot_multiplier": 1.47890057318229,
      "measured_discard": 0.323822021484375,
      "overhead_effective": 1.47890057318229
    }
  },
  "zne": {
    "mean": -1.0855468749999995,
    "sem": 0.00783172044483497,
    "rel_err": 0.23240244339163474,
    "parity_discard": 0.0,
    "cost": {
      "n_circuits_per_eval": 60,
      "overhead_circuits": 3.0,
      "overhead_amortised": 3.0,
      "shot_multiplier": 1.0,
      "measured_discard": 0.0,
      "overhead_effective": 3.0
    }
  },
  "ro+parity": {
    "mean": -1.7988067618684176,
    "sem": 0.0022335933260238462,
    "rel_err": 0.2719484593613736,
    "parity_discard": 0.3031562177336087,
    "cost": {
      "n_circuits_per_eval": 20,
      "overhead_circuits": 1.0,
      "overhead_amortised": 1.0125,
      "shot_multiplier": 1.4350418636837565,
      "measured_discard": 0.3031562177336087,
      "overhead_effective": 1.4529798869798034
    }
  },
  "ro+zne": {
    "mean": -1.1915557038913271,
    "sem": 0.00870379402423506,
    "rel_err": 0.1574428816169325,
    "parity_discard": 0.0,
    "cost": {
      "n_circuits_per_eval": 60,
      "overhead_circuits": 3.0,
      "overhead_amortised": 3.0125,
      "shot_multiplier": 1.0,
      "measured_discard": 0.0,
      "overhead_effective": 3.0125
    }
  },
  "parity+zne": {
    "mean": -1.755404226280516,
    "sem": 0.004827498076390063,
    "rel_err": 0.24125823212647793,
    "parity_discard": 0.323822021484375,
    "cost": {
      "n_circuits_per_eval": 60,
      "overhead_circuits": 3.0,
      "overhead_amortised": 3.0,
      "shot_multiplier": 1.47890057318229,
      "measured_discard": 0.323822021484375,
      "overhead_effective": 4.436701719546869
    }
  },
  "ro+parity+zne": {
    "mean": -1.7988067618684171,
    "sem": 0.00510255094717256,
    "rel_err": 0.27194845936137324,
    "parity_discard": 0.3031562177336087,
    "cost": {
      "n_circuits_per_eval": 60,
      "overhead_circuits": 3.0,
      "overhead_amortised": 3.0125,
      "shot_multiplier": 1.4350418636837565,
      "measured_discard": 0.3031562177336087,
      "overhead_effective": 4.3230636143473165
    }
  }
}