{
  "N": 2,
  "h": 2.0,
  "L": 1,
  "exact": -4.123105625617661,
  "convergence_raw": [
    2.244140625,
    1.8984375,
    1.0703125,
    -1.03125,
    -0.53515625,
    -1.91015625,
    -2.19140625,
    -1.611328125,
    -1.4609375,
    -2.13671875,
    -2.396484375,
    -2.28515625,
    -2.31640625,
    -2.341796875,
    -2.390625,
    -2.30859375,
    -2.27734375,
    -2.353515625,
    -2.443359375,
    -2.376953125,
    -2.26171875,
    -2.34375,
    -2.3828125,
    -2.439453125,
    -2.322265625,
    -2.373046875,
    -2.345703125,
    -2.39453125,
    -2.25390625,
    -2.17578125,
    -2.37890625,
    -2.48046875,
    -2.328125,
    -2.4140625
  ],
  "convergence_rel": [
    1.544284049153802,
    1.4604387256549134,
    1.2595889111717002,
    0.7498851366812816,
    0.8702055444141499,
    0.5367190599891921,
    0.46850591544772346,
    0.6091955260645026,
    0.6456706102984823,
    0.4817695824418979,
    0.4187671642195692,
    0.4457682006005672,
    0.43818896231818183,
    0.4320308312137437,
    0.42018827139751647,
    0.4400837718887782,
    0.4476630101711636,
    0.42918861685784915,
    0.4073983067959911,
    0.4235041881460601,
    0.4514526293123563,
    0.4315571288210946,
    0.42208308096811287,
    0.4083457115812893,
    0.4367678551402346,
    0.42445159293135826,
    0.4310834264284455,
    0.4192408666122183,
    0.45334743888295265,
    0.47229553458891615,
    0.423030485753411,
    0.39839796133565847,
    0.4353467479622873,
    0.41450384268572743
  ],
  "elapsed_s": 784.0884337997995,
  "raw": {
    "mean": -2.330029296875,
    "sem": 0.01002773254140112,
    "rel_err": 0.43488488812945447,
    "parity_discard": 0.0,
    "cost": {
      "n_circuits_per_eval": 20,
      "overhead_circuits": 1.0,
      "overhead_amortised": 1.0,
      "shot_multiplier": 1.0,
      "measured_discard": 0.0,
      "overhead_effective": 1.0
    }
  },
  "readout": {
    "mean": -2.5241398959789216,
    "sem": 0.010878162908337494,
    "rel_err": 0.38780615264960777,
    "parity_discard": 0.0,
    "cost": {
      "n_circuits_per_eval": 20,
      "overhead_circuits": 1.0,
      "overhead_amortised": 1.0125,
      "shot_multiplier": 1.0,
      "measured_discard": 0.0,
      "overhead_effective": 1.0125
    }
  },
  "parity": {
    "mean": -4.689190983780745,
    "sem": 0.008197312263940314,
    "rel_err": 0.13729586616600006,
    "parity_discard": 0.3783203125,
    "cost": {
      "n_circuits_per_eval": 20,
      "overhead_circuits": 1.0,
      "overhead_amortised": 1.0,
      "shot_multiplier": 1.608545397423814,
      "measured_discard": 0.3783203125,
      "overhead_effective": 1.608545397423814
    }
  },
  "zne": {
    "mean": -2.3300292968750003,
    "sem": 0.02290793743917782,
    "rel_err": 0.43488488812945436,
    "parity_discard": 0.0,
    "cost": {
      "n_circuits_per_eval": 60,
      "overhead_circuits": 3.0,
      "overhead_amortised": 3.0,
      "shot_multiplier": 1.0,
      "measured_discard": 0.0,
      "overhead_effective": 3.0
    }
  },
  "ro+parity": {
    "mean": -4.935791296299464,
    "sem": 0.010203537307418072,
    "rel_err": 0.1971052270968827,
    "parity_discard": 0.361315412125253,
    "cost": {
      "n_circuits_per_eval": 20,
      "overhead_circuits": 1.0,
      "overhead_amortised": 1.0125,
      "shot_multiplier": 1.565718069583528,
      "measured_discard": 0.361315412125253,
      "overhead_effective": 1.585289545453322
    }
  },
  "ro+zne": {
    "mean": -2.52413989597892,
    "sem": 0.02485071020078894,
    "rel_err": 0.38780615264960816,
    "parity_discard": 0.0,
    "cost": {
      "n_circuits_per_eval": 60,
      "overhead_circuits": 3.0,
      "overhead_amortised": 3.0125,
      "shot_multiplier": 1.0,
      "measured_discard": 0.0,
      "overhead_effective": 3.0125
    }
  },
  "parity+zne": {
    "mean": -4.689190983780743,
    "sem": 0.01872641853344763,
    "rel_err": 0.13729586616599962,
    "parity_discard": 0.3783203124999999,
    "cost": {
      "n_circuits_per_eval": 60,
      "overhead_circuits": 3.0,
      "overhead_amortised": 3.0,
      "shot_multiplier": 1.6085453974238137,
      "measured_discard": 0.3783203124999999,
      "overhead_effective": 4.825636192271441
    }
  },
  "ro+parity+zne": {
    "mean": -4.93579129629946,
    "sem": 0.023309556106687966,
    "rel_err": 0.1971052270968816,
    "parity_discard": 0.36131541212525303,
    "cost": {
      "n_circuits_per_eval": 60,
      "overhead_circuits": 3.0,
      "overhead_amortised": 3.0125,
      "shot_multiplier": 1.5657180695835282,
      "measured_discard": 0.36131541212525303,
      "overhead_effective": 4.716725684620379
    }
  }
}