{
  "N": 2,
  "h": 0.5,
  "L": 2,
  "exact": -1.4142135623730947,
  "convergence_raw": [
    -0.9833984375,
    -0.3037109375,
    -0.5888671875,
    -1.0751953125,
    -0.767578125,
    -0.76953125,
    -1.0791015625,
    -1.044921875,
    -1.07421875,
    -1.091796875,
    -1.052734375,
    -1.07421875,
    -1.06640625,
    -1.08984375,
    -1.0380859375,
    -1.0830078125,
    -1.0810546875,
    -1.0703125,
    -1.05859375,
    -1.0712890625,
    -1.1123046875,
    -1.1083984375,
    -1.0810546875,
    -1.0849609375,
    -1.1279296875,
    -1.1083984375,
    -1.0986328125,
    -1.0126953125,
    -1.0732421875,
    -1.1005859375,
    -1.0927734375,
    -1.03515625,
    -1.123046875,
    -1.12890625,
    -1.1494140625,
    -1.123046875,
    -1.1474609375,
    -1.0458984375,
    -1.041015625,
    -1.06640625,
    -1.0771484375,
    -1.1171875,
    -1.1064453125
  ],
  "convergence_rel": [
    0.3046322962354946,
    0.7852439365732262,
    0.5836080185004997,
    0.2397221034312607,
    0.45724030272204447,
    0.4558592347900395,
    0.23695996756725077,
    0.26112865637733784,
    0.2404126373972632,
    0.22798302600921844,
    0.25560438464931795,
    0.2404126373972632,
    0.24593690912528313,
    0.2293640939412234,
    0.2659623941393553,
    0.23419783170324082,
    0.2355788996352458,
    0.24317477326127318,
    0.25146118085330305,
    0.2424842392952707,
    0.2134818127231662,
    0.21624394858717613,
    0.2355788996352458,
    0.23281676377123584,
    0.20243326926712638,
    0.21624394858717613,
    0.223149288247201,
    0.28391627725541996,
    0.2411031713632657,
    0.22176822031519605,
    0.22729249204321594,
    0.2680339960373627,
    0.20588593909713881,
    0.20174273530112388,
    0.18724152201507163,
    0.20588593909713881,
    0.18862258994707662,
    0.26043812241133535,
    0.2638907922413478,
    0.24593690912528313,
    0.23834103549925575,
    0.21002914289315375,
    0.21762501651918112
  ],
  "elapsed_s": 833.7028793999925,
  "raw": {
    "mean": -1.082177734375,
    "sem": 0.0033260420687251414,
    "rel_err": 0.23478478557434287,
    "parity_discard": 0.0,
    "cost": {
      "n_circuits_per_eval": 20,
      "overhead_circuits": 1.0,
      "overhead_amortised": 1.0,
      "shot_multiplier": 1.0,
      "measured_discard": 0.0,
      "overhead_effective": 1.0
    }
  },
  "readout": {
    "mean": -1.1770063667927806,
    "sem": 0.0036764460282162482,
    "rel_err": 0.1677308165410838,
    "parity_discard": 0.0,
    "cost": {
      "n_circuits_per_eval": 20,
      "overhead_circuits": 1.0,
      "overhead_amortised": 1.0125,
      "shot_multiplier": 1.0,
      "measured_discard": 0.0,
      "overhead_effective": 1.0125
    }
  },
  "parity": {
    "mean": -1.7576689735204938,
    "sem": 0.0022768288799589827,
    "rel_err": 0.2428596502575397,
    "parity_discard": 0.3253173828125,
    "cost": {
      "n_circuits_per_eval": 20,
      "overhead_circuits": 1.0,
      "overhead_amortised": 1.0,
      "shot_multiplier": 1.4821783969603763,
      "measured_discard": 0.3253173828125,
      "overhead_effective": 1.4821783969603763
    }
  },
  "zne": {
    "mean": -1.0821777343749994,
    "sem": 0.007598204610649012,
    "rel_err": 0.23478478557434335,
    "parity_discard": 0.0,
    "cost": {
      "n_circuits_per_eval": 60,
      "overhead_circuits": 3.0,
      "overhead_amortised": 3.0,
      "shot_multiplier": 1.0,
      "measured_discard": 0.0,
      "overhead_effective": 3.0
    }
  },
  "ro+parity": {
    "mean": -1.795600032300704,
    "sem": 0.0024455997065260934,
    "rel_err": 0.26968095913861184,
    "parity_discard": 0.30749217124499506,
    "cost": {
      "n_circuits_per_eval": 20,
      "overhead_circuits": 1.0,
      "overhead_amortised": 1.0125,
      "shot_multiplier": 1.4440269964858108,
      "measured_discard": 0.30749217124499506,
      "overhead_effective": 1.4620773339418833
    }
  },
  "ro+zne": {
    "mean": -1.17700636679278,
    "sem": 0.008398687865394945,
    "rel_err": 0.16773081654108427,
    "parity_discard": 0.0,
    "cost": {
      "n_circuits_per_eval": 60,
      "overhead_circuits": 3.0,
      "overhead_amortised": 3.0125,
      "shot_multiplier": 1.0,
      "measured_discard": 0.0,
      "overhead_effective": 3.0125
    }
  },
  "parity+zne": {
    "mean": -1.7576689735204936,
    "sem": 0.005201320769822408,
    "rel_err": 0.24285965025753953,
    "parity_discard": 0.3253173828125,
    "cost": {
      "n_circuits_per_eval": 60,
      "overhead_circuits": 3.0,
      "overhead_amortised": 3.0,
      "shot_multiplier": 1.4821783969603763,
      "measured_discard": 0.3253173828125,
      "overhead_effective": 4.446535190881129
    }
  },
  "ro+parity+zne": {
    "mean": -1.7956000323007044,
    "sem": 0.005586870695550433,
    "rel_err": 0.2696809591386122,
    "parity_discard": 0.30749217124499506,
    "cost": {
      "n_circuits_per_eval": 60,
      "overhead_circuits": 3.0,
      "overhead_amortised": 3.0125,
      "shot_multiplier": 1.4440269964858108,
      "measured_discard": 0.30749217124499506,
      "overhead_effective": 4.350131326913505
    }
  }
}