{
  "N": 2,
  "h": 2.0,
  "L": 3,
  "exact": -4.123105625617661,
  "convergence_raw": [
    1.373046875,
    -0.267578125,
    -1.142578125,
    0.173828125,
    -2.236328125,
    -0.177734375,
    -0.203125,
    -2.892578125,
    -3.255859375,
    -0.40625,
    -3.20703125,
    -2.39453125,
    -3.646484375,
    -3.73828125,
    -0.712890625,
    -3.208984375,
    -3.705078125,
    -3.79296875,
    -3.833984375,
    -3.779296875,
    -3.791015625,
    -3.701171875,
    -3.75390625,
    -3.857421875,
    -3.861328125,
    -3.8046875,
    -3.806640625,
    -3.875,
    -3.771484375,
    -3.853515625,
    -3.845703125,
    -3.798828125,
    -3.7578125,
    -3.810546875,
    -3.927734375,
    -3.796875,
    -3.77734375,
    -3.748046875,
    -3.7734375,
    -3.732421875,
    -3.845703125,
    -3.810546875,
    -3.8125,
    -3.86328125,
    -3.849609375,
    -3.759765625,
    -3.818359375,
    -3.822265625,
    -3.8203125,
    -3.70703125,
    -3.748046875,
    -3.716796875,
    -3.76953125,
    -3.865234375,
    -3.90234375,
    -3.798828125,
    -3.84765625,
    -3.736328125,
    -3.830078125,
    -3.724609375,
    -3.833984375,
    -3.82421875,
    -3.830078125,
    -3.84765625,
    -3.73828125,
    -3.78515625
  ],
  "convergence_rel": [
    1.3330127820323088,
    0.9351027722070749,
    0.7228841003002836,
    1.0421595129457688,
    0.45761076041679444,
    0.956893082268933,
    0.9507349511644949,
    0.29844675648670094,
    0.21033811145397058,
    0.9014699023289897,
    0.22218067127019778,
    0.4192408666122183,
    0.11559763292415301,
    0.09333362046964588,
    0.827098626683083,
    0.22170696887754868,
    0.10138656114468038,
    0.08006995347547143,
    0.07012220322984059,
    0.08338587022401504,
    0.08054365586812051,
    0.10233396592997855,
    0.08954400132845318,
    0.06443777451805152,
    0.06349036973275335,
    0.0772277391195769,
    0.07675403672692781,
    0.06017445298420974,
    0.08528067979461139,
    0.06538517930334971,
    0.06727998887394605,
    0.07864884629752417,
    0.088596596543155,
    0.07580663194162963,
    0.047384488382684366,
    0.07912254869017325,
    0.08385957261666413,
    0.09096510850640044,
    0.0848069774019623,
    0.09475472764759314,
    0.06727998887394605,
    0.07580663194162963,
    0.07533292954898055,
    0.06301666734010426,
    0.06633258408864788,
    0.08812289415050592,
    0.07391182237103329,
    0.0729644175857351,
    0.07343811997838419,
    0.10091285875203129,
    0.09096510850640044,
    0.09854434678878585,
    0.08575438218726048,
    0.06254296494745518,
    0.05354261948712251,
    0.07864884629752417,
    0.06680628648129697,
    0.09380732286229497,
    0.07106960801513876,
    0.0966495372181895,
    0.07012220322984059,
    0.07249071519308602,
    0.07106960801513876,
    0.06680628648129697,
    0.09333362046964588,
    0.08196476304606777
  ],
  "elapsed_s": 968.8053523999988,
  "raw": {
    "mean": -3.8069580078125,
    "sem": 0.005918087148513665,
    "rel_err": 0.07667706008812238,
    "parity_discard": 0.0,
    "cost": {
      "n_circuits_per_eval": 20,
      "overhead_circuits": 1.0,
      "overhead_amortised": 1.0,
      "shot_multiplier": 1.0,
      "measured_discard": 0.0,
      "overhead_effective": 1.0
    }
  },
  "readout": {
    "mean": -4.058094284410319,
    "sem": 0.0064900989520932355,
    "rel_err": 0.015767566274172914,
    "parity_discard": 0.0,
    "cost": {
      "n_circuits_per_eval": 20,
      "overhead_circuits": 1.0,
      "overhead_amortised": 1.0125,
      "shot_multiplier": 1.0,
      "measured_discard": 0.0,
      "overhead_effective": 1.0125
    }
  },
  "parity": {
    "mean": -4.934342066286508,
    "sem": 0.002807234476845229,
    "rel_err": 0.1967537371898689,
    "parity_discard": 0.2506103515625,
    "cost": {
      "n_circuits_per_eval": 20,
      "overhead_circuits": 1.0,
      "overhead_amortised": 1.0,
      "shot_multiplier": 1.3344192865287505,
      "measured_discard": 0.2506103515625,
      "overhead_effective": 1.3344192865287505
    }
  },
  "zne": {
    "mean": -3.819781494140626,
    "sem": 0.01344354927374334,
    "rel_err": 0.0735669078163854,
    "parity_discard": 0.0,
    "cost": {
      "n_circuits_per_eval": 60,
      "overhead_circuits": 3.0,
      "overhead_amortised": 3.0,
      "shot_multiplier": 1.0,
      "measured_discard": 0.0,
      "overhead_effective": 3.0
    }
  },
  "ro+parity": {
    "mean": -4.94396526088497,
    "sem": 0.002904537197370695,
    "rel_err": 0.1990877047066532,
    "parity_discard": 0.2179704153131628,
    "cost": {
      "n_circuits_per_eval": 20,
      "overhead_circuits": 1.0,
      "overhead_amortised": 1.0125,
      "shot_multiplier": 1.2787240017274395,
      "measured_discard": 0.2179704153131628,
      "overhead_effective": 1.2947080517490324
    }
  },
  "ro+zne": {
    "mean": -4.071712180192754,
    "sem": 0.014735373476332282,
    "rel_err": 0.012464741408900427,
    "parity_discard": 0.0,
    "cost": {
      "n_circuits_per_eval": 60,
      "overhead_circuits": 3.0,
      "overhead_amortised": 3.0125,
      "shot_multiplier": 1.0,
      "measured_discard": 0.0,
      "overhead_effective": 3.0125
    }
  },
  "parity+zne": {
    "mean": -4.942094309959542,
    "sem": 0.006461946270691023,
    "rel_err": 0.1986339324545421,
    "parity_discard": 0.2522705078125,
    "cost": {
      "n_circuits_per_eval": 60,
      "overhead_circuits": 3.0,
      "overhead_amortised": 3.0,
      "shot_multiplier": 1.3373820485192804,
      "measured_discard": 0.2522705078125,
      "overhead_effective": 4.012146145557841
    }
  },
  "ro+parity+zne": {
    "mean": -4.9513087601700665,
    "sem": 0.006690382157941438,
    "rel_err": 0.20086876489571795,
    "parity_discard": 0.21984852837212632,
    "cost": {
      "n_circuits_per_eval": 60,
      "overhead_circuits": 3.0,
      "overhead_amortised": 3.0125,
      "shot_multiplier": 1.2818023632172195,
      "measured_discard": 0.21984852837212632,
      "overhead_effective": 3.861429619191874
    }
  }
}