{
  "N": 2,
  "h": 2.0,
  "L": 1,
  "exact": -4.123105625617661,
  "convergence_raw": [
    2.240234375,
    1.900390625,
    1.0703125,
    -1.01953125,
    -0.537109375,
    -1.9140625,
    -2.185546875,
    -1.61328125,
    -1.42578125,
    -2.14453125,
    -2.380859375,
    -2.107421875,
    -2.193359375,
    -2.345703125,
    -2.384765625,
    -2.2265625,
    -2.224609375,
    -2.31640625,
    -2.369140625,
    -2.365234375,
    -2.232421875,
    -2.302734375,
    -2.375,
    -2.392578125,
    -2.296875,
    -2.384765625,
    -2.3203125,
    -2.345703125,
    -2.228515625,
    -2.134765625,
    -2.34375,
    -2.478515625,
    -2.265625
  ],
  "convergence_rel": [
    1.5433366443685037,
    1.4609124280475625,
    1.2595889111717002,
    0.7527273510371761,
    0.8697318420215009,
    0.5357716552038939,
    0.4699270226256707,
    0.6087218236718535,
    0.6541972533661659,
    0.47987477287130154,
    0.4225567833607619,
    0.4888751183316342,
    0.46803221305507436,
    0.4310834264284455,
    0.42160937857546377,
    0.4599792723800399,
    0.460452974772689,
    0.43818896231818183,
    0.42539899771665646,
    0.42634640250195466,
    0.4585581652020926,
    0.4415048790667254,
    0.4239778905387092,
    0.4197145690048674,
    0.4429259862446727,
    0.42160937857546377,
    0.43724155753288363,
    0.4310834264284455,
    0.4595055699873908,
    0.482243284834547,
    0.4315571288210946,
    0.3988716637283075,
    0.4505052245270581
  ],
  "elapsed_s": 756.3883058999781,
  "raw": {
    "mean": -2.296484375,
    "sem": 0.00983456837716156,
    "rel_err": 0.44302072672320253,
    "parity_discard": 0.0,
    "cost": {
      "n_circuits_per_eval": 20,
      "overhead_circuits": 1.0,
      "overhead_amortised": 1.0,
      "shot_multiplier": 1.0,
      "measured_discard": 0.0,
      "overhead_effective": 1.0
    }
  },
  "readout": {
    "mean": -2.4830619381011507,
    "sem": 0.01065749642003181,
    "rel_err": 0.3977690208387091,
    "parity_discard": 0.0,
    "cost": {
      "n_circuits_per_eval": 20,
      "overhead_circuits": 1.0,
      "overhead_amortised": 1.0125,
      "shot_multiplier": 1.0,
      "measured_discard": 0.0,
      "overhead_effective": 1.0125
    }
  },
  "parity": {
    "mean": -4.748650200949745,
    "sem": 0.00599708204688903,
    "rel_err": 0.15171684456625464,
    "parity_discard": 0.394000244140625,
    "cost": {
      "n_circuits_per_eval": 20,
      "overhead_circuits": 1.0,
      "overhead_amortised": 1.0,
      "shot_multiplier": 1.650165681307724,
      "measured_discard": 0.394000244140625,
      "overhead_effective": 1.650165681307724
    }
  },
  "zne": {
    "mean": -2.3003021240234363,
    "sem": 0.022366749213719735,
    "rel_err": 0.44209478657757156,
    "parity_discard": 0.0,
    "cost": {
      "n_circuits_per_eval": 60,
      "overhead_circuits": 3.0,
      "overhead_amortised": 3.0,
      "shot_multiplier": 1.0,
      "measured_discard": 0.0,
      "overhead_effective": 3.0
    }
  },
  "ro+parity": {
    "mean": -5.000155333194482,
    "sem": 0.008017215360683724,
    "rel_err": 0.21271579901507748,
    "parity_discard": 0.3793211038318554,
    "cost": {
      "n_circuits_per_eval": 20,
      "overhead_circuits": 1.0,
      "overhead_amortised": 1.0125,
      "shot_multiplier": 1.6111390385167785,
      "measured_discard": 0.3793211038318554,
      "overhead_effective": 1.631278276498238
    }
  },
  "ro+zne": {
    "mean": -2.487208645354606,
    "sem": 0.024233366632756586,
    "rel_err": 0.3967632966031496,
    "parity_discard": 0.0,
    "cost": {
      "n_circuits_per_eval": 60,
      "overhead_circuits": 3.0,
      "overhead_amortised": 3.0125,
      "shot_multiplier": 1.0,
      "measured_discard": 0.0,
      "overhead_effective": 3.0125
    }
  },
  "parity+zne": {
    "mean": -4.754961189061915,
    "sem": 0.013079773707230598,
    "rel_err": 0.15324748401263663,
    "parity_discard": 0.39437459309895834,
    "cost": {
      "n_circuits_per_eval": 60,
      "overhead_circuits": 3.0,
      "overhead_amortised": 3.0,
      "shot_multiplier": 1.6511856811241716,
      "measured_discard": 0.39437459309895834,
      "overhead_effective": 4.9535570433725145
    }
  },
  "ro+parity+zne": {
    "mean": -5.006995617474679,
    "sem": 0.017539063168938367,
    "rel_err": 0.21437481163840127,
    "parity_discard": 0.3797468978793607,
    "cost": {
      "n_circuits_per_eval": 60,
      "overhead_circuits": 3.0,
      "overhead_amortised": 3.0125,
      "shot_multiplier": 1.6122450602520324,
      "measured_discard": 0.3797468978793607,
      "overhead_effective": 4.856888244009248
    }
  }
}