{
  "N": 2,
  "h": 0.5,
  "L": 1,
  "exact": -1.4142135623730947,
  "convergence_raw": [
    -0.203125,
    -0.126953125,
    -0.3583984375,
    -0.69140625,
    -0.82421875,
    0.4208984375,
    -0.6201171875,
    -0.6474609375,
    -0.8037109375,
    -0.8994140625,
    -1.0439453125,
    -0.884765625,
    -0.865234375,
    -1.1025390625,
    -1.083984375,
    -1.0830078125,
    -1.0712890625,
    -1.09765625,
    -1.099609375,
    -1.0595703125,
    -1.0791015625,
    -1.1171875,
    -1.0537109375,
    -1.072265625,
    -1.0908203125,
    -1.0869140625,
    -1.0859375,
    -1.041015625,
    -1.0576171875,
    -1.0966796875,
    -1.068359375,
    -1.1044921875,
    -1.173828125,
    -1.0869140625,
    -1.0751953125,
    -1.078125,
    -1.0634765625,
    -1.123046875,
    -1.03515625
  ],
  "convergence_rel": [
    0.8563689350714825,
    0.9102305844196765,
    0.7465740344770869,
    0.5111019520702385,
    0.41718933269390013,
    1.2976201393470723,
    0.5615109315884201,
    0.5421759805403504,
    0.4316905459799524,
    0.3640182173117086,
    0.26181919034334034,
    0.37437622680174587,
    0.3881869061217956,
    0.22038715238319107,
    0.23350729773723833,
    0.23419783170324082,
    0.2424842392952707,
    0.2238398222132035,
    0.22245875428119852,
    0.25077064688730055,
    0.23695996756725077,
    0.21002914289315375,
    0.25491385068331546,
    0.2417937053292682,
    0.22867355997522093,
    0.23143569583923088,
    0.23212622980523337,
    0.2638907922413478,
    0.2521517148193055,
    0.224530356179206,
    0.24455584119327814,
    0.21900608445118608,
    0.16997817286500944,
    0.23143569583923088,
    0.2397221034312607,
    0.23765050153325326,
    0.24800851102329058,
    0.20588593909713881,
    0.2680339960373627
  ],
  "elapsed_s": 789.4974102999549,
  "raw": {
    "mean": -1.07911376953125,
    "sem": 0.0031397076052899083,
    "rel_err": 0.23695133589267572,
    "parity_discard": 0.0,
    "cost": {
      "n_circuits_per_eval": 20,
      "overhead_circuits": 1.0,
      "overhead_amortised": 1.0,
      "shot_multiplier": 1.0,
      "measured_discard": 0.0,
      "overhead_effective": 1.0
    }
  },
  "readout": {
    "mean": -1.1891784438995014,
    "sem": 0.003461112864324722,
    "rel_err": 0.15912385827779593,
    "parity_discard": 0.0,
    "cost": {
      "n_circuits_per_eval": 20,
      "overhead_circuits": 1.0,
      "overhead_amortised": 1.0125,
      "shot_multiplier": 1.0,
      "measured_discard": 0.0,
      "overhead_effective": 1.0125
    }
  },
  "parity": {
    "mean": -1.5996938253266413,
    "sem": 0.0026242805257232042,
    "rel_err": 0.1311543517107168,
    "parity_discard": 0.3061279296875,
    "cost": {
      "n_circuits_per_eval": 20,
      "overhead_circuits": 1.0,
      "overhead_amortised": 1.0,
      "shot_multiplier": 1.4411878540515817,
      "measured_discard": 0.3061279296875,
      "overhead_effective": 1.4411878540515817
    }
  },
  "zne": {
    "mean": -1.08006591796875,
    "sem": 0.007226105731412772,
    "rel_err": 0.23627806527582335,
    "parity_discard": 0.0,
    "cost": {
      "n_circuits_per_eval": 60,
      "overhead_circuits": 3.0,
      "overhead_amortised": 3.0,
      "shot_multiplier": 1.0,
      "measured_discard": 0.0,
      "overhead_effective": 3.0
    }
  },
  "ro+parity": {
    "mean": -1.6327249979998342,
    "sem": 0.002801387095802279,
    "rel_err": 0.15451091789847526,
    "parity_discard": 0.283286137013853,
    "cost": {
      "n_circuits_per_eval": 20,
      "overhead_circuits": 1.0,
      "overhead_amortised": 1.0125,
      "shot_multiplier": 1.3952569521029743,
      "measured_discard": 0.283286137013853,
      "overhead_effective": 1.4126976640042614
    }
  },
  "ro+zne": {
    "mean": -1.190236273171303,
    "sem": 0.00796566663896369,
    "rel_err": 0.15837586002636744,
    "parity_discard": 0.0,
    "cost": {
      "n_circuits_per_eval": 60,
      "overhead_circuits": 3.0,
      "overhead_amortised": 3.0125,
      "shot_multiplier": 1.0,
      "measured_discard": 0.0,
      "overhead_effective": 3.0125
    }
  },
  "parity+zne": {
    "mean": -1.600406045437484,
    "sem": 0.006013025175254952,
    "rel_err": 0.1316579673807911,
    "parity_discard": 0.30656534830729165,
    "cost": {
      "n_circuits_per_eval": 60,
      "overhead_circuits": 3.0,
      "overhead_amortised": 3.0,
      "shot_multiplier": 1.4420969554361762,
      "measured_discard": 0.30656534830729165,
      "overhead_effective": 4.326290866308529
    }
  },
  "ro+parity+zne": {
    "mean": -1.633510041638002,
    "sem": 0.006412349282769453,
    "rel_err": 0.15506602757855106,
    "parity_discard": 0.28377794628004355,
    "cost": {
      "n_circuits_per_eval": 60,
      "overhead_circuits": 3.0,
      "overhead_amortised": 3.0125,
      "shot_multiplier": 1.3962150352759188,
      "measured_discard": 0.28377794628004355,
      "overhead_effective": 4.206097793768706
    }
  }
}