{
  "N": 4,
  "h": 0.5,
  "L": 3,
  "exact": -3.427034088908078,
  "convergence_raw": [
    -1.947265625,
    -1.798828125,
    -0.6396484375,
    -2.0634765625,
    -2.25,
    -2.14453125,
    -2.83203125,
    -3.0380859375,
    -2.8037109375,
    -2.5126953125,
    -2.330078125,
    -2.60546875,
    -2.7744140625,
    -2.578125,
    -2.8603515625,
    -2.29296875,
    -2.7998046875,
    -2.9375,
    -2.89453125,
    -2.966796875,
    -2.9189453125,
    -2.96484375,
    -2.97265625,
    -2.953125,
    -2.939453125,
    -2.8037109375,
    -2.9345703125,
    -2.9189453125,
    -2.91796875,
    -2.958984375,
    -2.8828125,
    -3.0087890625,
    -3.017578125,
    -2.966796875,
    -2.9130859375,
    -2.9150390625,
    -2.962890625,
    -2.9423828125,
    -2.9306640625,
    -2.90625,
    -2.9580078125,
    -2.9599609375,
    -2.9345703125,
    -3.03125,
    -2.9228515625,
    -2.8642578125,
    -2.9970703125,
    -2.98828125,
    -2.9150390625,
    -2.9150390625,
    -2.9873046875,
    -2.9697265625,
    -2.9111328125,
    -2.8974609375,
    -2.884765625,
    -2.962890625,
    -2.9521484375,
    -2.908203125,
    -2.91015625,
    -2.9013671875,
    -2.966796875,
    -2.927734375,
    -2.962890625,
    -3.0849609375,
    -2.9892578125,
    -2.880859375,
    -2.9248046875,
    -2.94140625,
    -2.8828125,
    -2.9736328125,
    -2.8544921875,
    -2.8994140625,
    -3.025390625,
    -3.025390625,
    -2.880859375,
    -2.916015625,
    -2.916015625,
    -2.8623046875,
    -2.8935546875,
    -2.9521484375,
    -2.953125,
    -2.95703125,
    -2.93359375,
    -2.970703125,
    -2.892578125,
    -2.9697265625,
    -2.8935546875,
    -2.8876953125,
    -2.9814453125,
    -2.9677734375,
    -2.974609375,
    -2.9794921875,
    -3.0400390625
  ],
  "convergence_rel": [
    0.43179274717385785,
    0.47510643946551967,
    0.813352181243168,
    0.3978826854455174,
    0.3434556115790213,
    0.3742311297862547,
    0.17362034443540011,
    0.1134941005305275,
    0.1818841409910461,
    0.2668017745628567,
    0.3200890144216775,
    0.2397307168805681,
    0.19043289604861094,
    0.24770955493429528,
    0.16535654787975412,
    0.3309174374945929,
    0.18302397499872142,
    0.14284482622816674,
    0.15538300031259514,
    0.1342960711706019,
    0.14825903776462446,
    0.13486598817443957,
    0.13258632015908894,
    0.1382854901974655,
    0.1422749092243291,
    0.1818841409910461,
    0.1436997017339232,
    0.14825903776462446,
    0.1485439962665433,
    0.13657573918595253,
    0.15880250233562107,
    0.12204285558809233,
    0.11947822907082288,
    0.1342960711706019,
    0.14996878877613742,
    0.14939887177229977,
    0.13543590517827722,
    0.1414200337185726,
    0.14483953574159852,
    0.15196349828956923,
    0.13686069768787137,
    0.13629078068403372,
    0.1436997017339232,
    0.11548881004395929,
    0.14711920375694915,
    0.1642167138720788,
    0.12546235761111826,
    0.1280269841283877,
    0.14939887177229977,
    0.14939887177229977,
    0.12831194263030654,
    0.13344119566484544,
    0.15053870577997508,
    0.15452812480683867,
    0.15823258533178342,
    0.13543590517827722,
    0.1385704486993843,
    0.15139358128573158,
    0.15082366428189392,
    0.15338829079916336,
    0.1342960711706019,
    0.14569441124735502,
    0.13543590517827722,
    0.09981609243842378,
    0.12774202562646889,
    0.15937241933945873,
    0.1465492867531115,
    0.14170499222049143,
    0.15880250233562107,
    0.13230136165717013,
    0.1670662988912671,
    0.153958207803001,
    0.11719856105547226,
    0.11719856105547226,
    0.15937241933945873,
    0.14911391327038095,
    0.14911391327038095,
    0.16478663087591647,
    0.15566795881451398,
    0.1385704486993843,
    0.1382854901974655,
    0.1371456561897902,
    0.14398466023584205,
    0.1331562371629266,
    0.1559529173164328,
    0.13344119566484544,
    0.15566795881451398,
    0.15737770982602695,
    0.1300216936418195,
    0.1340111126686831,
    0.1320164031552513,
    0.13059161064565716,
    0.11292418352668984
  ],
  "elapsed_s": 1256.6788823000388,
  "raw": {
    "mean": -2.93995361328125,
    "sem": 0.004415933743129738,
    "rel_err": 0.14212886799209573,
    "parity_discard": 0.0,
    "cost": {
      "n_circuits_per_eval": 20,
      "overhead_circuits": 1.0,
      "overhead_amortised": 1.0,
      "shot_multiplier": 1.0,
      "measured_discard": 0.0,
      "overhead_effective": 1.0
    }
  },
  "readout": {
    "mean": -3.1901792369427007,
    "sem": 0.00473290455054048,
    "rel_err": 0.06911365507917787,
    "parity_discard": 0.0,
    "cost": {
      "n_circuits_per_eval": 20,
      "overhead_circuits": 1.0,
      "overhead_amortised": 1.025,
      "shot_multiplier": 1.0,
      "measured_discard": 0.0,
      "overhead_effective": 1.025
    }
  },
  "parity": {
    "mean": -3.434873217498641,
    "sem": 0.006911688263495166,
    "rel_err": 0.0022874381716642034,
    "parity_discard": 0.35379638671875,
    "cost": {
      "n_circuits_per_eval": 20,
      "overhead_circuits": 1.0,
      "overhead_amortised": 1.0,
      "shot_multiplier": 1.5474998583221566,
      "measured_discard": 0.35379638671875,
      "overhead_effective": 1.5474998583221566
    }
  },
  "zne": {
    "mean": -2.952479553222655,
    "sem": 0.010326602634288544,
    "rel_err": 0.13847382995732782,
    "parity_discard": 0.0,
    "cost": {
      "n_circuits_per_eval": 60,
      "overhead_circuits": 3.0,
      "overhead_amortised": 3.0,
      "shot_multiplier": 1.0,
      "measured_discard": 0.0,
      "overhead_effective": 3.0
    }
  },
  "ro+parity": {
    "mean": -3.5175843676228853,
    "sem": 0.007704528965693138,
    "rel_err": 0.02642234549340543,
    "parity_discard": 0.32294019068417407,
    "cost": {
      "n_circuits_per_eval": 20,
      "overhead_circuits": 1.0,
      "overhead_amortised": 1.025,
      "shot_multiplier": 1.4769743916870617,
      "measured_discard": 0.32294019068417407,
      "overhead_effective": 1.5138987514792381
    }
  },
  "ro+zne": {
    "mean": -3.2038691168371924,
    "sem": 0.011072345956609235,
    "rel_err": 0.06511898226900642,
    "parity_discard": 0.0,
    "cost": {
      "n_circuits_per_eval": 60,
      "overhead_circuits": 3.0,
      "overhead_amortised": 3.025,
      "shot_multiplier": 1.0,
      "measured_discard": 0.0,
      "overhead_effective": 3.025
    }
  },
  "parity+zne": {
    "mean": -3.4399000980459373,
    "sem": 0.015243870074576104,
    "rel_err": 0.003754269378148657,
    "parity_discard": 0.3563252766927083,
    "cost": {
      "n_circuits_per_eval": 60,
      "overhead_circuits": 3.0,
      "overhead_amortised": 3.0,
      "shot_multiplier": 1.553579725582292,
      "measured_discard": 0.3563252766927083,
      "overhead_effective": 4.660739176746876
    }
  },
  "ro+parity+zne": {
    "mean": -3.52158783616128,
    "sem": 0.016963738529683303,
    "rel_err": 0.027590547628117874,
    "parity_discard": 0.326007067117764,
    "cost": {
      "n_circuits_per_eval": 60,
      "overhead_circuits": 3.0,
      "overhead_amortised": 3.025,
      "shot_multiplier": 1.4836950822668726,
      "measured_discard": 0.326007067117764,
      "overhead_effective": 4.48817762385729
    }
  }
}