{
  "N": 4,
  "h": 1.0,
  "L": 3,
  "exact": -4.7587704831436355,
  "convergence_raw": [
    0.515625,
    -0.34765625,
    0.173828125,
    0.4140625,
    -0.798828125,
    -1.578125,
    -1.076171875,
    -1.240234375,
    -1.318359375,
    -0.630859375,
    -1.494140625,
    -1.990234375,
    -1.982421875,
    -2.611328125,
    -2.8125,
    -2.064453125,
    -2.978515625,
    -2.275390625,
    -2.669921875,
    -3.193359375,
    -3.3359375,
    -3.0078125,
    -3.43359375,
    -3.0703125,
    -3.55859375,
    -3.578125,
    -2.720703125,
    -4.017578125,
    -2.76171875,
    -3.853515625,
    -3.48046875,
    -3.880859375,
    -3.521484375,
    -3.779296875,
    -3.751953125,
    -3.658203125,
    -3.759765625,
    -3.970703125,
    -3.908203125,
    -3.9375,
    -3.814453125,
    -3.998046875,
    -3.962890625,
    -3.9921875,
    -3.73046875,
    -3.841796875,
    -3.935546875,
    -3.8125,
    -3.83203125,
    -3.919921875,
    -3.94921875,
    -3.833984375,
    -3.787109375,
    -3.958984375,
    -3.8828125,
    -4.021484375,
    -3.890625,
    -3.88671875,
    -3.83203125,
    -3.822265625,
    -3.87109375,
    -3.8984375,
    -3.80859375,
    -3.759765625,
    -3.853515625,
    -3.931640625,
    -3.78125,
    -3.91796875,
    -3.90625,
    -3.927734375,
    -3.75390625,
    -3.87109375,
    -3.810546875,
    -3.951171875,
    -3.857421875,
    -3.931640625,
    -3.85546875,
    -3.82421875,
    -3.98046875,
    -3.876953125,
    -3.8125,
    -3.869140625,
    -3.8984375,
    -3.880859375,
    -3.8125,
    -3.947265625,
    -3.89453125,
    -3.84375,
    -3.93359375,
    -3.91796875,
    -3.828125,
    -3.966796875,
    -3.830078125,
    -3.87109375,
    -4.009765625,
    -3.7890625,
    -3.92578125,
    -3.84375,
    -3.95703125,
    -3.869140625,
    -3.91796875,
    -3.75,
    -3.84765625,
    -3.87109375,
    -3.900390625,
    -3.837890625,
    -3.9140625,
    -3.775390625,
    -3.892578125,
    -3.814453125,
    -3.849609375,
    -3.869140625,
    -3.990234375
  ],
  "convergence_rel": [
    1.1083525675017172,
    0.9269441022147513,
    1.0365279488926245,
    1.0870103951150154,
    0.8321356056507487,
    0.6683754752220171,
    0.7738550579793706,
    0.739379241047006,
    0.7229621853649277,
    0.8674322753672172,
    0.6860238100802514,
    0.5817755064990539,
    0.5834172120672616,
    0.45125991382653086,
    0.40898599544517905,
    0.5661793036010794,
    0.3740997521207626,
    0.5218532532594677,
    0.43894712206497205,
    0.32895284899504706,
    0.29899172237525407,
    0.36794335623998314,
    0.2784704027726561,
    0.35480971169432046,
    0.25220311368133075,
    0.24809884976081115,
    0.42827603587162116,
    0.15575291154912038,
    0.41965708163853,
    0.19022872848148492,
    0.2686201693634091,
    0.1844827589927575,
    0.26000121513031793,
    0.20582493137945937,
    0.2115709008681868,
    0.23127136768668083,
    0.20992919529997897,
    0.1656031449583674,
    0.17873678950403007,
    0.1725803936232507,
    0.1984372563225241,
    0.15985717546963996,
    0.16724485052657523,
    0.16108845464579585,
    0.21608559118075835,
    0.1926912868337967,
    0.17299082001530267,
    0.19884768271457606,
    0.1947434187940565,
    0.17627423115171834,
    0.17011783527093893,
    0.19433299240200452,
    0.20418322581125153,
    0.16806570331067913,
    0.18407233260070555,
    0.15493205876501645,
    0.1824306270324977,
    0.18325147981660161,
    0.1947434187940565,
    0.19679555075431626,
    0.18653489095301728,
    0.18078892146428988,
    0.19966853549868,
    0.20992919529997897,
    0.19022872848148492,
    0.17381167279940657,
    0.2054145049874074,
    0.17668465754377027,
    0.17914721589608204,
    0.1746325255835105,
    0.21116047447613484,
    0.18653489095301728,
    0.19925810910662803,
    0.16970740887888697,
    0.18940787569738102,
    0.17381167279940657,
    0.18981830208943298,
    0.19638512436226432,
    0.1635510129981076,
    0.18530361177686142,
    0.19884768271457606,
    0.18694531734506925,
    0.18078892146428988,
    0.1844827589927575,
    0.19884768271457606,
    0.1705282616629909,
    0.18160977424839378,
    0.19228086044174472,
    0.1734012464073546,
    0.17668465754377027,
    0.1955642715781604,
    0.1664239977424713,
    0.19515384518610843,
    0.18653489095301728,
    0.15739461711732822,
    0.20377279941919957,
    0.17504295197556244,
    0.19228086044174472,
    0.1684761297027311,
    0.18694531734506925,
    0.17668465754377027,
    0.21198132726023874,
    0.19146000765764082,
    0.18653489095301728,
    0.1803784950722379,
    0.1935121396179006,
    0.1775055103278742,
    0.2066457841635633,
    0.18202020064044575,
    0.1984372563225241,
    0.19104958126558885,
    0.18694531734506925,
    0.1614988810378478
  ],
  "elapsed_s": 1231.877994999988,
  "raw": {
    "mean": -3.8684326171875,
    "sem": 0.006662594226888926,
    "rel_err": 0.18709409691218806,
    "parity_discard": 0.0,
    "cost": {
      "n_circuits_per_eval": 20,
      "overhead_circuits": 1.0,
      "overhead_amortised": 1.0,
      "shot_multiplier": 1.0,
      "measured_discard": 0.0,
      "overhead_effective": 1.0
    }
  },
  "readout": {
    "mean": -4.072111861536997,
    "sem": 0.007235656091544149,
    "rel_err": 0.1442932841663406,
    "parity_discard": 0.0,
    "cost": {
      "n_circuits_per_eval": 20,
      "overhead_circuits": 1.0,
      "overhead_amortised": 1.025,
      "shot_multiplier": 1.0,
      "measured_discard": 0.0,
      "overhead_effective": 1.025
    }
  },
  "parity": {
    "mean": -4.694280691722626,
    "sem": 0.012726363967224692,
    "rel_err": 0.013551775957559482,
    "parity_discard": 0.34794921875,
    "cost": {
      "n_circuits_per_eval": 20,
      "overhead_circuits": 1.0,
      "overhead_amortised": 1.0,
      "shot_multiplier": 1.5336228845289799,
      "measured_discard": 0.34794921875,
      "overhead_effective": 1.5336228845289799
    }
  },
  "zne": {
    "mean": -3.883914184570311,
    "sem": 0.015620810854477087,
    "rel_err": 0.18384082646393907,
    "parity_discard": 0.0,
    "cost": {
      "n_circuits_per_eval": 60,
      "overhead_circuits": 3.0,
      "overhead_amortised": 3.0,
      "shot_multiplier": 1.0,
      "measured_discard": 0.0,
      "overhead_effective": 3.0
    }
  },
  "ro+parity": {
    "mean": -4.825916005627231,
    "sem": 0.014119938017359848,
    "rel_err": 0.014109846802117621,
    "parity_discard": 0.3176778693271419,
    "cost": {
      "n_circuits_per_eval": 20,
      "overhead_circuits": 1.0,
      "overhead_amortised": 1.025,
      "shot_multiplier": 1.4655834173425832,
      "measured_discard": 0.3176778693271419,
      "overhead_effective": 1.5022230027761476
    }
  },
  "ro+zne": {
    "mean": -4.088401585769529,
    "sem": 0.016961557579381607,
    "rel_err": 0.1408701890012695,
    "parity_discard": 0.0,
    "cost": {
      "n_circuits_per_eval": 60,
      "overhead_circuits": 3.0,
      "overhead_amortised": 3.025,
      "shot_multiplier": 1.0,
      "measured_discard": 0.0,
      "overhead_effective": 3.025
    }
  },
  "parity+zne": {
    "mean": -4.707101146418556,
    "sem": 0.029316221774427723,
    "rel_err": 0.010857707239317553,
    "parity_discard": 0.3508280436197917,
    "cost": {
      "n_circuits_per_eval": 60,
      "overhead_circuits": 3.0,
      "overhead_amortised": 3.0,
      "shot_multiplier": 1.5404239049018902,
      "measured_discard": 0.3508280436197917,
      "overhead_effective": 4.621271714705671
    }
  },
  "ro+parity+zne": {
    "mean": -4.83803420738505,
    "sem": 0.03243925986239312,
    "rel_err": 0.016656345272834633,
    "parity_discard": 0.3211333008235938,
    "cost": {
      "n_circuits_per_eval": 60,
      "overhead_circuits": 3.0,
      "overhead_amortised": 3.025,
      "shot_multiplier": 1.4730432369317707,
      "measured_discard": 0.3211333008235938,
      "overhead_effective": 4.455955791718607
    }
  }
}