{
  "N": 4,
  "h": 0.5,
  "L": 1,
  "exact": -3.427034088908078,
  "convergence_raw": [
    -1.1044921875,
    -1.1240234375,
    -1.2216796875,
    -2.013671875,
    -1.5458984375,
    -2.4443359375,
    -2.0576171875,
    -2.1923828125,
    -2.71875,
    -1.892578125,
    -2.75390625,
    -2.64453125,
    -2.755859375,
    -2.78515625,
    -2.857421875,
    -2.84375,
    -2.7998046875,
    -2.8173828125,
    -2.7509765625,
    -2.8564453125,
    -2.7724609375,
    -2.7578125,
    -2.798828125,
    -2.8232421875,
    -2.8232421875,
    -2.8984375,
    -2.82421875,
    -2.8994140625,
    -2.826171875,
    -2.9189453125,
    -2.8798828125,
    -2.75390625,
    -2.7646484375,
    -2.87890625,
    -2.78515625,
    -2.703125,
    -2.7587890625,
    -2.8623046875,
    -2.9130859375,
    -2.787109375,
    -2.72265625,
    -2.80859375
  ],
  "convergence_rel": [
    0.677711934329806,
    0.6720127642914295,
    0.6435169140995467,
    0.4124155690433776,
    0.548910691462496,
    0.28674886969717467,
    0.39959243645703035,
    0.36026816319223215,
    0.2066755306579841,
    0.4477504232813122,
    0.1964170245889063,
    0.228332376803815,
    0.19584710758506865,
    0.18729835252750385,
    0.1662114233855106,
    0.17020084241237418,
    0.18302397499872142,
    0.17789472196418252,
    0.1972719000946628,
    0.16649638188742943,
    0.1910028130524486,
    0.195277190581231,
    0.18330893350064026,
    0.17618497095266955,
    0.17618497095266955,
    0.15424316630491985,
    0.17590001245075074,
    0.153958207803001,
    0.17533009544691308,
    0.14825903776462446,
    0.15965737784137757,
    0.1964170245889063,
    0.19328248106779922,
    0.15994233634329638,
    0.18729835252750385,
    0.21123486668868535,
    0.19499223207931218,
    0.16478663087591647,
    0.14996878877613742,
    0.1867284355236662,
    0.2055356966503088,
    0.18045934848145198
  ],
  "elapsed_s": 868.517664199695,
  "raw": {
    "mean": -2.803076171875,
    "sem": 0.004122724888244471,
    "rel_err": 0.18206936401729337,
    "parity_discard": 0.0,
    "cost": {
      "n_circuits_per_eval": 20,
      "overhead_circuits": 1.0,
      "overhead_amortised": 1.0,
      "shot_multiplier": 1.0,
      "measured_discard": 0.0,
      "overhead_effective": 1.0
    }
  },
  "readout": {
    "mean": -3.040432536714703,
    "sem": 0.004420830780964544,
    "rel_err": 0.11280936873217805,
    "parity_discard": 0.0,
    "cost": {
      "n_circuits_per_eval": 20,
      "overhead_circuits": 1.0,
      "overhead_amortised": 1.025,
      "shot_multiplier": 1.0,
      "measured_discard": 0.0,
      "overhead_effective": 1.025
    }
  },
  "parity": {
    "mean": -3.329607081193308,
    "sem": 0.004674658946587499,
    "rel_err": 0.028428957864791042,
    "parity_discard": 0.365362548828125,
    "cost": {
      "n_circuits_per_eval": 20,
      "overhead_circuits": 1.0,
      "overhead_amortised": 1.0,
      "shot_multiplier": 1.575702786139509,
      "measured_discard": 0.365362548828125,
      "overhead_effective": 1.575702786139509
    }
  },
  "zne": {
    "mean": -2.803076171875,
    "sem": 0.009418193338216987,
    "rel_err": 0.18206936401729337,
    "parity_discard": 0.0,
    "cost": {
      "n_circuits_per_eval": 60,
      "overhead_circuits": 3.0,
      "overhead_amortised": 3.0,
      "shot_multiplier": 1.0,
      "measured_discard": 0.0,
      "overhead_effective": 3.0
    }
  },
  "ro+parity": {
    "mean": -3.424106854645983,
    "sem": 0.005267205472654427,
    "rel_err": 0.0008541596570543176,
    "parity_discard": 0.3368879485307669,
    "cost": {
      "n_circuits_per_eval": 20,
      "overhead_circuits": 1.0,
      "overhead_amortised": 1.025,
      "shot_multiplier": 1.5080407568891814,
      "measured_discard": 0.3368879485307669,
      "overhead_effective": 1.5457417758114107
    }
  },
  "ro+zne": {
    "mean": -3.040432536714701,
    "sem": 0.010099203837099668,
    "rel_err": 0.11280936873217856,
    "parity_discard": 0.0,
    "cost": {
      "n_circuits_per_eval": 60,
      "overhead_circuits": 3.0,
      "overhead_amortised": 3.025,
      "shot_multiplier": 1.0,
      "measured_discard": 0.0,
      "overhead_effective": 3.025
    }
  },
  "parity+zne": {
    "mean": -3.329607081193307,
    "sem": 0.010679063712139723,
    "rel_err": 0.0284289578647913,
    "parity_discard": 0.3653625488281251,
    "cost": {
      "n_circuits_per_eval": 60,
      "overhead_circuits": 3.0,
      "overhead_amortised": 3.0,
      "shot_multiplier": 1.5757027861395092,
      "measured_discard": 0.3653625488281251,
      "overhead_effective": 4.727108358418528
    }
  },
  "ro+parity+zne": {
    "mean": -3.4241068546459825,
    "sem": 0.012032711577487228,
    "rel_err": 0.0008541596570544472,
    "parity_discard": 0.3368879485307669,
    "cost": {
      "n_circuits_per_eval": 60,
      "overhead_circuits": 3.0,
      "overhead_amortised": 3.025,
      "shot_multiplier": 1.5080407568891814,
      "measured_discard": 0.3368879485307669,
      "overhead_effective": 4.561823289589774
    }
  }
}