{
  "N": 4,
  "h": 0.5,
  "L": 2,
  "exact": -3.427034088908078,
  "convergence_raw": [
    0.1142578125,
    -0.5537109375,
    0.5361328125,
    -0.712890625,
    -0.8388671875,
    -0.4560546875,
    0.0419921875,
    -1.15625,
    -0.6533203125,
    -1.45703125,
    -1.5009765625,
    -1.3955078125,
    -1.2265625,
    -1.583984375,
    -0.84765625,
    -1.55078125,
    -1.080078125,
    -1.8701171875,
    -2.009765625,
    -1.84765625,
    -1.779296875,
    -2.6923828125,
    -2.0693359375,
    -2.61328125,
    -2.484375,
    -2.64453125,
    -2.1611328125,
    -2.3427734375,
    -2.5009765625,
    -2.5478515625,
    -2.6181640625,
    -2.6806640625,
    -2.7666015625,
    -2.6708984375,
    -2.6298828125,
    -2.6943359375,
    -2.6728515625,
    -2.720703125,
    -2.703125,
    -2.619140625,
    -2.765625,
    -2.7138671875,
    -2.6484375,
    -2.6923828125,
    -2.6826171875,
    -2.6298828125,
    -2.755859375,
    -2.7060546875,
    -2.671875,
    -2.6845703125,
    -2.6767578125,
    -2.69921875,
    -2.67578125,
    -2.6689453125,
    -2.67578125,
    -2.7431640625,
    -2.69921875,
    -2.6787109375,
    -2.6953125,
    -2.7119140625,
    -2.63671875,
    -2.7412109375,
    -2.74609375,
    -2.697265625,
    -2.6455078125,
    -2.6220703125,
    -2.681640625,
    -2.7587890625,
    -2.6298828125,
    -2.6494140625,
    -2.6240234375,
    -2.638671875,
    -2.7509765625,
    -2.693359375,
    -2.828125,
    -2.7255859375,
    -2.7158203125,
    -2.64453125,
    -2.54296875,
    -2.7353515625,
    -2.7158203125,
    -2.71484375,
    -2.677734375,
    -2.662109375,
    -2.7529296875,
    -2.6416015625
  ],
  "convergence_rel": [
    1.0333401447245028,
    0.8384285294120247,
    1.1564422175534363,
    0.7919802935992559,
    0.7552206468517272,
    0.8669243796039076,
    1.0122532155825097,
    0.6626091337281081,
    0.8093627622163043,
    0.5748419151371092,
    0.5620187825507621,
    0.5927943007579954,
    0.6420921215899525,
    0.5377973098876617,
    0.7526560203344577,
    0.5474858989529019,
    0.6848358968777767,
    0.45430446882544523,
    0.4135554030510529,
    0.4608585143695783,
    0.4808056095038962,
    0.21436941020979244,
    0.3961729344340044,
    0.23745104886521748,
    0.2750655711185027,
    0.228332376803815,
    0.36938683525363464,
    0.3163845538967327,
    0.27022127658588263,
    0.25654326849377895,
    0.23602625635562335,
    0.21778891223281838,
    0.19271256406396156,
    0.22063849725200665,
    0.23260675433259742,
    0.2137994932059548,
    0.220068580248169,
    0.20610561365414645,
    0.21123486668868535,
    0.2357412978537045,
    0.19299752256588038,
    0.20810032316757826,
    0.2271925427961397,
    0.21436941020979244,
    0.21721899522898072,
    0.23260675433259742,
    0.19584710758506865,
    0.21037999118292885,
    0.22035353875008784,
    0.21664907822514307,
    0.2189287462404937,
    0.21237470069636066,
    0.21921370474241253,
    0.2212084142558443,
    0.21921370474241253,
    0.19955156811001343,
    0.21237470069636066,
    0.21835882923665603,
    0.21351453470403597,
    0.20867024017141592,
    0.2306120448191656,
    0.20012148511385108,
    0.19869669260425693,
    0.21294461770019832,
    0.22804741830189618,
    0.23488642234794804,
    0.21750395373089956,
    0.19499223207931218,
    0.23260675433259742,
    0.22690758429422087,
    0.2343165053441104,
    0.23004212781532796,
    0.1972719000946628,
    0.21408445170787363,
    0.17476017844307543,
    0.20468082114455233,
    0.2075304061637406,
    0.228332376803815,
    0.25796806100337305,
    0.20183123612536405,
    0.2075304061637406,
    0.20781536466565942,
    0.21864378773857487,
    0.22320312376927612,
    0.19670198309082515,
    0.2291872523095715
  ],
  "elapsed_s": 1090.3400357998908,
  "raw": {
    "mean": -2.6949951171875,
    "sem": 0.002856329383924827,
    "rel_err": 0.21360714621715954,
    "parity_discard": 0.0,
    "cost": {
      "n_circuits_per_eval": 20,
      "overhead_circuits": 1.0,
      "overhead_amortised": 1.0,
      "shot_multiplier": 1.0,
      "measured_discard": 0.0,
      "overhead_effective": 1.0
    }
  },
  "readout": {
    "mean": -2.9309089533276493,
    "sem": 0.0031507476648969346,
    "rel_err": 0.1447680772088568,
    "parity_discard": 0.0,
    "cost": {
      "n_circuits_per_eval": 20,
      "overhead_circuits": 1.0,
      "overhead_amortised": 1.025,
      "shot_multiplier": 1.0,
      "measured_discard": 0.0,
      "overhead_effective": 1.025
    }
  },
  "parity": {
    "mean": -3.1061308437217687,
    "sem": 0.003887361413533371,
    "rel_err": 0.09363876660140127,
    "parity_discard": 0.3872314453125,
    "cost": {
      "n_circuits_per_eval": 20,
      "overhead_circuits": 1.0,
      "overhead_amortised": 1.0,
      "shot_multiplier": 1.6319375273915295,
      "measured_discard": 0.3872314453125,
      "overhead_effective": 1.6319375273915295
    }
  },
  "zne": {
    "mean": -2.6949951171874993,
    "sem": 0.006525165540912276,
    "rel_err": 0.2136071462171598,
    "parity_discard": 0.0,
    "cost": {
      "n_circuits_per_eval": 60,
      "overhead_circuits": 3.0,
      "overhead_amortised": 3.0,
      "shot_multiplier": 1.0,
      "measured_discard": 0.0,
      "overhead_effective": 3.0
    }
  },
  "ro+parity": {
    "mean": -3.1786112377734095,
    "sem": 0.004499683212430334,
    "rel_err": 0.07248916838578083,
    "parity_discard": 0.3595521013390982,
    "cost": {
      "n_circuits_per_eval": 20,
      "overhead_circuits": 1.0,
      "overhead_amortised": 1.025,
      "shot_multiplier": 1.5614072621533737,
      "measured_discard": 0.3595521013390982,
      "overhead_effective": 1.6004424437072078
    }
  },
  "ro+zne": {
    "mean": -2.930908953327648,
    "sem": 0.0071977518443077345,
    "rel_err": 0.14476807720885718,
    "parity_discard": 0.0,
    "cost": {
      "n_circuits_per_eval": 60,
      "overhead_circuits": 3.0,
      "overhead_amortised": 3.025,
      "shot_multiplier": 1.0,
      "measured_discard": 0.0,
      "overhead_effective": 3.025
    }
  },
  "parity+zne": {
    "mean": -3.1061308437217696,
    "sem": 0.008880515280701102,
    "rel_err": 0.09363876660140102,
    "parity_discard": 0.3872314453124999,
    "cost": {
      "n_circuits_per_eval": 60,
      "overhead_circuits": 3.0,
      "overhead_amortised": 3.0,
      "shot_multiplier": 1.631937527391529,
      "measured_discard": 0.3872314453124999,
      "overhead_effective": 4.895812582174587
    }
  },
  "ro+parity+zne": {
    "mean": -3.178611237773409,
    "sem": 0.010279338933392633,
    "rel_err": 0.07248916838578096,
    "parity_discard": 0.35955210133909815,
    "cost": {
      "n_circuits_per_eval": 60,
      "overhead_circuits": 3.0,
      "overhead_amortised": 3.025,
      "shot_multiplier": 1.5614072621533734,
      "measured_discard": 0.35955210133909815,
      "overhead_effective": 4.7232569680139544
    }
  }
}