{
  "N": 4,
  "h": 1.0,
  "L": 3,
  "exact": -4.7587704831436355,
  "convergence_raw": [
    0.47265625,
    -0.3671875,
    0.181640625,
    0.392578125,
    -0.794921875,
    -1.572265625,
    -1.103515625,
    -1.234375,
    -1.30078125,
    -0.662109375,
    -1.501953125,
    -2.001953125,
    -2.025390625,
    -2.275390625,
    -1.830078125,
    -2.0390625,
    -2.10546875,
    -1.984375,
    -2.177734375,
    -2.318359375,
    -2.0390625,
    -2.484375,
    -2.1015625,
    -2.68359375,
    -3.3203125,
    -2.30859375,
    -2.880859375,
    -3.826171875,
    -3.03125,
    -3.587890625,
    -3.23828125,
    -3.49609375,
    -3.966796875,
    -3.365234375,
    -3.28125,
    -3.826171875,
    -3.685546875,
    -3.84375,
    -3.935546875,
    -3.7890625,
    -3.572265625,
    -4.005859375,
    -3.74609375,
    -3.93359375,
    -3.814453125,
    -3.79296875,
    -3.841796875,
    -3.869140625,
    -3.880859375,
    -3.787109375,
    -3.83984375,
    -3.8984375,
    -3.8515625,
    -3.8671875,
    -3.853515625,
    -3.873046875,
    -3.888671875,
    -3.8125,
    -3.849609375,
    -3.84375,
    -3.787109375,
    -3.87890625,
    -3.9140625,
    -3.794921875,
    -3.875,
    -3.779296875,
    -3.890625,
    -3.81640625,
    -3.908203125,
    -3.99609375,
    -3.888671875,
    -3.7890625,
    -3.921875,
    -4.00390625,
    -3.703125,
    -3.884765625,
    -3.7890625,
    -3.763671875,
    -3.900390625,
    -3.81640625,
    -3.873046875,
    -3.79296875,
    -3.869140625,
    -3.8203125,
    -3.875,
    -3.92578125,
    -3.896484375,
    -3.8828125,
    -3.880859375,
    -3.84375,
    -3.861328125,
    -3.98046875,
    -3.92578125,
    -3.873046875,
    -3.849609375,
    -3.865234375,
    -4.03515625,
    -3.84375,
    -4.00390625,
    -3.7890625,
    -3.875,
    -3.8515625,
    -3.876953125,
    -3.736328125,
    -3.90234375,
    -3.794921875,
    -3.953125,
    -3.740234375,
    -3.826171875,
    -3.884765625,
    -3.875,
    -3.81640625,
    -3.841796875,
    -3.998046875,
    -3.740234375,
    -3.79296875,
    -4.04296875,
    -3.818359375,
    -3.888671875,
    -3.91015625
  ],
  "convergence_rel": [
    1.099323186876574,
    0.9228398382942317,
    1.038169654460832,
    1.0824957048024437,
    0.8329564584348527,
    0.669606754398173,
    0.7681090884906432,
    0.7406105202231619,
    0.7266560228933954,
    0.8608654530943859,
    0.6843821045120435,
    0.5793129481467421,
    0.5743878314421186,
    0.5218532532594677,
    0.6154304706473145,
    0.5715148466977549,
    0.5575603493679883,
    0.5830067856752097,
    0.5423745728620657,
    0.5128238726343247,
    0.5715148466977549,
    0.4779376293099082,
    0.5583812021520921,
    0.43607413732060835,
    0.30227513351166974,
    0.5148760045945845,
    0.39462107172336053,
    0.19597469797021236,
    0.36301823953535967,
    0.24604671780055135,
    0.319513041977852,
    0.26533675822699343,
    0.1664239977424713,
    0.2928353264944747,
    0.3104836613527089,
    0.19597469797021236,
    0.2255253981979534,
    0.19228086044174472,
    0.17299082001530267,
    0.20377279941919957,
    0.24933012893696702,
    0.15821546990143212,
    0.21280218004434268,
    0.1734012464073546,
    0.1984372563225241,
    0.20295194663509566,
    0.1926912868337967,
    0.18694531734506925,
    0.1844827589927575,
    0.20418322581125153,
    0.19310171322584865,
    0.18078892146428988,
    0.1906391548735369,
    0.18735574373712122,
    0.19022872848148492,
    0.18612446456096535,
    0.18284105342454968,
    0.19884768271457606,
    0.19104958126558885,
    0.19228086044174472,
    0.20418322581125153,
    0.18489318538480945,
    0.1775055103278742,
    0.2025415202430437,
    0.18571403816891338,
    0.20582493137945937,
    0.1824306270324977,
    0.19802682993047216,
    0.17873678950403007,
    0.16026760186169192,
    0.18284105342454968,
    0.20377279941919957,
    0.17586380475966637,
    0.1586258962934841,
    0.22183156066948578,
    0.18366190620865358,
    0.20377279941919957,
    0.20910834251587504,
    0.1803784950722379,
    0.19802682993047216,
    0.18612446456096535,
    0.20295194663509566,
    0.18694531734506925,
    0.19720597714636823,
    0.18571403816891338,
    0.17504295197556244,
    0.18119934785634184,
    0.18407233260070555,
    0.1844827589927575,
    0.19228086044174472,
    0.18858702291327709,
    0.1635510129981076,
    0.17504295197556244,
    0.18612446456096535,
    0.19104958126558885,
    0.18776617012917318,
    0.15205907402065275,
    0.19228086044174472,
    0.1586258962934841,
    0.20377279941919957,
    0.18571403816891338,
    0.1906391548735369,
    0.18530361177686142,
    0.21485431200460248,
    0.17996806868018594,
    0.2025415202430437,
    0.16929698248683503,
    0.21403345922049855,
    0.19597469797021236,
    0.18366190620865358,
    0.18571403816891338,
    0.19802682993047216,
    0.1926912868337967,
    0.15985717546963996,
    0.21403345922049855,
    0.20295194663509566,
    0.1504173684524449,
    0.1976164035384202,
    0.18284105342454968,
    0.1783263631119781
  ],
  "elapsed_s": 1357.237309999764,
  "raw": {
    "mean": -3.859130859375,
    "sem": 0.007806733440370951,
    "rel_err": 0.18904875260433554,
    "parity_discard": 0.0,
    "cost": {
      "n_circuits_per_eval": 20,
      "overhead_circuits": 1.0,
      "overhead_amortised": 1.0,
      "shot_multiplier": 1.0,
      "measured_discard": 0.0,
      "overhead_effective": 1.0
    }
  },
  "readout": {
    "mean": -4.096290023052532,
    "sem": 0.008418028671477677,
    "rel_err": 0.13921252610053805,
    "parity_discard": 0.0,
    "cost": {
      "n_circuits_per_eval": 20,
      "overhead_circuits": 1.0,
      "overhead_amortised": 1.025,
      "shot_multiplier": 1.0,
      "measured_discard": 0.0,
      "overhead_effective": 1.025
    }
  },
  "parity": {
    "mean": -5.1413421866677025,
    "sem": 0.010994227622823306,
    "rel_err": 0.08039297227701993,
    "parity_discard": 0.426739501953125,
    "cost": {
      "n_circuits_per_eval": 20,
      "overhead_circuits": 1.0,
      "overhead_amortised": 1.0,
      "shot_multiplier": 1.744407653077521,
      "measured_discard": 0.426739501953125,
      "overhead_effective": 1.744407653077521
    }
  },
  "zne": {
    "mean": -3.8591308593749973,
    "sem": 0.017834157474583723,
    "rel_err": 0.1890487526043361,
    "parity_discard": 0.0,
    "cost": {
      "n_circuits_per_eval": 60,
      "overhead_circuits": 3.0,
      "overhead_amortised": 3.0,
      "shot_multiplier": 1.0,
      "measured_discard": 0.0,
      "overhead_effective": 3.0
    }
  },
  "ro+parity": {
    "mean": -5.429621497925762,
    "sem": 0.011404118831024873,
    "rel_err": 0.14097150033992886,
    "parity_discard": 0.41267176901559105,
    "cost": {
      "n_circuits_per_eval": 20,
      "overhead_circuits": 1.0,
      "overhead_amortised": 1.025,
      "shot_multiplier": 1.7026254609350553,
      "measured_discard": 0.41267176901559105,
      "overhead_effective": 1.7451910974584315
    }
  },
  "ro+zne": {
    "mean": -4.096290023052532,
    "sem": 0.019230635975904416,
    "rel_err": 0.13921252610053805,
    "parity_discard": 0.0,
    "cost": {
      "n_circuits_per_eval": 60,
      "overhead_circuits": 3.0,
      "overhead_amortised": 3.025,
      "shot_multiplier": 1.0,
      "measured_discard": 0.0,
      "overhead_effective": 3.025
    }
  },
  "parity+zne": {
    "mean": -5.1413421866677025,
    "sem": 0.025115855208133288,
    "rel_err": 0.08039297227701993,
    "parity_discard": 0.426739501953125,
    "cost": {
      "n_circuits_per_eval": 60,
      "overhead_circuits": 3.0,
      "overhead_amortised": 3.0,
      "shot_multiplier": 1.744407653077521,
      "measured_discard": 0.426739501953125,
      "overhead_effective": 5.233222959232563
    }
  },
  "ro+parity+zne": {
    "mean": -5.429621497925761,
    "sem": 0.026052234605527802,
    "rel_err": 0.1409715003399287,
    "parity_discard": 0.41267176901559105,