{
  "N": 4,
  "h": 1.0,
  "L": 1,
  "exact": -4.7587704831436355,
  "convergence_raw": [
    -0.056640625,
    -0.46484375,
    -0.59375,
    -0.1796875,
    -0.029296875,
    -1.53515625,
    -0.185546875,
    -0.8984375,
    -2.017578125,
    -2.73828125,
    -2.4375,
    -2.0703125,
    -3.041015625,
    -1.826171875,
    -3.22265625,
    -2.46484375,
    -2.87109375,
    -2.80859375,
    -3.32421875,
    -3.453125,
    -3.48828125,
    -3.548828125,
    -3.435546875,
    -3.61328125,
    -3.46484375,
    -3.619140625,
    -3.654296875,
    -3.564453125,
    -3.6484375,
    -3.669921875,
    -3.740234375,
    -3.556640625,
    -3.6171875,
    -3.7734375,
    -3.677734375,
    -3.6328125,
    -3.70703125,
    -3.712890625,
    -3.6953125,
    -3.646484375,
    -3.734375,
    -3.533203125,
    -3.625,
    -3.716796875,
    -3.71484375,
    -3.68359375,
    -3.662109375,
    -3.6484375,
    -3.67578125,
    -3.666015625,
    -3.5390625,
    -3.595703125,
    -3.66015625,
    -3.634765625,
    -3.5859375,
    -3.65625,
    -3.673828125
  ],
  "convergence_rel": [
    0.9880976346304932,
    0.9023185186916337,
    0.8752303768162045,
    0.9622407719312198,
    0.9938436041192206,
    0.6774048558471603,
    0.9610094927550639,
    0.8112038596560989,
    0.5760295370103263,
    0.4245821983431535,
    0.4877878627191552,
    0.5649480244249235,
    0.3609661075750999,
    0.6162513234314183,
    0.3227964531142677,
    0.4820418932304278,
    0.3966732036836203,
    0.409806848229283,
    0.3014542807275658,
    0.2743661388521365,
    0.26697846379520124,
    0.2542552456415905,
    0.27805997638060415,
    0.24071117470387587,
    0.27190358049982477,
    0.23947989552772,
    0.23209222047078473,
    0.25097183450517485,
    0.23332349964694063,
    0.22880880933436906,
    0.21403345922049855,
    0.2526135400733827,
    0.23989032191977197,
    0.20705621055561524,
    0.22716710376616123,
    0.2366069107833563,
    0.22101070788538185,
    0.21977942870922598,
    0.22347326623769362,
    0.23373392603899257,
    0.21526473839665441,
    0.2575386567780062,
    0.23824861635156414,
    0.21895857592512205,
    0.21936900231717402,
    0.22593582459000536,
    0.2304505149025769,
    0.23332349964694063,
    0.2275775301582132,
    0.229629662118473,
    0.25630737760185035,
    0.2444050122323435,
    0.23086094129462886,
    0.23619648439130433,
    0.2464571441926033,
    0.2316817940787328,
    0.22798795655026516
  ],
  "elapsed_s": 885.8747243001126,
  "raw": {
    "mean": -3.652880859375,
    "sem": 0.00807903427165063,
    "rel_err": 0.23238977960502238,
    "parity_discard": 0.0,
    "cost": {
      "n_circuits_per_eval": 20,
      "overhead_circuits": 1.0,
      "overhead_amortised": 1.0,
      "shot_multiplier": 1.0,
      "measured_discard": 0.0,
      "overhead_effective": 1.0
    }
  },
  "readout": {
    "mean": -3.885876302180757,
    "sem": 0.0085727079269454,
    "rel_err": 0.18342851037990093,
    "parity_discard": 0.0,
    "cost": {
      "n_circuits_per_eval": 20,
      "overhead_circuits": 1.0,
      "overhead_amortised": 1.025,
      "shot_multiplier": 1.0,
      "measured_discard": 0.0,
      "overhead_effective": 1.025
    }
  },
  "parity": {
    "mean": -4.304755415845399,
    "sem": 0.012179466802366215,
    "rel_err": 0.09540596019632257,
    "parity_discard": 0.422808837890625,
    "cost": {
      "n_circuits_per_eval": 20,
      "overhead_circuits": 1.0,
      "overhead_amortised": 1.0,
      "shot_multiplier": 1.7325282603868155,
      "measured_discard": 0.422808837890625,
      "overhead_effective": 1.7325282603868155
    }
  },
  "zne": {
    "mean": -3.652880859375001,
    "sem": 0.018456217385120526,
    "rel_err": 0.2323897796050222,
    "parity_discard": 0.0,
    "cost": {
      "n_circuits_per_eval": 60,
      "overhead_circuits": 3.0,
      "overhead_amortised": 3.0,
      "shot_multiplier": 1.0,
      "measured_discard": 0.0,
      "overhead_effective": 3.0
    }
  },
  "ro+parity": {
    "mean": -4.471718285873877,
    "sem": 0.012711536294185463,
    "rel_err": 0.06032066439987933,
    "parity_discard": 0.4079607949575116,
    "cost": {
      "n_circuits_per_eval": 20,
      "overhead_circuits": 1.0,
      "overhead_amortised": 1.025,
      "shot_multiplier": 1.689077330492385,
      "measured_discard": 0.4079607949575116,
      "overhead_effective": 1.7313042637546945
    }
  },
  "ro+zne": {
    "mean": -3.8858763021807547,
    "sem": 0.019583994294224517,
    "rel_err": 0.1834285103799014,
    "parity_discard": 0.0,
    "cost": {
      "n_circuits_per_eval": 60,
      "overhead_circuits": 3.0,
      "overhead_amortised": 3.025,
      "shot_multiplier": 1.0,
      "measured_discard": 0.0,
      "overhead_effective": 3.025
    }
  },
  "parity+zne": {
    "mean": -4.304755415845402,
    "sem": 0.027823484760809584,
    "rel_err": 0.095405960196322,
    "parity_discard": 0.422808837890625,
    "cost": {
      "n_circuits_per_eval": 60,
      "overhead_circuits": 3.0,
      "overhead_amortised": 3.0,
      "shot_multiplier": 1.7325282603868155,
      "measured_discard": 0.422808837890625,
      "overhead_effective": 5.1975847811604465
    }
  },
  "ro+parity+zne": {
    "mean": -4.471718285873873,
    "sem": 0.029038975359663093,
    "rel_err": 0.06032066439988007,
    "parity_discard": 0.40796079495751164,
    "cost": {
      "n_circuits_per_eval": 60,
      "overhead_circuits": 3.0,
      "overhead_amortised": 3.025,
      "shot_multiplier": 1.6890773304923852,
      "measured_discard": 0.40796079495751164,
      "overhead_effective": 5.109458924739465
    }
  }
}