{
  "N": 4,
  "h": 2.0,
  "L": 3,
  "exact": -8.376798636850365,
  "convergence_raw": [
    -4.5078125,
    -3.388671875,
    -2.392578125,
    -4.59375,
    -3.29296875,
    -5.892578125,
    -5.8828125,
    -5.935546875,
    -5.4375,
    -5.705078125,
    -6.44140625,
    -3.421875,
    -5.54296875,
    -6.134765625,
    -7.09375,
    -6.474609375,
    -6.70703125,
    -6.6875,
    -5.4140625,
    -6.60546875,
    -6.94140625,
    -6.728515625,
    -6.958984375,
    -6.904296875,
    -6.927734375,
    -6.828125,
    -6.900390625,
    -6.970703125,
    -6.86328125,
    -6.939453125,
    -6.931640625,
    -7.01171875,
    -7.013671875,
    -6.822265625,
    -6.859375,
    -6.90234375,
    -6.8828125,
    -6.86328125,
    -7.05859375,
    -6.955078125,
    -6.9453125,
    -6.798828125,
    -6.943359375,
    -6.91015625,
    -7.12109375,
    -6.990234375,
    -7.13671875,
    -6.859375,
    -6.90625,
    -6.8984375,
    -6.80859375,
    -7.041015625,
    -6.9765625,
    -6.796875,
    -6.88671875,
    -6.865234375,
    -6.90625,
    -6.892578125,
    -7.037109375,
    -6.86328125,
    -6.9140625,
    -6.916015625,
    -6.962890625,
    -6.923828125,
    -6.9296875,
    -7.208984375,
    -6.751953125,
    -6.98828125,
    -7.1171875,
    -6.8515625,
    -6.958984375,
    -6.828125,
    -7.06640625,
    -6.9140625,
    -6.787109375,
    -7.109375,
    -6.9296875,
    -7.03125,
    -7.0625,
    -6.869140625,
    -6.822265625,
    -7.03515625,
    -6.890625,
    -6.92578125,
    -6.908203125,
    -6.7734375,
    -7.17578125,
    -7.0234375,
    -6.935546875,
    -6.9765625,
    -6.9765625,
    -6.880859375,
    -6.947265625,
    -6.953125,
    -7.04296875,
    -6.8984375
  ],
  "convergence_rel": [
    0.4618693016960337,
    0.5954693407463685,
    0.7143803702676089,
    0.45161031091380904,
    0.6068941259356642,
    0.29655965477336815,
    0.29772544918043914,
    0.2914301593822558,
    0.350885674142876,
    0.31894290738913106,
    0.23104200909597886,
    0.5915056397623272,
    0.3382950945465094,
    0.26764795347800774,
    0.1531669427036371,
    0.2270783081119375,
    0.19933240122364806,
    0.20166399003779004,
    0.3536835807198464,
    0.2114566630571863,
    0.17135333545394446,
    0.19676765352809192,
    0.1692549055212167,
    0.1757833542008142,
    0.17298544762384382,
    0.18487655057596789,
    0.17624967196364258,
    0.1678559522327315,
    0.18067969071051232,
    0.17158649433535866,
    0.17251912986101545,
    0.16295961572303336,
    0.16272645684161918,
    0.18557602722021047,
    0.18114600847334072,
    0.1760165130822284,
    0.17834810189637038,
    0.18067969071051232,
    0.15736380256909266,
    0.16972122328404507,
    0.17088701769111606,
    0.18837393379718081,
    0.17112017657253026,
    0.1750838775565716,
    0.14990271836383834,
    0.16552436341858953,
    0.14803744731252477,
    0.18114600847334072,
    0.1755501953194,
    0.17648283084505678,
    0.18720813939010983,
    0.15946223250182043,
    0.16715647558848892,
    0.18860709267859502,
    0.17788178413354197,
    0.18044653182909814,
    0.1755501953194,
    0.1771823074892994,
    0.1599285502646488,
    0.18067969071051232,
    0.17461755979374322,
    0.174384400912329,
    0.1687885877583883,
    0.17345176538667223,
    0.17275228874242965,
    0.1394105687001995,
    0.19396974695112154,
    0.16575752230000373,
    0.15036903612666674,
    0.1820786439989975,
    0.1692549055212167,
    0.18487655057596789,
    0.15643116704343585,
    0.17461755979374322,
    0.189772887085666,
    0.15130167165232353,
    0.17275228874242965,
    0.1606280269088914,
    0.15689748480626425,
    0.17998021406626974,
    0.18557602722021047,
    0.160161709146063,
    0.17741546637071356,
    0.17321860650525803,
    0.1753170364379858,
    0.1914049992555654,
    0.14337426968424083,
    0.1615606624345482,
    0.17205281209818704,
    0.16715647558848892,
    0.16715647558848892,
    0.17858126077778455,
    0.17065385880970185,
    0.16995438216545927,
    0.15922907362040623,
    0.17648283084505678
  ],
  "elapsed_s": 1398.6470788000152,
  "raw": {
    "mean": -6.9378662109375,
    "sem": 0.010719058636323593,
    "rel_err": 0.1717759359265077,
    "parity_discard": 0.0,
    "cost": {
      "n_circuits_per_eval": 20,
      "overhead_circuits": 1.0,
      "overhead_amortised": 1.0,
      "shot_multiplier": 1.0,
      "measured_discard": 0.0,
      "overhead_effective": 1.0
    }
  },
  "readout": {
    "mean": -7.356081377406352,
    "sem": 0.011620262191287133,
    "rel_err": 0.1218505187594909,
    "parity_discard": 0.0,
    "cost": {
      "n_circuits_per_eval": 20,
      "overhead_circuits": 1.0,
      "overhead_amortised": 1.025,
      "shot_multiplier": 1.0,
      "measured_discard": 0.0,
      "overhead_effective": 1.025
    }
  },
  "parity": {
    "mean": -8.850873646910618,
    "sem": 0.01417864205056073,
    "rel_err": 0.056593817114661125,
    "parity_discard": 0.39281005859375,
    "cost": {
      "n_circuits_per_eval": 20,
      "overhead_circuits": 1.0,
      "overhead_amortised": 1.0,
      "shot_multiplier": 1.6469311031141312,
      "measured_discard": 0.39281005859375,
      "overhead_effective": 1.6469311031141312
    }
  },
  "zne": {
    "mean": -6.937866210937497,
    "sem": 0.024487243116425406,
    "rel_err": 0.171775935926508,
    "parity_discard": 0.0,
    "cost": {
      "n_circuits_per_eval": 60,
      "overhead_circuits": 3.0,
      "overhead_amortised": 3.0,
      "shot_multiplier": 1.0,
      "measured_discard": 0.0,
      "overhead_effective": 3.0
    }
  },
  "ro+parity": {
    "mean": -9.244884998148061,
    "sem": 0.016264558218612824,
    "rel_err": 0.10362984702519862,
    "parity_discard": 0.3678970715395132,
    "cost": {
      "n_circuits_per_eval": 20,
      "overhead_circuits": 1.0,
      "overhead_amortised": 1.025,
      "shot_multiplier": 1.5820208307459385,
      "measured_discard": 0.3678970715395132,
      "overhead_effective": 1.6215713515145869
    }
  },
  "ro+zne": {
    "mean": -7.356081377406346,
    "sem": 0.02654600511190488,
    "rel_err": 0.12185051875949164,
    "parity_discard": 0.0,
    "cost": {
      "n_circuits_per_eval": 60,
      "overhead_circuits": 3.0,
      "overhead_amortised": 3.025,
      "shot_multiplier": 1.0,
      "measured_discard": 0.0,
      "overhead_effective": 3.025
    }
  },
  "parity+zne": {
    "mean": -8.850873646910618,
    "sem": 0.03239051737027662,
    "rel_err": 0.056593817114661125,
    "parity_discard": 0.39281005859375,
    "cost": {
      "n_circuits_per_eval": 60,
      "overhead_circuits": 3.0,
      "overhead_amortised": 3.0,
      "shot_multiplier": 1.6469311031141312,
      "measured_discard": 0.39281005859375,
      "overhead_effective": 4.940793309342394
    }
  },
  "ro+parity+zne": {
    "mean": -9.244884998148061,
    "sem": 0.03715570599929348,
    "rel_err": 0.10362984702519862,
    "parity_discard": 0.3678970715395132,
    "cost": {
      "n_circuits_per_eval": 60,
      "overhead_circuits": 3.0,
      "overhead_amortised": 3.025,
      "shot_multiplier": 1.5820208307459385,
      "measured_discard": 0.3678970715395132,
      "overhead_effective": 4.785613013006464
    }
  }
}