{
  "N": 4,
  "h": 2.0,
  "L": 1,
  "exact": -8.376798636850365,
  "convergence_raw": [
    -2.169921875,
    -2.58984375,
    -2.341796875,
    -0.83203125,
    -1.04296875,
    -4.625,
    -1.8203125,
    -4.36328125,
    -4.39453125,
    -4.10546875,
    -4.75,
    -4.45703125,
    -4.705078125,
    -4.474609375,
    -4.744140625,
    -4.837890625,
    -4.677734375,
    -4.697265625,
    -4.640625,
    -4.525390625,
    -4.341796875,
    -4.55859375,
    -4.720703125,
    -4.78515625,
    -4.623046875,
    -4.4375,
    -4.61328125,
    -4.451171875,
    -4.552734375,
    -4.6171875,
    -4.607421875,
    -4.619140625,
    -4.6953125,
    -4.583984375,
    -4.6015625,
    -4.708984375,
    -4.6484375,
    -4.619140625
  ],
  "convergence_rel": [
    0.7409604827488273,
    0.690831323244775,
    0.720442501184378,
    0.9006743165175521,
    0.8754931573248189,
    0.4478797688111819,
    0.7826959225219685,
    0.4791230589206843,
    0.4753925168180571,
    0.5099000312673583,
    0.4329576004006733,
    0.46793143261280284,
    0.43832025467319985,
    0.46583300268007505,
    0.4336570770449159,
    0.42246545073703445,
    0.4415844790129986,
    0.4392528901988566,
    0.44601449775986834,
    0.45977087176330594,
    0.48168780661624044,
    0.4558071707792646,
    0.4364549836218863,
    0.42876074053521773,
    0.4481129276925961,
    0.4702630214269448,
    0.44927872209966707,
    0.4686309092570454,
    0.45650664742350716,
    0.44881240433683867,
    0.44997819874390965,
    0.4485792454554245,
    0.43948604908027084,
    0.45277610532088003,
    0.4506776753881523,
    0.43785393691037144,
    0.44508186223421153,
    0.4485792454554245
  ],
  "elapsed_s": 819.2403989001177,
  "raw": {
    "mean": -4.6135498046875,
    "sem": 0.005420245675465915,
    "rel_err": 0.4492466627534727,
    "parity_discard": 0.0,
    "cost": {
      "n_circuits_per_eval": 20,
      "overhead_circuits": 1.0,
      "overhead_amortised": 1.0,
      "shot_multiplier": 1.0,
      "measured_discard": 0.0,
      "overhead_effective": 1.0
    }
  },
  "readout": {
    "mean": -4.929820983521045,
    "sem": 0.005714318322032517,
    "rel_err": 0.41149104840191864,
    "parity_discard": 0.0,
    "cost": {
      "n_circuits_per_eval": 20,
      "overhead_circuits": 1.0,
      "overhead_amortised": 1.025,
      "shot_multiplier": 1.0,
      "measured_discard": 0.0,
      "overhead_effective": 1.025
    }
  },
  "parity": {
    "mean": -4.797146353757766,
    "sem": 0.012911592727662072,
    "rel_err": 0.42732939375495493,
    "parity_discard": 0.52381591796875,
    "cost": {
      "n_circuits_per_eval": 20,
      "overhead_circuits": 1.0,
      "overhead_amortised": 1.0,
      "shot_multiplier": 2.1000281986208313,
      "measured_discard": 0.52381591796875,
      "overhead_effective": 2.1000281986208313
    }
  },
  "zne": {
    "mean": -4.613549804687498,
    "sem": 0.012382325548263795,
    "rel_err": 0.44924666275347286,
    "parity_discard": 0.0,
    "cost": {
      "n_circuits_per_eval": 60,
      "overhead_circuits": 3.0,
      "overhead_amortised": 3.0,
      "shot_multiplier": 1.0,
      "measured_discard": 0.0,
      "overhead_effective": 3.0
    }
  },
  "ro+parity": {
    "mean": -5.150211399090226,
    "sem": 0.01606482228326016,
    "rel_err": 0.3851814252244363,
    "parity_discard": 0.5292181929977745,
    "cost": {
      "n_circuits_per_eval": 20,
      "overhead_circuits": 1.0,
      "overhead_amortised": 1.025,
      "shot_multiplier": 2.124126262158794,
      "measured_discard": 0.5292181929977745,
      "overhead_effective": 2.1772294187127637
    }
  },
  "ro+zne": {
    "mean": -4.929820983521043,
    "sem": 0.013054122264251984,
    "rel_err": 0.41149104840191897,
    "parity_discard": 0.0,
    "cost": {
      "n_circuits_per_eval": 60,
      "overhead_circuits": 3.0,
      "overhead_amortised": 3.025,
      "shot_multiplier": 1.0,
      "measured_discard": 0.0,
      "overhead_effective": 3.025
    }
  },
  "parity+zne": {
    "mean": -4.797146353757765,
    "sem": 0.029495995951652962,
    "rel_err": 0.42732939375495504,
    "parity_discard": 0.52381591796875,
    "cost": {
      "n_circuits_per_eval": 60,
      "overhead_circuits": 3.0,
      "overhead_amortised": 3.0,
      "shot_multiplier": 2.1000281986208313,
      "measured_discard": 0.52381591796875,
      "overhead_effective": 6.300084595862494
    }
  },
  "ro+parity+zne": {
    "mean": -5.150211399090226,
    "sem": 0.03669941757192232,
    "rel_err": 0.3851814252244363,
    "parity_discard": 0.5292181929977745,
    "cost": {
      "n_circuits_per_eval": 60,
      "overhead_circuits": 3.0,
      "overhead_amortised": 3.025,
      "shot_multiplier": 2.124126262158794,
      "measured_discard": 0.5292181929977745,
      "overhead_effective": 6.425481943030352
    }
  }
}