{
  "N": 4,
  "h": 0.5,
  "L": 1,
  "exact": -3.427034088908078,
  "convergence_raw": [
    -1.1005859375,
    -1.1259765625,
    -1.21875,
    -2.0146484375,
    -1.54296875,
    -2.4365234375,
    -2.046875,
    -2.1875,
    -2.7119140625,
    -1.9072265625,
    -2.7373046875,
    -2.64453125,
    -2.7509765625,
    -2.763671875,
    -2.77734375,
    -2.6953125,
    -2.728515625,
    -2.814453125,
    -2.81640625,
    -2.8740234375,
    -2.8125,
    -2.7314453125,
    -2.7763671875,
    -2.8671875,
    -2.8466796875,
    -2.865234375,
    -2.826171875,
    -2.9052734375,
    -2.8525390625,
    -2.9375,
    -2.8935546875,
    -2.83984375,
    -2.8037109375,
    -2.8955078125,
    -2.83984375,
    -2.736328125,
    -2.798828125,
    -2.9111328125,
    -2.9287109375,
    -2.783203125,
    -2.7724609375,
    -2.8271484375,
    -2.8046875,
    -2.767578125,
    -2.8125,
    -2.806640625,
    -2.8427734375
  ],
  "convergence_rel": [
    0.6788517683374814,
    0.6714428472875918,
    0.6443717896053032,
    0.4121306105414588,
    0.5497655669682525,
    0.2890285377125253,
    0.40272697997813744,
    0.3616929557018263,
    0.20867024017141592,
    0.4434760457525298,
    0.2012613191215264,
    0.228332376803815,
    0.1972719000946628,
    0.19356743956971803,
    0.18957802054285447,
    0.21351453470403597,
    0.20382594563879583,
    0.17874959746993901,
    0.17817968046610136,
    0.16136712885289053,
    0.17931951447377667,
    0.20297107013303936,
    0.18986297904477328,
    0.16336183836632232,
    0.1693459669066177,
    0.16393175537015997,
    0.17533009544691308,
    0.15224845679148805,
    0.16763621589510475,
    0.14284482622816674,
    0.15566795881451398,
    0.1713406764200495,
    0.1818841409910461,
    0.15509804181067632,
    0.1713406764200495,
    0.2015462776234452,
    0.18330893350064026,
    0.15053870577997508,
    0.14540945274543618,
    0.1878682695313415,
    0.1910028130524486,
    0.17504513694499424,
    0.1815991824891273,
    0.19242760556204272,
    0.17931951447377667,
    0.18102926548528964,
    0.17048580091429302
  ],
  "elapsed_s": 850.5088832000038,
  "raw": {
    "mean": -2.82030029296875,
    "sem": 0.005154665372729776,
    "rel_err": 0.17704340843969998,
    "parity_discard": 0.0,
    "cost": {
      "n_circuits_per_eval": 20,
      "overhead_circuits": 1.0,
      "overhead_amortised": 1.0,
      "shot_multiplier": 1.0,
      "measured_discard": 0.0,
      "overhead_effective": 1.0
    }
  },
  "readout": {
    "mean": -3.0528011679997036,
    "sem": 0.005523991678172699,
    "rel_err": 0.10920023297101566,
    "parity_discard": 0.0,
    "cost": {
      "n_circuits_per_eval": 20,
      "overhead_circuits": 1.0,
      "overhead_amortised": 1.025,
      "shot_multiplier": 1.0,
      "measured_discard": 0.0,
      "overhead_effective": 1.025
    }
  },
  "parity": {
    "mean": -3.3887956129162253,
    "sem": 0.004900421780940462,
    "rel_err": 0.01115789192632057,
    "parity_discard": 0.381134033203125,
    "cost": {
      "n_circuits_per_eval": 20,
      "overhead_circuits": 1.0,
      "overhead_amortised": 1.0,
      "shot_multiplier": 1.6158587701563194,
      "measured_discard": 0.381134033203125,
      "overhead_effective": 1.6158587701563194
    }
  },
  "zne": {
    "mean": -2.824189758300782,
    "sem": 0.011831974262408722,
    "rel_err": 0.1759084721562763,
    "parity_discard": 0.0,
    "cost": {
      "n_circuits_per_eval": 60,
      "overhead_circuits": 3.0,
      "overhead_amortised": 3.0,
      "shot_multiplier": 1.0,
      "measured_discard": 0.0,
      "overhead_effective": 3.0
    }
  },
  "ro+parity": {
    "mean": -3.497615162633027,
    "sem": 0.005303708080308184,
    "rel_err": 0.02059538128126341,
    "parity_discard": 0.3557545614458547,
    "cost": {
      "n_circuits_per_eval": 20,
      "overhead_circuits": 1.0,
      "overhead_amortised": 1.025,
      "shot_multiplier": 1.552203461842525,
      "measured_discard": 0.3557545614458547,
      "overhead_effective": 1.5910085483885879
    }
  },
  "ro+zne": {
    "mean": -3.05701979452733,
    "sem": 0.012684766588692132,
    "rel_err": 0.10796924827165698,
    "parity_discard": 0.0,
    "cost": {
      "n_circuits_per_eval": 60,
      "overhead_circuits": 3.0,
      "overhead_amortised": 3.025,
      "shot_multiplier": 1.0,
      "measured_discard": 0.0,
      "overhead_effective": 3.025
    }
  },
  "parity+zne": {
    "mean": -3.390186598050972,
    "sem": 0.011011548992279277,
    "rel_err": 0.010752005933167205,
    "parity_discard": 0.3820068359375,
    "cost": {
      "n_circuits_per_eval": 60,
      "overhead_circuits": 3.0,
      "overhead_amortised": 3.0,
      "shot_multiplier": 1.6181408762296052,
      "measured_discard": 0.3820068359375,
      "overhead_effective": 4.854422628688816
    }
  },
  "ro+parity+zne": {
    "mean": -3.4987676852016985,
    "sem": 0.011890656730845172,
    "rel_err": 0.02093168449236992,
    "parity_discard": 0.3568069699062171,
    "cost": {
      "n_circuits_per_eval": 60,
      "overhead_circuits": 3.0,
      "overhead_amortised": 3.025,
      "shot_multiplier": 1.5547432158184171,
      "measured_discard": 0.3568069699062171,
      "overhead_effective": 4.703098227850711
    }
  }
}