{
  "N": 4,
  "h": 0.5,
  "L": 3,
  "exact": -3.427034088908078,
  "convergence_raw": [
    -1.9677734375,
    -1.8271484375,
    -0.6591796875,
    -2.08203125,
    -2.2744140625,
    -2.15625,
    -2.875,
    -3.064453125,
    -2.8330078125,
    -2.529296875,
    -2.3603515625,
    -2.619140625,
    -2.8056640625,
    -2.58984375,
    -2.873046875,
    -2.3203125,
    -2.830078125,
    -2.955078125,
    -2.9326171875,
    -2.9912109375,
    -2.939453125,
    -2.9873046875,
    -2.9921875,
    -2.984375,
    -2.9599609375,
    -2.845703125,
    -2.98046875,
    -2.9482421875,
    -2.9501953125,
    -3.0068359375,
    -2.9072265625,
    -3.015625,
    -3.0078125,
    -2.9912109375,
    -2.93359375,
    -2.9287109375,
    -2.9833984375,
    -2.986328125,
    -2.9560546875,
    -2.9560546875,
    -2.982421875,
    -3.005859375,
    -2.96875,
    -3.0615234375,
    -2.9384765625,
    -2.9169921875,
    -3.013671875,
    -3.0009765625,
    -2.9638671875,
    -2.927734375,
    -3.015625,
    -3.0029296875,
    -2.9482421875,
    -2.9482421875,
    -2.951171875,
    -2.986328125,
    -2.9736328125,
    -2.9365234375,
    -2.923828125,
    -2.923828125,
    -2.998046875,
    -2.966796875,
    -3.0068359375,
    -3.107421875,
    -3.0078125,
    -2.9033203125,
    -2.9658203125,
    -2.9716796875,
    -2.9111328125,
    -2.9912109375,
    -2.8828125,
    -2.91796875,
    -3.0419921875,
    -3.0546875,
    -2.8896484375,
    -2.9384765625,
    -2.94140625,
    -2.888671875,
    -2.92578125,
    -2.951171875,
    -2.974609375,
    -2.9931640625,
    -2.9482421875,
    -2.98828125,
    -2.923828125,
    -2.9814453125,
    -2.95703125,
    -2.92578125,
    -3.005859375,
    -2.98046875
  ],
  "convergence_rel": [
    0.4258086186335625,
    0.46684264290987365,
    0.8076530112047914,
    0.39246847390905965,
    0.3363316490310506,
    0.3708116277632288,
    0.1610821703509717,
    0.10580022097871916,
    0.17333538593348127,
    0.26195748003023667,
    0.31125530086219383,
    0.2357412978537045,
    0.18131422398720845,
    0.24429005291126935,
    0.16165208735480935,
    0.3229385994408657,
    0.17419026143923777,
    0.13771557319362784,
    0.14426961873776087,
    0.12717210862263123,
    0.1422749092243291,
    0.12831194263030654,
    0.1268871501207124,
    0.129166818136063,
    0.13629078068403372,
    0.16963092540853653,
    0.13030665214373832,
    0.13971028270705962,
    0.13914036570322197,
    0.12261277259192999,
    0.1516785397876504,
    0.12004814607466054,
    0.12232781409001116,
    0.12717210862263123,
    0.14398466023584205,
    0.14540945274543618,
    0.12945177663798185,
    0.12859690113222536,
    0.137430614691709,
    0.137430614691709,
    0.12973673513990067,
    0.12289773109384881,
    0.13372615416676426,
    0.10665509648447564,
    0.1425598677262479,
    0.1488289547684621,
    0.12061806307849819,
    0.12432252360344295,
    0.1351509466763584,
    0.14569441124735502,
    0.12004814607466054,
    0.1237526065996053,
    0.13971028270705962,
    0.13971028270705962,
    0.13885540720130315,
    0.12859690113222536,
    0.13230136165717013,
    0.14312978473008556,
    0.14683424525503033,
    0.14683424525503033,
    0.12517739910919942,
    0.1342960711706019,
    0.12261277259192999,
    0.09326204689429074,
    0.12232781409001116,
    0.1528183737953257,
    0.13458102967252075,
    0.13287127866100779,
    0.15053870577997508,
    0.12717210862263123,
    0.15880250233562107,
    0.1485439962665433,
    0.11235426652285219,
    0.10864980599790744,
    0.1568077928221893,
    0.1425598677262479,
    0.14170499222049143,
    0.1570927513241081,
    0.14626432825119268,
    0.13885540720130315,
    0.1320164031552513,
    0.12660219161879357,
    0.13971028270705962,
    0.1280269841283877,
    0.14683424525503033,
    0.1300216936418195,
    0.1371456561897902,
    0.14626432825119268,
    0.12289773109384881,
    0.13030665214373832
  ],
  "elapsed_s": 1395.5278616999276,
  "raw": {
    "mean": -2.96632080078125,
    "sem": 0.003860221522848085,
    "rel_err": 0.1344349884402874,
    "parity_discard": 0.0,
    "cost": {
      "n_circuits_per_eval": 20,
      "overhead_circuits": 1.0,
      "overhead_amortised": 1.0,
      "shot_multiplier": 1.0,
      "measured_discard": 0.0,
      "overhead_effective": 1.0
    }
  },
  "readout": {
    "mean": -3.2188396539063104,
    "sem": 0.004148545569096967,
    "rel_err": 0.06075061688928301,
    "parity_discard": 0.0,
    "cost": {
      "n_circuits_per_eval": 20,
      "overhead_circuits": 1.0,
      "overhead_amortised": 1.025,
      "shot_multiplier": 1.0,
      "measured_discard": 0.0,
      "overhead_effective": 1.025
    }
  },
  "parity": {
    "mean": -3.450318017868662,
    "sem": 0.00584981158465429,
    "rel_err": 0.00679419239976176,
    "parity_discard": 0.351751708984375,
    "cost": {
      "n_circuits_per_eval": 20,
      "overhead_circuits": 1.0,
      "overhead_amortised": 1.0,
      "shot_multiplier": 1.5426187987835307,
      "measured_discard": 0.351751708984375,
      "overhead_effective": 1.5426187987835307
    }
  },
  "zne": {
    "mean": -2.9663208007812476,
    "sem": 0.008818515330527143,
    "rel_err": 0.13443498844028803,
    "parity_discard": 0.0,
    "cost": {
      "n_circuits_per_eval": 60,
      "overhead_circuits": 3.0,
      "overhead_amortised": 3.0,
      "shot_multiplier": 1.0,
      "measured_discard": 0.0,
      "overhead_effective": 3.0
    }
  },
  "ro+parity": {
    "mean": -3.5315778565724516,
    "sem": 0.0065859836487176145,
    "rel_err": 0.03050561066863598,
    "parity_discard": 0.32046171732000645,
    "cost": {
      "n_circuits_per_eval": 20,
      "overhead_circuits": 1.0,
      "overhead_amortised": 1.025,
      "shot_multiplier": 1.471587437364316,
      "measured_discard": 0.32046171732000645,
      "overhead_effective": 1.5083771232984238
    }
  },
  "ro+zne": {
    "mean": -3.21883965390631,
    "sem": 0.00947717960845942,
    "rel_err": 0.06075061688928314,
    "parity_discard": 0.0,
    "cost": {
      "n_circuits_per_eval": 60,
      "overhead_circuits": 3.0,
      "overhead_amortised": 3.025,
      "shot_multiplier": 1.0,
      "measured_discard": 0.0,
      "overhead_effective": 3.025
    }
  },
  "parity+zne": {
    "mean": -3.45031801786866,
    "sem": 0.013363650980814261,
    "rel_err": 0.006794192399761242,
    "parity_discard": 0.3517517089843751,
    "cost": {
      "n_circuits_per_eval": 60,
      "overhead_circuits": 3.0,
      "overhead_amortised": 3.0,
      "shot_multiplier": 1.542618798783531,
      "measured_discard": 0.3517517089843751,
      "overhead_effective": 4.627856396350593
    }
  },
  "ro+parity+zne": {
    "mean": -3.531577856572453,
    "sem": 0.01504540540719196,
    "rel_err": 0.030505610668636367,
    "parity_discard": 0.32046171732000645,
    "cost": {
      "n_circuits_per_eval": 60,
      "overhead_circuits": 3.0,
      "overhead_amortised": 3.025,
      "shot_multiplier": 1.471587437364316,
      "measured_discard": 0.32046171732000645,
      "overhead_effective": 4.451551998027056
    }
  }
}