{
  "N": 4,
  "h": 2.0,
  "L": 2,
  "exact": -8.376798636850365,
  "convergence_raw": [
    -4.46484375,
    -4.876953125,
    -6.12109375,
    -5.43359375,
    -5.646484375,
    -4.802734375,
    -4.515625,
    -5.55078125,
    -4.85546875,
    -6.69140625,
    -6.423828125,
    -6.498046875,
    -5.14453125,
    -6.119140625,
    -6.66796875,
    -6.58203125,
    -6.673828125,
    -6.53515625,
    -6.46875,
    -6.298828125,
    -6.453125,
    -6.33203125,
    -6.494140625,
    -6.728515625,
    -6.6875,
    -6.466796875,
    -6.587890625,
    -6.587890625,
    -6.7578125,
    -6.638671875,
    -6.810546875,
    -6.72265625,
    -6.927734375,
    -6.921875,
    -6.673828125,
    -6.6015625,
    -6.615234375,
    -6.65234375,
    -6.6015625,
    -6.6953125,
    -6.66796875,
    -6.62109375,
    -6.79296875,
    -6.60546875,
    -6.587890625,
    -6.755859375,
    -6.73828125,
    -6.7578125,
    -6.650390625,
    -6.6640625,
    -6.623046875,
    -6.560546875,
    -6.791015625,
    -6.78125,
    -6.50390625,
    -6.66015625,
    -6.734375,
    -6.576171875,
    -6.66015625,
    -6.728515625,
    -6.6640625,
    -6.603515625,
    -6.62890625,
    -6.599609375,
    -6.78125,
    -6.51953125,
    -6.8515625,
    -6.51953125
  ],
  "convergence_rel": [
    0.46699879708714603,
    0.4178022731087505,
    0.26928006564790713,
    0.35135199190570443,
    0.325937673831557,
    0.42666231060249,
    0.46093666617037693,
    0.3373624590208526,
    0.42036702080430666,
    0.20119767227496166,
    0.23314043902870663,
    0.22428040153496714,
    0.38585950635500554,
    0.2695132245293213,
    0.203995578851932,
    0.21425456963415668,
    0.20329610220768943,
    0.2198503827880974,
    0.2277777847561801,
    0.2480626074392152,
    0.22964305580749367,
    0.24409890645517388,
    0.22474671929779552,
    0.19676765352809192,
    0.20166399003779004,
    0.22801094363759428,
    0.2135550929899141,
    0.2135550929899141,
    0.19327027030687896,
    0.20749296207314497,
    0.18697498050869565,
    0.1974671301723345,
    0.17298544762384382,
    0.17368492426808643,
    0.20329610220768943,
    0.2119229808200147,
    0.21029086865011531,
    0.2058608499032456,
    0.2119229808200147,
    0.20073135451213325,
    0.203995578851932,
    0.20959139200587273,
    0.18907341044142342,
    0.2114566630571863,
    0.2135550929899141,
    0.19350342918829316,
    0.19560185912102093,
    0.19327027030687896,
    0.20609400878465978,
    0.2044618966147604,
    0.20935823312445853,
    0.21681931732971285,
    0.18930656932283763,
    0.19047236372990858,
    0.22358092489072454,
    0.2049282143775888,
    0.1960681768838493,
    0.21495404627839926,
    0.2049282143775888,
    0.19676765352809192,
    0.2044618966147604,
    0.2116898219386005,
    0.20865875648021595,
    0.2121561397014289,
    0.19047236372990858,
    0.22171565383941097,
    0.1820786439989975,
    0.22171565383941097
  ],
  "elapsed_s": 1147.269901999738,
  "raw": {
    "mean": -6.6671142578125,
    "sem": 0.012864522483362593,
    "rel_err": 0.20409758586255072,
    "parity_discard": 0.0,
    "cost": {
      "n_circuits_per_eval": 20,
      "overhead_circuits": 1.0,
      "overhead_amortised": 1.0,
      "shot_multiplier": 1.0,
      "measured_discard": 0.0,
      "overhead_effective": 1.0
    }
  },
  "readout": {
    "mean": -7.0949166168847295,
    "sem": 0.013946261261604899,
    "rel_err": 0.1530276750746413,
    "parity_discard": 0.0,
    "cost": {
      "n_circuits_per_eval": 20,
      "overhead_circuits": 1.0,
      "overhead_amortised": 1.025,
      "shot_multiplier": 1.0,
      "measured_discard": 0.0,
      "overhead_effective": 1.025
    }
  },
  "parity": {
    "mean": -8.599425573902153,
    "sem": 0.01938619280765827,
    "rel_err": 0.02657661317921973,
    "parity_discard": 0.406903076171875,
    "cost": {
      "n_circuits_per_eval": 20,
      "overhead_circuits": 1.0,
      "overhead_amortised": 1.0,
      "shot_multiplier": 1.6860650592242703,
      "measured_discard": 0.406903076171875,
      "overhead_effective": 1.6860650592242703
    }
  },
  "zne": {
    "mean": -6.6671142578125,
    "sem": 0.02938846593854108,
    "rel_err": 0.20409758586255072,
    "parity_discard": 0.0,
    "cost": {
      "n_circuits_per_eval": 60,
      "overhead_circuits": 3.0,
      "overhead_amortised": 3.0,
      "shot_multiplier": 1.0,
      "measured_discard": 0.0,
      "overhead_effective": 3.0
    }
  },
  "ro+parity": {
    "mean": -9.024311970972702,
    "sem": 0.020628697052755888,
    "rel_err": 0.07729842415858748,
    "parity_discard": 0.38286157672131044,
    "cost": {
      "n_circuits_per_eval": 20,
      "overhead_circuits": 1.0,
      "overhead_amortised": 1.025,
      "shot_multiplier": 1.6203820120083763,
      "measured_discard": 0.38286157672131044,
      "overhead_effective": 1.6608915623085856
    }
  },
  "ro+zne": {
    "mean": -7.094916616884722,
    "sem": 0.03185965313417055,
    "rel_err": 0.15302767507464213,
    "parity_discard": 0.0,
    "cost": {
      "n_circuits_per_eval": 60,
      "overhead_circuits": 3.0,
      "overhead_amortised": 3.025,
      "shot_multiplier": 1.0,
      "measured_discard": 0.0,
      "overhead_effective": 3.025
    }
  },
  "parity+zne": {
    "mean": -8.599425573902145,
    "sem": 0.04428695023407788,
    "rel_err": 0.026576613179218878,
    "parity_discard": 0.406903076171875,
    "cost": {
      "n_circuits_per_eval": 60,
      "overhead_circuits": 3.0,
      "overhead_amortised": 3.0,
      "shot_multiplier": 1.6860650592242703,
      "measured_discard": 0.406903076171875,
      "overhead_effective": 5.058195177672811
    }
  },
  "ro+parity+zne": {
    "mean": -9.024311970972697,
    "sem": 0.04712539944451445,
    "rel_err": 0.07729842415858684,
    "parity_discard": 0.38286157672131044,
    "cost": {
      "n_circuits_per_eval": 60,
      "overhead_circuits": 3.0,
      "overhead_amortised": 3.025,
      "shot_multiplier": 1.6203820120083763,
      "measured_discard": 0.38286157672131044,
      "overhead_effective": 4.901655586325338
    }
  }
}