{
  "N": 4,
  "h": 0.5,
  "L": 2,
  "exact": -3.427034088908078,
  "convergence_raw": [
    0.109375,
    -0.5439453125,
    0.541015625,
    -0.708984375,
    -0.814453125,
    -0.435546875,
    0.0322265625,
    -1.1533203125,
    -0.6396484375,
    -1.462890625,
    -1.4658203125,
    -1.26953125,
    -1.2197265625,
    -1.59375,
    -0.9697265625,
    -1.6328125,
    -1.388671875,
    -1.7041015625,
    -2.3271484375,
    -1.9990234375,
    -2.0380859375,
    -2.53125,
    -2.109375,
    -2.4462890625,
    -2.44921875,
    -2.1982421875,
    -2.8642578125,
    -2.630859375,
    -3.0302734375,
    -2.646484375,
    -2.6962890625,
    -2.4794921875,
    -2.583984375,
    -2.8427734375,
    -2.9833984375,
    -3.0048828125,
    -2.9736328125,
    -3.033203125,
    -3.0361328125,
    -2.96875,
    -3.072265625,
    -2.9912109375,
    -2.947265625,
    -2.9853515625,
    -2.96484375,
    -2.9658203125,
    -3.06640625,
    -3.0263671875,
    -2.9892578125,
    -3.064453125,
    -2.9775390625,
    -2.9658203125,
    -2.9716796875,
    -2.9501953125,
    -2.9775390625,
    -3.048828125,
    -3.0205078125,
    -2.9794921875,
    -3.0380859375,
    -3.001953125,
    -2.9892578125,
    -3.0693359375,
    -3.0400390625,
    -3.0625,
    -2.994140625,
    -2.93359375,
    -3.017578125,
    -3.06640625,
    -3.0107421875,
    -2.9150390625,
    -2.9658203125,
    -2.962890625,
    -3.0712890625,
    -3.0380859375,
    -3.1005859375,
    -3.0146484375,
    -3.0048828125,
    -2.9248046875,
    -2.9208984375,
    -3.0498046875,
    -3.0439453125,
    -3.07421875,
    -3.0244140625,
    -2.982421875,
    -3.078125,
    -2.98046875,
    -3.0244140625,
    -3.0615234375,
    -2.9423828125
  ],
  "convergence_rel": [
    1.0319153522149087,
    0.841278114431213,
    1.1578670100630304,
    0.7931201276069312,
    0.7623446093996978,
    0.872908508144203,
    1.0094036305633214,
    0.6634640092338646,
    0.813352181243168,
    0.5731321641255963,
    0.5722772886198398,
    0.6295539475055242,
    0.6440868311033844,
    0.5349477248684734,
    0.7170362075946043,
    0.5235493847917203,
    0.5947890102714273,
    0.5027474141516459,
    0.32094388992743395,
    0.41668994657216,
    0.4052916064954069,
    0.261387563026399,
    0.3844896358553325,
    0.286178952693337,
    0.2853240771875805,
    0.3585584121807192,
    0.1642167138720788,
    0.23232179583067858,
    0.11577376854587812,
    0.22776245979997733,
    0.21322957620211713,
    0.27649036362809687,
    0.2459998039227823,
    0.17048580091429302,
    0.12945177663798185,
    0.12318268959576764,
    0.13230136165717013,
    0.11491889304012164,
    0.11406401753436515,
    0.13372615416676426,
    0.10352055296336854,
    0.12717210862263123,
    0.13999524120897847,
    0.1288818596341442,
    0.13486598817443957,
    0.13458102967252075,
    0.1052303039748815,
    0.11691360255355343,
    0.12774202562646889,
    0.10580022097871916,
    0.13116152764949482,
    0.13458102967252075,
    0.13287127866100779,
    0.13914036570322197,
    0.13116152764949482,
    0.1103595570094204,
    0.1186233535650664,
    0.13059161064565716,
    0.1134941005305275,
    0.12403756510152412,
    0.12774202562646889,
    0.10437542846912502,
    0.11292418352668984,
    0.10637013798255682,
    0.12631723311687473,
    0.14398466023584205,
    0.11947822907082288,
    0.1052303039748815,
    0.12147293858425467,
    0.14939887177229977,
    0.13458102967252075,
    0.13543590517827722,
    0.10380551146528737,
    0.1134941005305275,
    0.09525675640772253,
    0.12033310457657936,
    0.12318268959576764,
    0.1465492867531115,
    0.1476891207607868,
    0.11007459850750158,
    0.11178434951901453,
    0.10295063595953088,
    0.11748351955739109,
    0.12973673513990067,
    0.10181080195185557,
    0.13030665214373832,
    0.11748351955739109,
    0.10665509648447564,
    0.1414200337185726
  ],
  "elapsed_s": 1069.69879939995,
  "raw": {
    "mean": -3.003271484375,
    "sem": 0.0037661016012253243,
    "rel_err": 0.12365287112393374,
    "parity_discard": 0.0,
    "cost": {
      "n_circuits_per_eval": 20,
      "overhead_circuits": 1.0,
      "overhead_amortised": 1.0,
      "shot_multiplier": 1.0,
      "measured_discard": 0.0,
      "overhead_effective": 1.0
    }
  },
  "readout": {
    "mean": -3.271990027470234,
    "sem": 0.004052327280963131,
    "rel_err": 0.04524147044222851,
    "parity_discard": 0.0,
    "cost": {
      "n_circuits_per_eval": 20,
      "overhead_circuits": 1.0,
      "overhead_amortised": 1.025,
      "shot_multiplier": 1.0,
      "measured_discard": 0.0,
      "overhead_effective": 1.025
    }
  },
  "parity": {
    "mean": -3.453289129500182,
    "sem": 0.003556021378199877,
    "rel_err": 0.007661155363782565,
    "parity_discard": 0.33660888671875,
    "cost": {
      "n_circuits_per_eval": 20,
      "overhead_circuits": 1.0,
      "overhead_amortised": 1.0,
      "shot_multiplier": 1.507406385132027,
      "measured_discard": 0.33660888671875,
      "overhead_effective": 1.507406385132027
    }
  },
  "zne": {
    "mean": -3.0160308837890617,
    "sem": 0.008862183660236018,
    "rel_err": 0.11992971019730075,
    "parity_discard": 0.0,
    "cost": {
      "n_circuits_per_eval": 60,
      "overhead_circuits": 3.0,
      "overhead_amortised": 3.0,
      "shot_multiplier": 1.0,
      "measured_discard": 0.0,
      "overhead_effective": 3.0
    }
  },
  "ro+parity": {
    "mean": -3.521091513594353,
    "sem": 0.0042429788680114836,
    "rel_err": 0.027445721940934486,
    "parity_discard": 0.29863937221552245,
    "cost": {
      "n_circuits_per_eval": 20,
      "overhead_circuits": 1.0,
      "overhead_amortised": 1.025,
      "shot_multiplier": 1.4258000241029953,
      "measured_discard": 0.29863937221552245,
      "overhead_effective": 1.4614450247055701
    }
  },
  "ro+zne": {
    "mean": -3.2859438569128754,
    "sem": 0.009549998089561864,
    "rel_err": 0.0411697778122064,
    "parity_discard": 0.0,
    "cost": {
      "n_circuits_per_eval": 60,
      "overhead_circuits": 3.0,
      "overhead_amortised": 3.025,
      "shot_multiplier": 1.0,
      "measured_discard": 0.0,
      "overhead_effective": 3.025
    }
  },
  "parity+zne": {
    "mean": -3.4584578642894104,
    "sem": 0.008118592961023345,
    "rel_err": 0.009169379284273322,
    "parity_discard": 0.33867797851562503,
    "cost": {
      "n_circuits_per_eval": 60,
      "overhead_circuits": 3.0,
      "overhead_amortised": 3.0,
      "shot_multiplier": 1.5121226384620357,
      "measured_discard": 0.33867797851562503,
      "overhead_effective": 4.536367915386107
    }
  },
  "ro+parity+zne": {
    "mean": -3.525261823357381,
    "sem": 0.009701707495015274,
    "rel_err": 0.028662607928887016,
    "parity_discard": 0.3011819879395504,
    "cost": {
      "n_circuits_per_eval": 60,
      "overhead_circuits": 3.0,
      "overhead_amortised": 3.025,
      "shot_multiplier": 1.4309877289103095,
      "measured_discard": 0.3011819879395504,
      "overhead_effective": 4.328737879953686
    }
  }
}