{
  "N": 4,
  "h": 1.0,
  "L": 2,
  "exact": -4.7587704831436355,
  "convergence_raw": [
    -0.40234375,
    -0.376953125,
    -0.46484375,
    -1.283203125,
    -0.974609375,
    -1.134765625,
    -1.453125,
    -1.41015625,
    -1.5859375,
    -1.560546875,
    -1.357421875,
    -2.07421875,
    -1.42578125,
    -2.068359375,
    -2.369140625,
    -2.251953125,
    -2.169921875,
    -1.63671875,
    -2.154296875,
    -1.6328125,
    -2.2421875,
    -2.28125,
    -2.455078125,
    -2.578125,
    -2.779296875,
    -2.873046875,
    -2.99609375,
    -3.1796875,
    -3.076171875,
    -3.140625,
    -3.244140625,
    -3.294921875,
    -3.296875,
    -3.333984375,
    -3.341796875,
    -3.26171875,
    -3.291015625,
    -3.1640625,
    -3.1796875,
    -3.189453125,
    -3.388671875,
    -3.201171875,
    -3.20703125,
    -3.265625,
    -3.125,
    -3.337890625,
    -3.412109375,
    -3.25,
    -3.25,
    -3.2578125,
    -3.326171875,
    -3.130859375,
    -3.162109375,
    -3.171875,
    -3.123046875,
    -3.3515625,
    -3.20703125,
    -3.16015625,
    -3.326171875,
    -3.201171875,
    -3.251953125,
    -3.275390625,
    -3.353515625,
    -3.1875,
    -3.048828125,
    -3.322265625,
    -3.30078125,
    -3.1953125,
    -3.111328125,
    -3.16796875,
    -3.234375,
    -3.099609375,
    -3.287109375,
    -3.248046875,
    -3.296875,
    -3.265625,
    -3.21875,
    -3.248046875,
    -3.2890625,
    -3.28515625,
    -3.248046875,
    -3.154296875,
    -3.060546875,
    -3.130859375,
    -3.333984375,
    -3.2109375
  ],
  "convergence_rel": [
    0.9154521632372965,
    0.9207877063339719,
    0.9023185186916337,
    0.7303498604218629,
    0.7951972303660725,
    0.7615422662178118,
    0.6946427643133425,
    0.7036721449384856,
    0.6667337696538093,
    0.6720693127504848,
    0.7147536575238885,
    0.5641271716408196,
    0.7003887338020699,
    0.5653584508169754,
    0.5021527864409737,
    0.5267783699640913,
    0.5440162784302736,
    0.6560626834604584,
    0.5472996895666893,
    0.6568835362445623,
    0.5288305019243511,
    0.5206219740833119,
    0.48409402519068756,
    0.45823716249141416,
    0.41596324411006236,
    0.39626277729156834,
    0.37040591459229494,
    0.33182583373941077,
    0.3535784325181646,
    0.34003436158045,
    0.3182817628016961,
    0.3076106766083452,
    0.3072002502162932,
    0.29940214876730603,
    0.29776044319909817,
    0.3145879252732285,
    0.3084315293924491,
    0.33510924487582644,
    0.33182583373941077,
    0.329773701779151,
    0.28791020978985116,
    0.3273111434268392,
    0.32607986425068336,
    0.3137670724891246,
    0.34331777271686564,
    0.2985812959832021,
    0.2829850930852277,
    0.3170504836255403,
    0.3170504836255403,
    0.3154087780573324,
    0.30104385433551384,
    0.34208649354070975,
    0.3355196712678784,
    0.33346753930761863,
    0.3437281991089176,
    0.2957083112388384,
    0.32607986425068336,
    0.33593009765993037,
    0.30104385433551384,
    0.3273111434268392,
    0.3166400572334883,
    0.3117149405288648,
    0.29529788484678643,
    0.33018412817120296,
    0.35932440200689203,
    0.30186470711961777,
    0.30637939743218934,
    0.3285424226029951,
    0.34619075746122935,
    0.3342883920917225,
    0.32033389476195595,
    0.3486533158135411,
    0.30925238217655304,
    0.3174609100175922,
    0.3072002502162932,
    0.3137670724891246,
    0.3236173058983716,
    0.3174609100175922,
    0.3088419557845011,
    0.309662808568605,
    0.3174609100175922,
    0.33716137683608627,
    0.3568618436545803,
    0.34208649354070975,
    0.29940214876730603,
    0.32525901146657943
  ],
  "elapsed_s": 1160.2696142001078,
  "raw": {
    "mean": -3.2296875,
    "sem": 0.006305553647273031,
    "rel_err": 0.32131891810288066,
    "parity_discard": 0.0,
    "cost": {
      "n_circuits_per_eval": 20,
      "overhead_circuits": 1.0,
      "overhead_amortised": 1.0,
      "shot_multiplier": 1.0,
      "measured_discard": 0.0,
      "overhead_effective": 1.0
    }
  },
  "readout": {
    "mean": -3.489888747427545,
    "sem": 0.006656703125801088,
    "rel_err": 0.2666406669980582,
    "parity_discard": 0.0,
    "cost": {
      "n_circuits_per_eval": 20,
      "overhead_circuits": 1.0,
      "overhead_amortised": 1.025,
      "shot_multiplier": 1.0,
      "measured_discard": 0.0,
      "overhead_effective": 1.025
    }
  },
  "parity": {
    "mean": -3.8855581676446116,
    "sem": 0.011998653251834456,
    "rel_err": 0.18349536263454785,
    "parity_discard": 0.46268310546875,
    "cost": {
      "n_circuits_per_eval": 20,
      "overhead_circuits": 1.0,
      "overhead_amortised": 1.0,
      "shot_multiplier": 1.8610991207942387,
      "measured_discard": 0.46268310546875,
      "overhead_effective": 1.8610991207942387
    }
  },
  "zne": {
    "mean": -3.229687499999998,
    "sem": 0.01440477474590954,
    "rel_err": 0.32131891810288105,
    "parity_discard": 0.0,
    "cost": {
      "n_circuits_per_eval": 60,
      "overhead_circuits": 3.0,
      "overhead_amortised": 3.0,
      "shot_multiplier": 1.0,
      "measured_discard": 0.0,
      "overhead_effective": 3.0
    }
  },
  "ro+parity": {
    "mean": -4.070964736404202,
    "sem": 0.01367272049548528,
    "rel_err": 0.1445343391062371,
    "parity_discard": 0.45045926721679336,
    "cost": {
      "n_circuits_per_eval": 20,
      "overhead_circuits": 1.0,
      "overhead_amortised": 1.025,
      "shot_multiplier": 1.8197013257514054,
      "measured_discard": 0.45045926721679336,
      "overhead_effective": 1.8651938588951904
    }
  },
  "ro+zne": {
    "mean": -3.4898887474275435,
    "sem": 0.015206961107852206,
    "rel_err": 0.2666406669980585,
    "parity_discard": 0.0,
    "cost": {
      "n_circuits_per_eval": 60,
      "overhead_circuits": 3.0,
      "overhead_amortised": 3.025,
      "shot_multiplier": 1.0,
      "measured_discard": 0.0,
      "overhead_effective": 3.025
    }
  },
  "parity+zne": {
    "mean": -3.8855581676446107,
    "sem": 0.027410423733639583,
    "rel_err": 0.18349536263454805,
    "parity_discard": 0.4626831054687501,
    "cost": {
      "n_circuits_per_eval": 60,
      "overhead_circuits": 3.0,
      "overhead_amortised": 3.0,
      "shot_multiplier": 1.8610991207942391,
      "measured_discard": 0.4626831054687501,
      "overhead_effective": 5.583297362382718
    }
  },
  "ro+parity+zne": {
    "mean": -4.0709647364042,
    "sem": 0.0312347606441224,
    "rel_err": 0.14453433910623745,
    "parity_discard": 0.45045926721679336,
    "cost": {
      "n_circuits_per_eval": 60,
      "overhead_circuits": 3.0,
      "overhead_amortised": 3.025,
      "shot_multiplier": 1.8197013257514054,
      "measured_discard": 0.45045926721679336,
      "overhead_effective": 5.5045965103980015
    }
  }
}