{
  "N": 4,
  "h": 2.0,
  "L": 1,
  "exact": -8.376798636850365,
  "convergence_raw": [
    -2.134765625,
    -2.57421875,
    -2.31640625,
    -0.82421875,
    -1.0390625,
    -4.603515625,
    -1.826171875,
    -4.365234375,
    -4.806640625,
    -4.328125,
    -4.845703125,
    -4.73828125,
    -4.88671875,
    -4.59375,
    -4.890625,
    -4.92578125,
    -4.720703125,
    -4.833984375,
    -4.771484375,
    -4.58984375,
    -4.4375,
    -4.630859375,
    -4.806640625,
    -4.978515625,
    -4.76171875,
    -4.603515625,
    -4.771484375,
    -4.568359375,
    -4.64453125,
    -4.716796875,
    -4.712890625,
    -4.69921875,
    -4.822265625,
    -4.705078125,
    -4.650390625,
    -4.80859375,
    -4.7890625,
    -4.734375,
    -4.68359375
  ],
  "convergence_rel": [
    0.7451573426142829,
    0.6926965942960885,
    0.7234735666427625,
    0.901606952043209,
    0.8759594750876473,
    0.45044451650673806,
    0.781996445877726,
    0.47888990003927007,
    0.4261959928396616,
    0.48331991878613983,
    0.42153281521137764,
    0.4343565536891585,
    0.4166364787016795,
    0.45161031091380904,
    0.4161701609388511,
    0.4119733010733956,
    0.4364549836218863,
    0.42293176849986286,
    0.4303928527051171,
    0.45207662867663745,
    0.4702630214269448,
    0.44718029216693933,
    0.4261959928396616,
    0.40567801127521225,
    0.4315586471121881,
    0.45044451650673806,
    0.4303928527051171,
    0.4546413763721936,
    0.44554817999703994,
    0.43692130138471463,
    0.43738761914754304,
    0.43901973131744243,
    0.424330721788348,
    0.43832025467319985,
    0.44484870335279736,
    0.4259628339582474,
    0.4282944227723894,
    0.4348228714519869,
    0.440885002368756
  ],
  "elapsed_s": 825.5374834000249,
  "raw": {
    "mean": -4.73994140625,
    "sem": 0.0062794521240744205,
    "rel_err": 0.43415836863995644,
    "parity_discard": 0.0,
    "cost": {
      "n_circuits_per_eval": 20,
      "overhead_circuits": 1.0,
      "overhead_amortised": 1.0,
      "shot_multiplier": 1.0,
      "measured_discard": 0.0,
      "overhead_effective": 1.0
    }
  },
  "readout": {
    "mean": -5.071827352160873,
    "sem": 0.006650242967611511,
    "rel_err": 0.3945387048162525,
    "parity_discard": 0.0,
    "cost": {
      "n_circuits_per_eval": 20,
      "overhead_circuits": 1.0,
      "overhead_amortised": 1.025,
      "shot_multiplier": 1.0,
      "measured_discard": 0.0,
      "overhead_effective": 1.025
    }
  },
  "parity": {
    "mean": -5.0044788792853625,
    "sem": 0.015015936155963043,
    "rel_err": 0.40257858685176395,
    "parity_discard": 0.50782470703125,
    "cost": {
      "n_circuits_per_eval": 20,
      "overhead_circuits": 1.0,
      "overhead_amortised": 1.0,
      "shot_multiplier": 2.031796423522409,
      "measured_discard": 0.50782470703125,
      "overhead_effective": 2.031796423522409
    }
  },
  "zne": {
    "mean": -4.746658325195312,
    "sem": 0.01400786847153437,
    "rel_err": 0.433356520674343,
    "parity_discard": 0.0,
    "cost": {
      "n_circuits_per_eval": 60,
      "overhead_circuits": 3.0,
      "overhead_amortised": 3.0,
      "shot_multiplier": 1.0,
      "measured_discard": 0.0,
      "overhead_effective": 3.0
    }
  },
  "ro+parity": {
    "mean": -5.367052301365684,
    "sem": 0.018529995241567128,
    "rel_err": 0.3592955335281082,
    "parity_discard": 0.5094894435227664,
    "cost": {
      "n_circuits_per_eval": 20,
      "overhead_circuits": 1.0,
      "overhead_amortised": 1.025,
      "shot_multiplier": 2.038692107223616,
      "measured_discard": 0.5094894435227664,
      "overhead_effective": 2.0896594099042063
    }
  },
  "ro+zne": {
    "mean": -5.079021687612618,
    "sem": 0.014802728634503638,
    "rel_err": 0.39367986413455136,
    "parity_discard": 0.0,
    "cost": {
      "n_circuits_per_eval": 60,
      "overhead_circuits": 3.0,
      "overhead_amortised": 3.025,
      "shot_multiplier": 1.0,
      "measured_discard": 0.0,
      "overhead_effective": 3.025
    }
  },
  "parity+zne": {
    "mean": -5.012301769975797,
    "sem": 0.03510584695352671,
    "rel_err": 0.4016447109130467,
    "parity_discard": 0.507769775390625,
    "cost": {
      "n_circuits_per_eval": 60,
      "overhead_circuits": 3.0,
      "overhead_amortised": 3.0,
      "shot_multiplier": 2.031569680211291,
      "measured_discard": 0.507769775390625,
      "overhead_effective": 6.094709040633873
    }
  },
  "ro+parity+zne": {
    "mean": -5.375527292654196,
    "sem": 0.04353857082466259,
    "rel_err": 0.35828381154983,
    "parity_discard": 0.5094218092819066,
    "cost": {
      "n_circuits_per_eval": 60,
      "overhead_circuits": 3.0,
      "overhead_amortised": 3.025,
      "shot_multiplier": 2.0384110401162157,
      "measured_discard": 0.5094218092819066,
      "overhead_effective": 6.166193396351552
    }
  }
}