{
  "N": 6,
  "h": 2.0,
  "L": 3,
  "exact": -12.630964276492985,
  "convergence_raw": [
    2.357421875,
    2.50390625,
    3.19921875,
    3.41796875,
    1.5625,
    1.779296875,
    1.591796875,
    2.55859375,
    0.095703125,
    -0.5859375,
    -0.650390625,
    -1.697265625,
    -0.41796875,
    -2.052734375,
    -1.16015625,
    -3.271484375,
    -3.1171875,
    -4.583984375,
    -5.91015625,
    -6.05078125,
    -4.7421875,
    -5.8125,
    -4.2734375,
    -5.365234375,
    -6.791015625,
    -7.021484375,
    -5.3046875,
    -7.26171875,
    -6.376953125,
    -7.435546875,
    -7.662109375,
    -6.583984375,
    -8.080078125,
    -6.625,
    -8.427734375,
    -8.30859375,
    -8.658203125,
    -7.982421875,
    -8.298828125,
    -7.953125,
    -7.546875,
    -8.20703125,
    -7.583984375,
    -8.6171875,
    -8.5859375,
    -9.025390625,
    -9.18359375,
    -9.138671875,
    -8.998046875,
    -9.13671875,
    -9.05078125,
    -9.044921875,
    -9.009765625,
    -8.900390625,
    -9.01171875,
    -9.05078125,
    -8.9921875,
    -9.283203125,
    -8.888671875,
    -8.994140625,
    -9.130859375,
    -9.025390625,
    -8.900390625,
    -9.095703125,
    -8.783203125,
    -8.984375,
    -9.072265625,
    -9.15625,
    -9.162109375,
    -8.982421875,
    -9.119140625,
    -9.107421875,
    -8.953125,
    -8.916015625,
    -9.0390625,
    -9.12109375,
    -8.8203125,
    -9.19921875,
    -9.1171875,
    -8.80859375,
    -8.92578125,
    -8.873046875,
    -8.947265625,
    -9.16796875,
    -9.005859375,
    -9.013671875,
    -9.056640625,
    -8.9609375,
    -8.865234375,
    -9.111328125,
    -9.029296875,
    -8.900390625,
    -9.0546875,
    -9.205078125,
    -9.154296875,
    -9.177734375,
    -8.9765625,
    -8.85546875,
    -9.044921875,
    -8.87890625,
    -8.958984375,
    -9.197265625,
    -9.037109375,
    -8.96875,
    -8.884765625,
    -9.30859375,
    -9.21875,
    -8.978515625,
    -9.248046875,
    -8.7421875,
    -9.103515625,
    -9.26171875,
    -8.966796875,
    -8.958984375,
    -9.34375,
    -8.90234375,
    -9.11328125,
    -9.166015625,
    -8.9140625,
    -9.015625,
    -8.96484375,
    -9.078125,
    -9.060546875,
    -8.99609375,
    -9.068359375,
    -9.25,
    -9.05078125,
    -9.248046875,
    -9.083984375,
    -8.916015625,
    -9.107421875,
    -9.1484375,
    -9.091796875,
    -9.1328125,
    -9.09765625,
    -9.171875,
    -9.0078125,
    -9.1015625,
    -8.923828125,
    -8.76171875,
    -8.990234375,
    -9.0078125,
    -9.078125,
    -8.94140625,
    -9.12109375,
    -9.025390625,
    -8.810546875,
    -8.955078125,
    -9.095703125,
    -9.15234375,
    -8.97265625,
    -8.96875,
    -9.00390625,
    -8.873046875,
    -9.14453125,
    -9.17578125,
    -8.890625,
    -8.830078125,
    -8.724609375
  ],
  "convergence_rel": [
    1.1866383138607486,
    1.1982355578868928,
    1.2532838095309908,
    1.270602360610033,
    1.1237039362788723,
    1.1408678574375657,
    1.126023385084101,
    1.2025651956566532,
    1.007576866097081,
    0.953611023895423,
    0.9485082365239195,
    0.865626599217075,
    0.9669091970454017,
    0.8374839537136316,
    0.9081498273129374,
    0.7409948834161112,
    0.7532106471236498,
    0.6370835769418586,
    0.5320898610251658,
    0.5209565067600672,
    0.6245585533936228,
    0.5398213570425953,
    0.6616697342772844,
    0.5752316088024224,
    0.4623517669479515,
    0.4441054363468178,
    0.5800251363332287,
    0.42508595614394123,
    0.4951333100618526,
    0.4113238932329167,
    0.3933868224724802,
    0.47874253850490206,
    0.36029601951788187,
    0.4754953101775817,
    0.3327718936958328,
    0.3422043188370968,
    0.31452556309469915,
    0.3680275155353114,
    0.34297746843883975,
    0.37034696434054026,
    0.40250998777304703,
    0.35024507469522353,
    0.39957201928642383,
    0.31777279142201953,
    0.320246870147597,
    0.28545513806916417,
    0.27293011452092836,
    0.2764866026889459,
    0.2876199569540444,
    0.2766412326092945,
    0.28344494910463247,
    0.28390883886567825,
    0.2866921774319529,
    0.29535145297147397,
    0.2865375475116043,
    0.28344494910463247,
    0.2880838467150902,
    0.26504398858315026,
    0.29627923249356547,
    0.2879292167947416,
    0.2771051223703403,
    0.28545513806916417,
    0.29535145297147397,
    0.2798884609366149,
    0.30462924819238935,
    0.28870236639648456,
    0.281744019980798,
    0.2750949334058086,
    0.2746310436447629,
    0.28885699631683315,
    0.27803290189243185,
    0.2789606814145234,
    0.29117644512206203,
    0.29411441360868523,
    0.284372728626724,
    0.27787827197208326,
    0.30169127970576615,
    0.2716930751581396,
    0.27818753181278044,
    0.3026190592278577,
    0.29334126400694227,
    0.2975162718563542,
    0.29164033488310775,
    0.2741671538837171,
    0.2870014372726501,
    0.2863829175912557,
    0.28298105934358675,
    0.29055792544066766,
    0.2981347915377486,
    0.2786514215738262,
    0.285145878228467,
    0.29535145297147397,
    0.28313568926393534,
    0.27122918539709384,
    0.2752495633261572,
    0.27339400428197413,
    0.2893208860778789,
    0.29890794113949154,
    0.28390883886567825,
    0.29705238209530843,
    0.29071255536101626,
    0.2718477050784882,
    0.2845273585470726,
    0.2899394057592733,
    0.29658849233426265,
    0.26303379961861856,
    0.27014677595465375,
    0.28916625615753033,
    0.26782732714942487,
    0.3078764765197098,
    0.27926994125522053,
    0.2667449177069847,
    0.2900940356796219,
    0.29071255536101626,
    0.26025046105234395,
    0.2951968230511254,
    0.2784967916534776,
    0.2743217838040657,
    0.2942690435290338,
    0.28622828767090713,
    0.2902486655999705,
    0.28128013021975223,
    0.28267179950288956,
    0.287774586874393,
    0.2820532798214952,
    0.2676726972290763,
    0.28344494910463247,
    0.26782732714942487,
    0.28081624045870646,
    0.29411441360868523,
    0.2789606814145234,
    0.27571345308720296,
    0.2801977207773121,
    0.2769504924499917,
    0.2797338310162663,
    0.2738578940430199,
    0.2868468073523015,
    0.2794245711755691,
    0.29349589392729086,
    0.30633017731622386,
    0.2882384766354388,
    0.2868468073523015,
    0.28128013021975223,
    0.29210422464415353,
    0.27787827197208326,
    0.28545513806916417,
    0.3024644293075091,
    0.29102181520171344,
    0.2798884609366149,
    0.2754041932465058,
    0.2896301459185761,
    0.2899394057592733,
    0.2871560671929987,
    0.2975162718563542,
    0.27602271292790015,
    0.2735486342023227,
    0.2961246025732169,
    0.3009181301040232,
    0.30926814580284706
  ],
  "elapsed_s": 2158.033640199981,
  "raw": {
    "mean": -9.0088134765625,
    "sem": 0.02225198755661831,
    "rel_err": 0.2867675595181229,
    "parity_discard": 0.0,
    "cost": {
      "n_circuits_per_eval": 20,
      "overhead_circuits": 1.0,
      "overhead_amortised": 1.0,
      "shot_multiplier": 1.0,
      "measured_discard": 0.0,
      "overhead_effective": 1.0
    }
  },
  "readout": {
    "mean": -10.563667060644452,
    "sem": 0.025778594865985993,
    "rel_err": 0.1636689939576429,
    "parity_discard": 0.0,
    "cost": {
      "n_circuits_per_eval": 20,
      "overhead_circuits": 1.0,
      "overhead_amortised": 1.0375,
      "shot_multiplier": 1.0,
      "measured_discard": 0.0,
      "overhead_effective": 1.0375
    }
  },
  "parity": {
    "mean": -9.797010477955393,
    "sem": 0.027300950950049273,
    "rel_err": 0.22436559367139988,
    "parity_discard": 0.497210693359375,
    "cost": {
      "n_circuits_per_eval": 20,
      "overhead_circuits": 1.0,
      "overhead_amortised": 1.0,
      "shot_multiplier": 1.9889046699928377,
      "measured_discard": 0.497210693359375,
      "overhead_effective": 1.9889046699928377
    }
  },
  "zne": {
    "mean": -9.059970092773433,
    "sem": 0.050411220002556066,
    "rel_err": 0.28271746365124284,
    "parity_discard": 0.0,