{
  "N": 6,
  "h": 1.0,
  "L": 1,
  "exact": -7.296229810558758,
  "convergence_raw": [
    -1.751953125,
    -1.224609375,
    -2.236328125,
    -2.369140625,
    -2.2734375,
    -3.31640625,
    -2.90625,
    -3.50390625,
    -2.373046875,
    -3.30859375,
    -3.08203125,
    -3.1171875,
    -3.92578125,
    -3.736328125,
    -3.927734375,
    -2.87109375,
    -3.43359375,
    -3.86328125,
    -3.994140625,
    -4.02734375,
    -4.07421875,
    -3.955078125,
    -4.01953125,
    -4.087890625,
    -3.876953125,
    -4.04296875,
    -4.103515625,
    -4.0234375,
    -4.08203125,
    -3.947265625,
    -4.13671875,
    -4.109375,
    -3.916015625,
    -4.021484375,
    -4.0859375,
    -4.126953125,
    -4.060546875,
    -4.09375,
    -4.021484375,
    -4.015625,
    -4.171875,
    -4.173828125,
    -4.01171875,
    -4.171875,
    -3.9296875,
    -4.037109375,
    -4.037109375,
    -4.1171875,
    -4.001953125,
    -4.126953125,
    -4.0078125,
    -4.189453125,
    -4.072265625,
    -4.236328125,
    -4.001953125,
    -4.017578125,
    -4.05078125,
    -4.21875,
    -4.15234375,
    -4.111328125,
    -4.10546875,
    -4.091796875,
    -3.96484375,
    -4.041015625,
    -3.978515625,
    -4.0390625,
    -4.083984375,
    -4.181640625,
    -4.064453125,
    -4.05859375
  ],
  "convergence_rel": [
    0.7598824090676727,
    0.8321586070071691,
    0.6934953828121351,
    0.6752924885162619,
    0.6884092799941706,
    0.5454630218471663,
    0.6016778424667747,
    0.5197648181353454,
    0.6747571092722656,
    0.5465337803351589,
    0.5775857764869425,
    0.5727673632909761,
    0.46194385978374813,
    0.48790975311756724,
    0.46167617016175,
    0.6064962556627411,
    0.5294016445272782,
    0.47050992768768846,
    0.4525747230138134,
    0.4480239994398451,
    0.44159944851188987,
    0.4579285154537761,
    0.44909475792783765,
    0.4397256211579029,
    0.4686361003337015,
    0.44588248246386003,
    0.43758410418191784,
    0.4485593786838414,
    0.44052869002389733,
    0.45899927394176865,
    0.43303338060794955,
    0.43678103531592344,
    0.4632823078937388,
    0.4488270683058395,
    0.43999331077990106,
    0.4343718287179402,
    0.4434732758658768,
    0.4389225522919085,
    0.4488270683058395,
    0.4496301371718339,
    0.4282149674119831,
    0.427947277789985,
    0.4501655164158302,
    0.4282149674119831,
    0.46140848053975186,
    0.44668555132985444,
    0.44668555132985444,
    0.4357102768279309,
    0.45150396452582087,
    0.4343718287179402,
    0.45070089565982646,
    0.42580576081399985,
    0.441867138133888,
    0.4193812098860446,
    0.45150396452582087,
    0.4493624475498358,
    0.4448117239758675,
    0.4217904164840278,
    0.43089186363196447,
    0.4365133456939253,
    0.4373164145599197,
    0.43919024191390665,
    0.45659006734378543,
    0.44615017208585817,
    0.4547162399897985,
    0.4464178617078563,
    0.4402610004018992,
    0.42687651930199244,
    0.44293789662188054,
    0.44374096548787495
  ],
  "elapsed_s": 1023.1288073998876,
  "raw": {
    "mean": -4.0729248046875,
    "sem": 0.006991317761232623,
    "rel_err": 0.4417767928864636,
    "parity_discard": 0.0,
    "cost": {
      "n_circuits_per_eval": 20,
      "overhead_circuits": 1.0,
      "overhead_amortised": 1.0,
      "shot_multiplier": 1.0,
      "measured_discard": 0.0,
      "overhead_effective": 1.0
    }
  },
  "readout": {
    "mean": -5.055318227529412,
    "sem": 0.007947982059141174,
    "rel_err": 0.3071328125912927,
    "parity_discard": 0.0,
    "cost": {
      "n_circuits_per_eval": 20,
      "overhead_circuits": 1.0,
      "overhead_amortised": 1.0375,
      "shot_multiplier": 1.0,
      "measured_discard": 0.0,
      "overhead_effective": 1.0375
    }
  },
  "parity": {
    "mean": -3.805379764801297,
    "sem": 0.010098582489229731,
    "rel_err": 0.47844573655090583,
    "parity_discard": 0.519378662109375,
    "cost": {
      "n_circuits_per_eval": 20,
      "overhead_circuits": 1.0,
      "overhead_amortised": 1.0,
      "shot_multiplier": 2.0806400406375007,
      "measured_discard": 0.519378662109375,
      "overhead_effective": 2.0806400406375007
    }
  },
  "zne": {
    "mean": -4.072924804687499,
    "sem": 0.015971374309246573,
    "rel_err": 0.4417767928864637,
    "parity_discard": 0.0,
    "cost": {
      "n_circuits_per_eval": 60,
      "overhead_circuits": 3.0,
      "overhead_amortised": 3.0,
      "shot_multiplier": 1.0,
      "measured_discard": 0.0,
      "overhead_effective": 3.0
    }
  },
  "ro+parity": {
    "mean": -4.755047105090627,
    "sem": 0.016528137892504888,
    "rel_err": 0.3482870977817409,
    "parity_discard": 0.5390901986380566,
    "cost": {
      "n_circuits_per_eval": 20,
      "overhead_circuits": 1.0,
      "overhead_amortised": 1.0375,
      "shot_multiplier": 2.1696219022574437,
      "measured_discard": 0.5390901986380566,
      "overhead_effective": 2.250982723592098
    }
  },
  "ro+zne": {
    "mean": -5.055318227529414,
    "sem": 0.0181568340626159,
    "rel_err": 0.3071328125912925,
    "parity_discard": 0.0,
    "cost": {
      "n_circuits_per_eval": 60,
      "overhead_circuits": 3.0,
      "overhead_amortised": 3.0375,
      "shot_multiplier": 1.0,
      "measured_discard": 0.0,
      "overhead_effective": 3.0375
    }
  },
  "parity+zne": {
    "mean": -3.8053797648012977,
    "sem": 0.023069791194822574,
    "rel_err": 0.4784457365509057,
    "parity_discard": 0.519378662109375,
    "cost": {
      "n_circuits_per_eval": 60,
      "overhead_circuits": 3.0,
      "overhead_amortised": 3.0,
      "shot_multiplier": 2.0806400406375007,
      "measured_discard": 0.519378662109375,
      "overhead_effective": 6.241920121912502
    }
  },
  "ro+parity+zne": {
    "mean": -4.755047105090629,
    "sem": 0.03775784278892455,
    "rel_err": 0.34828709778174066,
    "parity_discard": 0.5390901986380566,
    "cost": {
      "n_circuits_per_eval": 60,
      "overhead_circuits": 3.0,
      "overhead_amortised": 3.0375,
      "shot_multiplier": 2.1696219022574437,
      "measured_discard": 0.5390901986380566,
      "overhead_effective": 6.590226528106985
    }
  }
}