{
  "N": 6,
  "h": 1.0,
  "L": 2,
  "exact": -7.296229810558758,
  "convergence_raw": [
    -0.052734375,
    -0.99609375,
    -0.708984375,
    -1.109375,
    -1.251953125,
    -1.216796875,
    -1.00390625,
    -0.08203125,
    -1.154296875,
    -0.861328125,
    -0.92578125,
    -0.78125,
    -1.154296875,
    -2.236328125,
    -2.626953125,
    -1.9375,
    -2.3515625,
    -2.638671875,
    -2.6328125,
    -2.345703125,
    -3.19921875,
    -4.232421875,
    -3.748046875,
    -4.072265625,
    -4.849609375,
    -4.3125,
    -4.625,
    -4.015625,
    -4.701171875,
    -5.033203125,
    -4.23828125,
    -5.107421875,
    -4.251953125,
    -4.318359375,
    -4.919921875,
    -4.99609375,
    -4.921875,
    -4.80859375,
    -4.712890625,
    -3.95703125,
    -4.587890625,
    -5.169921875,
    -5.08203125,
    -5.00390625,
    -5.07421875,
    -4.873046875,
    -5.314453125,
    -5.115234375,
    -4.984375,
    -5.05859375,
    -4.947265625,
    -5.06640625,
    -5.046875,
    -5.095703125,
    -4.994140625,
    -5.158203125,
    -5.064453125,
    -4.998046875,
    -4.95703125,
    -4.990234375,
    -5.09765625,
    -5.0078125,
    -5.060546875,
    -5.02734375,
    -4.94921875,
    -5.10546875,
    -5.166015625,
    -4.99609375,
    -5.00390625,
    -5.01953125,
    -4.83984375,
    -5.197265625,
    -4.923828125,
    -5.279296875,
    -5.01953125,
    -5.072265625,
    -5.125,
    -5.099609375,
    -5.15234375,
    -5.109375,
    -5.263671875,
    -4.884765625,
    -5.04296875,
    -5.08984375,
    -5.095703125,
    -4.88671875,
    -5.064453125,
    -4.943359375,
    -5.111328125,
    -5.02734375,
    -4.841796875,
    -5.193359375,
    -4.98828125,
    -5.048828125,
    -4.984375,
    -5.056640625,
    -5.107421875,
    -5.1328125,
    -4.953125,
    -5.142578125,
    -5.025390625,
    -4.9609375,
    -4.96875,
    -4.935546875,
    -4.923828125,
    -4.888671875,
    -4.970703125,
    -5.29296875,
    -5.169921875,
    -4.94921875,
    -5.048828125,
    -5.150390625,
    -4.900390625,
    -5.232421875,
    -5.072265625,
    -4.931640625,
    -5.09765625
  ],
  "convergence_rel": [
    0.9927723802060503,
    0.863478292780951,
    0.9028286672146769,
    0.8479522947050592,
    0.8284109522991953,
    0.8332293654951617,
    0.8624075342929585,
    0.9887570358760783,
    0.841795433399102,
    0.8819488766988224,
    0.8731151191728839,
    0.8929241512007459,
    0.841795433399102,
    0.6934953828121351,
    0.6399574584125081,
    0.7344518949778498,
    0.6777016951142452,
    0.6383513206805193,
    0.6391543895465137,
    0.6785047639802395,
    0.5615243991670544,
    0.4199165891300409,
    0.4863036153855784,
    0.441867138133888,
    0.33532666857863014,
    0.40894131462811734,
    0.3661109751084157,
    0.4496301371718339,
    0.35567107985048846,
    0.31016384411080544,
    0.41911352026404647,
    0.2999916384748763,
    0.4172396929100595,
    0.40813824576212293,
    0.3256898421866973,
    0.31524994692877,
    0.32542215256469914,
    0.340948150640591,
    0.35406494211849965,
    0.457660825831778,
    0.3711970779263803,
    0.291425570570936,
    0.30347160356085207,
    0.31417918844077747,
    0.3045423620488446,
    0.3321143931146525,
    0.27161653854307394,
    0.29892087998688377,
    0.3168560846607588,
    0.3066838790248297,
    0.3219421874787234,
    0.30561312053683715,
    0.3082900167568185,
    0.3015977762068651,
    0.31551763655076814,
    0.2930317083029248,
    0.3058808101588353,
    0.3149822573067719,
    0.3206037393687327,
    0.3160530157947644,
    0.301330086584867,
    0.3136438091967812,
    0.30641618940283155,
    0.31096691297679985,
    0.32167449785672525,
    0.30025932809687444,
    0.29196094981493226,
    0.31524994692877,
    0.31417918844077747,
    0.3120376714647924,
    0.3366651166886208,
    0.2876779158629621,
    0.325154462942701,
    0.2764349517390404,
    0.3120376714647924,
    0.30481005167084274,
    0.2975824318768931,
    0.30106239696286885,
    0.2938347771689192,
    0.2997239488528782,
    0.2785764687150255,
    0.3305082553826637,
    0.30882539600081477,
    0.3024008450728595,
    0.3015977762068651,
    0.33024056576066557,
    0.3058808101588353,
    0.32247756672271966,
    0.29945625923088004,
    0.31096691297679985,
    0.3363974270666227,
    0.28821329510695837,
    0.31632070541676255,
    0.30802232713482036,
    0.3168560846607588,
    0.3069515686468278,
    0.2999916384748763,
    0.29651167338890055,
    0.321139118612729,
    0.2951732252789099,
    0.311234602598798,
    0.32006836012473644,
    0.3189976016367439,
    0.3235483252107122,
    0.325154462942701,
    0.32997287613866744,
    0.31872991201474576,
    0.2745611243850535,
    0.291425570570936,
    0.32167449785672525,
    0.30802232713482036,
    0.29410246679091734,
    0.3283667384066786,
    0.28285950266699567,
    0.30481005167084274,
    0.32408370445470847,
    0.301330086584867
  ],
  "elapsed_s": 1420.21172640007,
  "raw": {
    "mean": -5.048779296875,
    "sem": 0.014041083711470944,
    "rel_err": 0.30802901937537036,
    "parity_discard": 0.0,
    "cost": {
      "n_circuits_per_eval": 20,
      "overhead_circuits": 1.0,
      "overhead_amortised": 1.0,
      "shot_multiplier": 1.0,
      "measured_discard": 0.0,
      "overhead_effective": 1.0
    }
  },
  "readout": {
    "mean": -5.960625363986972,
    "sem": 0.01861616203655943,
    "rel_err": 0.18305405411421694,
    "parity_discard": 0.0,
    "cost": {
      "n_circuits_per_eval": 20,
      "overhead_circuits": 1.0,
      "overhead_amortised": 1.0375,
      "shot_multiplier": 1.0,
      "measured_discard": 0.0,
      "overhead_effective": 1.0375
    }
  },
  "parity": {
    "mean": -5.624214577917543,
    "sem": 0.02371670796342239,
    "rel_err": 0.2291615363076357,
    "parity_discard": 0.494488525390625,
    "cost": {
      "n_circuits_per_eval": 20,
      "overhead_circuits": 1.0,
      "overhead_amortised": 1.0,
      "shot_multiplier": 1.978194462890743,
      "measured_discard": 0.494488525390625,
      "overhead_effective": 1.978194462890743
    }
  },
  "zne": {
    "mean": -5.048779296874996,
    "sem": 0.03207627107251231,
    "rel_err": 0.3080290193753708,
    "parity_discard": 0.0,
    "cost": {
      "n_circuits_per_eval": 60,
      "overhead_circuits": 3.0,
      "overhead_amortised": 3.0,
      "shot_multiplier": 1.0,
      "measured_discard": 0.0,
      "overhead_effective": 3.0
    }
  },
  "ro+parity": {
    "mean": -6.909594001307179,
    "sem": 0.03710145947691257,
    "rel_err": 0.052991177538303215,
    "parity_discard": 0.48776459278855916,
    "cost": {
      "n_circuits_per_eval": 20,
      "overhead_circuits": 1.0,
      "overhead_amortised": 1.0375,
      "shot_multiplier": 1.9522274054499702,
      "measured_discard": 0.48776459278855916,
      "overhead_effective": 2.0254359331543443
    }
  },
  "ro+zne": {
    "mean": -5.9606253639869715,
    "sem": 0.042527847001343544,
    "rel_err": 0.18305405411421707,
    "parity_discard": 0.0,
    "cost": {
      "n_circuits_per_eval": 60,
      "overhead_circuits": 3.0,
      "overhead_amortised": 3.0375,
      "shot_multiplier": 1.0,
      "measured_discard": 0.0,
      "overhead_effective": 3.0375
    }
  },
  "parity+zne": {
    "mean": -5.624214577917539,
    "sem": 0.054179831786121624,
    "rel_err": 0.2291615363076363,
    "parity_discard": 0.494488525390625,
    "cost": {
      "n_circuits_per_eval": 60,
      "overhead_circuits": 3.0,
      "overhead_amortised": 3.0,
      "shot_multiplier": 1.978194462890743,
      "measured_discard": 0.494488525390625,
      "overhead_effective": 5.9345833886722295
    }
  },
  "ro+parity+zne": {
    "mean": -6.9095940013071795,
    "sem": 0.08475673928181474,
    "rel_err": 0.05299117753830309,
    "parity_discard": 0.48776459278855916,
    "cost": {
      "n_circuits_per_eval": 60,
      "overhead_circuits": 3.0,
      "overhead_amortised": 3.0375,