{
  "N": 6,
  "h": 0.5,
  "L": 1,
  "exact": -5.522029570800216,
  "convergence_raw": [
    0.5859375,
    0.7900390625,
    0.529296875,
    1.16796875,
    0.9150390625,
    0.751953125,
    0.8955078125,
    -0.8134765625,
    -2.7919921875,
    0.2685546875,
    -1.7685546875,
    -2.9833984375,
    -3.0869140625,
    -2.7373046875,
    -2.896484375,
    -1.86328125,
    -2.787109375,
    -3.5107421875,
    -3.8125,
    -3.5263671875,
    -3.2744140625,
    -3.2900390625,
    -3.794921875,
    -3.4375,
    -3.98828125,
    -4.291015625,
    -3.9541015625,
    -4.0830078125,
    -4.2265625,
    -4.2275390625,
    -4.294921875,
    -4.22265625,
    -4.060546875,
    -4.10546875,
    -4.1513671875,
    -4.1845703125,
    -4.1494140625,
    -4.1826171875,
    -4.25,
    -4.181640625,
    -4.2265625,
    -4.1328125,
    -4.2802734375,
    -4.2109375,
    -4.251953125,
    -4.181640625,
    -4.1708984375,
    -4.310546875,
    -4.2646484375,
    -4.2177734375,
    -4.2333984375,
    -4.2109375,
    -4.248046875,
    -4.1337890625,
    -4.1826171875,
    -4.109375,
    -4.26171875,
    -4.1591796875,
    -4.20703125,
    -4.1953125,
    -4.2138671875,
    -4.2412109375,
    -4.185546875,
    -4.1533203125,
    -4.1708984375,
    -4.2626953125,
    -4.2490234375,
    -4.1953125,
    -4.26953125,
    -4.1865234375
  ],
  "convergence_rel": [
    1.1061090840763264,
    1.1430704150295798,
    1.0958518726156148,
    1.2115107742588105,
    1.1657070196325294,
    1.1361733245646186,
    1.1621700501633188,
    0.852685221607367,
    0.4943902143763053,
    1.0486333302016495,
    0.6797274145629552,
    0.4597279135780387,
    0.4409819753912211,
    0.5042937288900957,
    0.4754674277160271,
    0.6625731126372825,
    0.49527445674360804,
    0.36422973790934504,
    0.30958355961003703,
    0.36140016233397637,
    0.40702706848679665,
    0.404197492911428,
    0.3127668321323268,
    0.37749337341888584,
    0.27775083438713916,
    0.2229278076143706,
    0.28394053095825816,
    0.2605965324614664,
    0.23459980686276646,
    0.23442295838930594,
    0.2222204137205284,
    0.23530720075660863,
    0.2646640473510589,
    0.2565290175718739,
    0.24821713931922834,
    0.24220429122156986,
    0.24857083626614943,
    0.24255798816849095,
    0.2303554434997134,
    0.24273483664195147,
    0.23459980686276646,
    0.2515772603149787,
    0.22487314082243656,
    0.23742938243813516,
    0.23000174655279232,
    0.24273483664195147,
    0.24468016985001745,
    0.2193908381451597,
    0.22770271639780526,
    0.23619144312391135,
    0.23336186754854266,
    0.23742938243813516,
    0.23070914044663451,
    0.2514004118415181,
    0.24255798816849095,
    0.25582162367803174,
    0.2282332618181869,
    0.24680235153154398,
    0.23813677633197733,
    0.24025895801350386,
    0.23689883701775352,
    0.23194707976085832,
    0.2420274427481093,
    0.24786344237230726,
    0.24468016985001745,
    0.22805641334472634,
    0.23053229197317396,
    0.24025895801350386,
    0.22681847403050254,
    0.24185059427464875
  ],
  "elapsed_s": 999.5265763998032,
  "raw": {
    "mean": -4.205908203125,
    "sem": 0.005742894689215329,
    "rel_err": 0.2383401520764569,
    "parity_discard": 0.0,
    "cost": {
      "n_circuits_per_eval": 20,
      "overhead_circuits": 1.0,
      "overhead_amortised": 1.0,
      "shot_multiplier": 1.0,
      "measured_discard": 0.0,
      "overhead_effective": 1.0
    }
  },
  "readout": {
    "mean": -5.029625755701848,
    "sem": 0.007915007801547963,
    "rel_err": 0.08917080373892528,
    "parity_discard": 0.0,
    "cost": {
      "n_circuits_per_eval": 20,
      "overhead_circuits": 1.0,
      "overhead_amortised": 1.0375,
      "shot_multiplier": 1.0,
      "measured_discard": 0.0,
      "overhead_effective": 1.0375
    }
  },
  "parity": {
    "mean": -4.849229012043058,
    "sem": 0.00864717920690697,
    "rel_err": 0.1218393618018347,
    "parity_discard": 0.462640380859375,
    "cost": {
      "n_circuits_per_eval": 20,
      "overhead_circuits": 1.0,
      "overhead_amortised": 1.0,
      "shot_multiplier": 1.8609511477607024,
      "measured_discard": 0.462640380859375,
      "overhead_effective": 1.8609511477607024
    }
  },
  "zne": {
    "mean": -4.2059082031249995,
    "sem": 0.01311940378517011,
    "rel_err": 0.23834015207645706,
    "parity_discard": 0.0,
    "cost": {
      "n_circuits_per_eval": 60,
      "overhead_circuits": 3.0,
      "overhead_amortised": 3.0,
      "shot_multiplier": 1.0,
      "measured_discard": 0.0,
      "overhead_effective": 3.0
    }
  },
  "ro+parity": {
    "mean": -5.632713651473115,
    "sem": 0.014750683159041992,
    "rel_err": 0.020044094160267215,
    "parity_discard": 0.42046286575462055,
    "cost": {
      "n_circuits_per_eval": 20,
      "overhead_circuits": 1.0,
      "overhead_amortised": 1.0375,
      "shot_multiplier": 1.7255149686000864,
      "measured_discard": 0.42046286575462055,
      "overhead_effective": 1.7902217799225897
    }
  },
  "ro+zne": {
    "mean": -5.029625755701846,
    "sem": 0.018081505744182002,
    "rel_err": 0.0891708037389256,
    "parity_discard": 0.0,
    "cost": {
      "n_circuits_per_eval": 60,
      "overhead_circuits": 3.0,
      "overhead_amortised": 3.0375,
      "shot_multiplier": 1.0,
      "measured_discard": 0.0,
      "overhead_effective": 3.0375
    }
  },
  "parity+zne": {
    "mean": -4.849229012043057,
    "sem": 0.01975412083233587,
    "rel_err": 0.12183936180183502,
    "parity_discard": 0.4626403808593749,
    "cost": {
      "n_circuits_per_eval": 60,
      "overhead_circuits": 3.0,
      "overhead_amortised": 3.0,
      "shot_multiplier": 1.860951147760702,
      "measured_discard": 0.4626403808593749,
      "overhead_effective": 5.582853443282106
    }
  },
  "ro+parity+zne": {
    "mean": -5.632713651473117,
    "sem": 0.033697321462988865,
    "rel_err": 0.020044094160267537,
    "parity_discard": 0.42046286575462055,
    "cost": {
      "n_circuits_per_eval": 60,
      "overhead_circuits": 3.0,
      "overhead_amortised": 3.0375,
      "shot_multiplier": 1.7255149686000864,
      "measured_discard": 0.42046286575462055,
      "overhead_effective": 5.241251717122762
    }
  }
}