{
  "N": 6,
  "h": 0.5,
  "L": 3,
  "exact": -5.522029570800216,
  "convergence_raw": [
    -1.3974609375,
    -1.01171875,
    -1.513671875,
    -0.9892578125,
    -1.478515625,
    -1.986328125,
    -1.3349609375,
    -2.0,
    -1.439453125,
    -1.76953125,
    -2.466796875,
    -2.2998046875,
    -1.9326171875,
    -2.5283203125,
    -1.5048828125,
    -2.841796875,
    -2.0166015625,
    -2.263671875,
    -2.7529296875,
    -3.431640625,
    -3.8486328125,
    -3.7529296875,
    -3.474609375,
    -3.306640625,
    -4.013671875,
    -3.755859375,
    -3.95703125,
    -3.93359375,
    -4.05078125,
    -3.0029296875,
    -3.978515625,
    -3.8134765625,
    -4.0478515625,
    -3.6357421875,
    -4.0244140625,
    -3.529296875,
    -4.0302734375,
    -4.134765625,
    -4.3076171875,
    -3.7861328125,
    -4.0146484375,
    -3.8447265625,
    -4.2607421875,
    -4.3525390625,
    -3.404296875,
    -4.0859375,
    -3.6064453125,
    -4.1904296875,
    -4.265625,
    -4.1806640625,
    -4.041015625,
    -4.3193359375,
    -4.134765625,
    -4.1396484375,
    -4.2275390625,
    -4.107421875,
    -4.3642578125,
    -4.1689453125,
    -4.2333984375,
    -4.216796875,
    -4.3203125,
    -4.3779296875,
    -4.2685546875,
    -4.2109375,
    -4.2724609375,
    -4.2109375,
    -4.2548828125,
    -4.185546875,
    -4.3203125,
    -4.2666015625,
    -4.220703125,
    -4.3642578125,
    -4.21484375,
    -4.27734375,
    -4.1796875,
    -4.25,
    -4.265625,
    -4.3203125,
    -4.3408203125,
    -4.2822265625,
    -4.15625,
    -4.1669921875,
    -4.32421875,
    -4.2646484375,
    -4.232421875,
    -4.3115234375,
    -4.1591796875,
    -4.3115234375,
    -4.2216796875,
    -4.1962890625,
    -4.1943359375,
    -4.1904296875,
    -4.2255859375,
    -4.2021484375,
    -4.09765625,
    -4.1201171875,
    -4.21875,
    -4.169921875,
    -4.1748046875,
    -4.2109375,
    -4.1953125,
    -4.2783203125,
    -4.302734375,
    -4.0751953125,
    -4.2880859375,
    -4.2890625,
    -4.19140625,
    -4.234375,
    -4.2001953125,
    -4.1474609375,
    -4.2353515625,
    -4.3505859375,
    -4.1904296875,
    -4.1650390625,
    -4.3037109375,
    -4.1669921875,
    -4.2666015625,
    -4.2890625,
    -4.1796875,
    -4.31640625,
    -4.2001953125,
    -4.2255859375,
    -4.2666015625,
    -4.15234375,
    -4.173828125,
    -4.26953125,
    -4.2041015625,
    -4.091796875,
    -4.2294921875,
    -4.248046875,
    -4.34375,
    -4.2001953125,
    -4.408203125,
    -4.2919921875,
    -4.3212890625,
    -4.1650390625,
    -4.150390625,
    -4.1083984375,
    -4.1787109375,
    -4.2568359375,
    -4.2587890625,
    -4.306640625,
    -4.1220703125,
    -4.232421875,
    -4.2412109375,
    -4.23046875,
    -4.2158203125,
    -4.181640625,
    -4.2138671875,
    -4.2119140625,
    -4.2392578125,
    -4.2158203125,
    -4.3046875,
    -4.267578125,
    -4.3212890625,
    -4.3115234375,
    -4.2744140625,
    -4.1796875,
    -4.142578125,
    -4.2822265625,
    -4.267578125,
    -4.2275390625,
    -4.3876953125
  ],
  "convergence_rel": [
    0.7469298344779618,
    0.8167849814948767,
    0.7258848661361571,
    0.8208524963844691,
    0.7322514111807367,
    0.6402902049812539,
    0.7582481367794366,
    0.6378143263528063,
    0.7393253501191585,
    0.6795505660894946,
    0.5532807560386663,
    0.5835218450004194,
    0.6500168710215838,
    0.5421393022106521,
    0.727476502397302,
    0.4853709422298176,
    0.6348079023039771,
    0.5900652385184595,
    0.501464153314727,
    0.3785544642596491,
    0.3030401660919969,
    0.3203713164911302,
    0.37077313142738516,
    0.4011910688625987,
    0.27315277407716504,
    0.3198407710707486,
    0.28340998553787655,
    0.2876543489009296,
    0.26643253208566436,
    0.4561909441088278,
    0.2795193191217446,
    0.3094067111365765,
    0.266963077506046,
    0.34159313330639546,
    0.27120744086909904,
    0.36086961691359476,
    0.27014635002833576,
    0.25122356336805757,
    0.21992138356554133,
    0.3143584683934717,
    0.2729759256037045,
    0.3037475599858391,
    0.22841011029164743,
    0.21178635378635632,
    0.38350622151654434,
    0.26006598704108475,
    0.3468985875102118,
    0.24114320038080658,
    0.2275258679243447,
    0.24291168511541203,
    0.2682010168202698,
    0.2177992018840148,
    0.25122356336805757,
    0.25033932100075484,
    0.23442295838930594,
    0.2561753206249528,
    0.2096641721048298,
    0.24503386679693856,
    0.23336186754854266,
    0.2363682915973719,
    0.21762235341055425,
    0.20718829347638218,
    0.2269953225039631,
    0.23742938243813516,
    0.2262879286101209,
    0.23742938243813516,
    0.2294712011324107,
    0.2420274427481093,
    0.21762235341055425,
    0.22734901945088418,
    0.23566089770352971,
    0.2096641721048298,
    0.236721988544293,
    0.2254036862428182,
    0.24308853358887256,
    0.2303554434997134,
    0.2275258679243447,
    0.21762235341055425,
    0.21390853546788285,
    0.22451944387551548,
    0.24733289695192562,
    0.24538756374385964,
    0.21691495951671208,
    0.22770271639780526,
    0.2335387160220032,
    0.21921398967169917,
    0.24680235153154398,
    0.21921398967169917,
    0.2354840492300692,
    0.24008210954004333,
    0.24043580648696442,
    0.24114320038080658,
    0.23477665533622702,
    0.23902101869928005,
    0.25794380535955824,
    0.25387629046996574,
    0.23601459465045083,
    0.244857018323478,
    0.24397277595617528,
    0.23742938243813516,
    0.24025895801350386,
    0.22522683776935765,
    0.22080562593284406,
    0.26201132024915075,
    0.2234583530347522,
    0.22328150456129167,
    0.24096635190734605,
    0.23318501907508213,
    0.23937471564620114,
    0.2489245332130705,
    0.23300817060162157,
    0.2121400507332774,
    0.24114320038080658,
    0.24574126069078073,
    0.2206287774593835,
    0.24538756374385964,
    0.22734901945088418,
    0.22328150456129167,
    0.24308853358887256,
    0.21832974730439644,
    0.23937471564620114,
    0.23477665533622702,
    0.22734901945088418,
    0.24804029084576779,
    0.24414962442963584,
    0.22681847403050254,
    0.23866732175235897,
    0.2590048962003215,
    0.23406926144238482,
    0.23070914044663451,
    0.21337799004750121,
    0.23937471564620114,
    0.2017059907991053,
    0.22275095914091003,
    0.21744550493709372,
    0.24574126069078073,
    0.24839398779268887,
    0.25599847215149224,
    0.2432653820623331,
    0.2291175041854896,
    0.2287638072385685,
    0.22009823203900186,
    0.2535225935230446,
    0.2335387160220032,
    0.23194707976085832,
    0.2338924129689243,
    0.23654514007083244,
    0.24273483664195147,
    0.23689883701775352,
    0.23725253396467463,
    0.2323007767077794,
    0.23654514007083244,
    0.22045192898592297,
    0.22717217097742362,
    0.21744550493709372,
    0.21921398967169917,
    0.2259342316631998,
    0.24308853358887256,
    0.24980877558037323,
    0.22451944387551548,
    0.22717217097742362,
    0.23442295838930594,
    0.20541980874177673
  ],
  "elapsed_s": 1859.627681999933,
  "raw": {
    "mean": -4.23818359375,
    "sem": 0.009717198996686938,
    "rel_err": 0.23249531002858606,
    "parity_discard": 0.0,
    "cost": {
      "n_circuits_per_eval": 20,
      "overhead_circuits": 1.0,
      "overhead_amortised": 1.0,
      "shot_multiplier": 1.0,
      "measured_discard": 0.0,
      "overhead_effective": 1.0
    }
  },
  "readout": {
    "mean": -5.095179938830254,
    "sem": 0.012502043935584121,
    "rel_err": 0.07729941075054861,
    "parity_discard": 0.0,
    "cost": {
      "n_circuits_per_eval": 20,
      "overhead_circuits": 1.0,
      "overhead_amortised": 1.0375,
      "shot_multiplier": 1.0,
      "measured_discard": 0.0,
      "overhead_effective": 1.0375
    }
  },
  "parity": {
    "mean": -4.992224728243652,
    "sem": 0.014234460006041307,
    "rel_err": 0.09594386190144719,
    "parity_discard": 0.460040283203125,