{
  "N": 6,
  "h": 0.5,
  "L": 3,
  "exact": -5.522029570800216,
  "convergence_raw": [
    0.98046875,
    0.2626953125,
    0.9375,
    0.5009765625,
    0.3955078125,
    0.259765625,
    0.5478515625,
    0.3134765625,
    0.494140625,
    -0.2802734375,
    -0.490234375,
    -0.9169921875,
    -0.984375,
    -1.4228515625,
    -1.5341796875,
    -1.73828125,
    -1.455078125,
    -1.357421875,
    -1.4140625,
    -1.767578125,
    -1.9501953125,
    -1.87890625,
    -1.912109375,
    -1.7490234375,
    -1.865234375,
    -1.140625,
    -2.04296875,
    -1.671875,
    -2.4775390625,
    -2.345703125,
    -2.3173828125,
    -2.642578125,
    -2.8544921875,
    -3.060546875,
    -3.12109375,
    -2.9951171875,
    -3.13671875,
    -3.2880859375,
    -2.5517578125,
    -3.1494140625,
    -3.560546875,
    -2.529296875,
    -3.32421875,
    -3.3486328125,
    -3.265625,
    -3.626953125,
    -3.3837890625,
    -3.30859375,
    -3.607421875,
    -3.7021484375,
    -3.55859375,
    -3.2841796875,
    -3.5390625,
    -3.55078125,
    -3.2490234375,
    -3.7431640625,
    -3.7802734375,
    -3.2763671875,
    -3.5595703125,
    -3.8876953125,
    -3.8916015625,
    -3.7333984375,
    -3.6015625,
    -3.0703125,
    -3.7939453125,
    -3.7060546875,
    -3.8271484375,
    -4.2119140625,
    -3.728515625,
    -4.0029296875,
    -3.794921875,
    -4.2958984375,
    -3.8310546875,
    -4.220703125,
    -4.0947265625,
    -4.12890625,
    -3.990234375,
    -4.251953125,
    -3.67578125,
    -4.1279296875,
    -3.716796875,
    -4.1396484375,
    -3.9150390625,
    -4.1669921875,
    -4.228515625,
    -4.169921875,
    -4.2041015625,
    -4.373046875,
    -4.2529296875,
    -4.2578125,
    -4.2158203125,
    -4.375,
    -4.2822265625,
    -4.251953125,
    -4.1669921875,
    -4.208984375,
    -4.12109375,
    -4.142578125,
    -4.2275390625,
    -4.3134765625,
    -4.251953125,
    -4.1748046875,
    -4.17578125,
    -4.2685546875,
    -4.2451171875,
    -4.3369140625,
    -4.1953125,
    -4.31640625,
    -4.1953125,
    -4.06640625,
    -4.2421875,
    -4.3525390625,
    -4.2607421875,
    -4.3388671875,
    -4.2353515625,
    -4.3427734375,
    -4.3701171875,
    -4.392578125,
    -4.1943359375,
    -4.2548828125,
    -4.26171875,
    -4.330078125,
    -4.345703125,
    -4.2880859375,
    -4.2451171875,
    -4.130859375,
    -4.2529296875,
    -4.3154296875,
    -4.21484375,
    -4.259765625,
    -4.23046875,
    -4.2373046875,
    -4.0478515625,
    -4.2333984375,
    -4.337890625,
    -4.25,
    -4.28515625,
    -4.244140625,
    -4.431640625,
    -4.134765625,
    -4.2734375,
    -4.33984375,
    -4.20703125,
    -4.201171875,
    -4.2373046875,
    -4.2724609375,
    -4.33203125,
    -4.3232421875,
    -4.3349609375,
    -4.2578125,
    -4.28125,
    -4.205078125,
    -4.298828125,
    -4.234375,
    -4.3857421875,
    -4.302734375,
    -4.2138671875,
    -4.3525390625,
    -4.1845703125,
    -4.2421875,
    -4.2587890625,
    -4.2255859375,
    -4.40625,
    -4.2392578125,
    -4.2666015625,
    -4.1708984375,
    -4.2021484375,
    -4.3837890625,
    -4.392578125,
    -4.2578125,
    -4.333984375,
    -4.3173828125,
    -4.203125,
    -4.3076171875,
    -4.2685546875,
    -4.3046875,
    -4.345703125,
    -4.3056640625,
    -4.3583984375,
    -4.3017578125,
    -4.1611328125,
    -4.4140625,
    -4.3037109375,
    -4.3193359375,
    -4.203125,
    -4.326171875,
    -4.265625,
    -4.3125,
    -4.3251953125,
    -4.2578125,
    -4.3154296875,
    -4.1806640625,
    -4.2783203125,
    -4.2431640625,
    -4.330078125,
    -4.208984375,
    -4.20703125,
    -4.3828125,
    -4.248046875,
    -4.2265625
  ],
  "convergence_rel": [
    1.177555867354386,
    1.0475722393608862,
    1.169774534522122,
    1.090723266885259,
    1.0716236317515202,
    1.0470416939405047,
    1.0992119936113651,
    1.0567683599808346,
    1.0894853275710352,
    0.9492444881168239,
    0.911222066322807,
    0.8339392834205493,
    0.8217367387517719,
    0.7423317741679877,
    0.7221710481934857,
    0.685209717240232,
    0.7364957745437898,
    0.7541806218898441,
    0.7439234104291326,
    0.6799042630364157,
    0.646833598499294,
    0.6597435370619138,
    0.6537306889642552,
    0.683264384032166,
    0.6622194156903614,
    0.7934409829980849,
    0.6300329935205424,
    0.6972354134355491,
    0.5513354228306004,
    0.5752099667477738,
    0.5803385724781296,
    0.5214480308157685,
    0.48307191207483047,
    0.44575688417465575,
    0.434792278820102,
    0.4576057318965122,
    0.43196270324473335,
    0.40455118985834904,
    0.5378949388475991,
    0.4296636730897463,
    0.3552104657628573,
    0.5419624537371915,
    0.3980077963403089,
    0.39358658450379536,
    0.40861870474794154,
    0.34318476956754035,
    0.38722003945921574,
    0.40083737191567764,
    0.34672173903675124,
    0.3295674371110785,
    0.3555641627097784,
    0.4052585837521912,
    0.3591011321789893,
    0.35697895049746275,
    0.4116251287967708,
    0.32213980122573566,
    0.315419559234235,
    0.4066733715398756,
    0.35538731423631786,
    0.2959662271535752,
    0.295258833259733,
    0.3239082859603411,
    0.34778282987751447,
    0.4439883994400503,
    0.31294368060578737,
    0.32886004321723633,
    0.30693083250812886,
    0.23725253396467463,
    0.3247925283276438,
    0.275098107285231,
    0.3127668321323268,
    0.22204356524706786,
    0.3062234386142867,
    0.23566089770352971,
    0.25847435077993985,
    0.25228465420882085,
    0.27739713744021804,
    0.23000174655279232,
    0.33434234589451317,
    0.2524615026822814,
    0.32691471000917033,
    0.25033932100075484,
    0.29101446989667995,
    0.24538756374385964,
    0.23424610991584538,
    0.244857018323478,
    0.23866732175235897,
    0.2080725358436849,
    0.2298248980793318,
    0.22894065571202907,
    0.23654514007083244,
    0.20771883889676382,
    0.22451944387551548,
    0.23000174655279232,
    0.24538756374385964,
    0.23778307938505625,
    0.2536994419965052,
    0.24980877558037323,
    0.23442295838930594,
    0.21886029272477805,
    0.23000174655279232,
    0.24397277595617528,
    0.24379592748271475,
    0.2269953225039631,
    0.23123968586701613,
    0.21461592936172502,
    0.24025895801350386,
    0.21832974730439644,
    0.24025895801350386,
    0.26360295651029564,
    0.23177023128739777,
    0.21178635378635632,
    0.22841011029164743,
    0.21426223241480394,
    0.23300817060162157,
    0.21355483852096174,
    0.20860308126406651,
    0.204535566374474,
    0.24043580648696442,
    0.2294712011324107,
    0.2282332618181869,
    0.21585386867594883,
    0.21302429310058013,
    0.2234583530347522,
    0.23123968586701613,
    0.25193095726189974,
    0.2298248980793318,
    0.21850659577785697,
    0.236721988544293,
    0.22858695876510798,
    0.2338924129689243,
    0.2326544736547005,
    0.266963077506046,
    0.23336186754854266,
    0.21443908088826447,
    0.2303554434997134,
    0.22398889845513384,
    0.23141653434047668,
    0.19746162743605228,
    0.25122356336805757,
    0.22611108013666037,
    0.21408538394134338,
    0.23813677633197733,
    0.2391978671727406,
    0.2326544736547005,
    0.2262879286101209,
    0.21550017172902775,
    0.21709180799017264,
    0.2149696263086461,
    0.22894065571202907,
    0.224696292348976,
    0.23849047327889844,
    0.22151301982668622,
    0.23318501907508213,
    0.20577350568869782,
    0.22080562593284406,
    0.23689883701775352,
    0.21178635378635632,
    0.24220429122156986,
    0.23177023128739777,
    0.2287638072385685,
    0.23477665533622702,
    0.2020596877460264,
    0.2323007767077794,
    0.22734901945088418,
    0.24468016985001745,
    0.23902101869928005,
    0.20612720263561893,
    0.204535566374474,
    0.22894065571202907,
    0.21514647478210666,
    0.2181528988309359,
    0.23884417022581952,
    0.21992138356554133,
    0.2269953225039631,
    0.22045192898592297,
