{
  "N": 6,
  "h": 2.0,
  "L": 1,
  "exact": -12.630964276492985,
  "convergence_raw": [
    -1.859375,
    -0.453125,
    -0.71484375,
    -2.578125,
    -2.2890625,
    -1.724609375,
    -3.77734375,
    -5.31640625,
    -4.703125,
    -5.404296875,
    -4.9609375,
    -4.484375,
    -5.853515625,
    -5.212890625,
    -6.353515625,
    -6.8671875,
    -5.509765625,
    -6.546875,
    -5.52734375,
    -6.380859375,
    -6.630859375,
    -6.94140625,
    -6.634765625,
    -6.826171875,
    -6.6953125,
    -6.826171875,
    -6.837890625,
    -6.837890625,
    -6.830078125,
    -6.970703125,
    -6.888671875,
    -6.791015625,
    -6.859375,
    -6.802734375,
    -7.072265625,
    -6.62890625,
    -6.712890625,
    -6.83984375,
    -6.802734375,
    -6.845703125,
    -6.51171875,
    -6.88671875,
    -6.697265625,
    -6.658203125,
    -6.87890625,
    -6.87109375,
    -6.951171875,
    -6.71484375,
    -6.794921875,
    -6.99609375,
    -6.998046875,
    -6.83203125,
    -6.884765625,
    -6.95703125,
    -6.572265625,
    -6.884765625,
    -6.666015625,
    -7.0078125,
    -7.025390625,
    -6.74609375,
    -6.8828125
  ],
  "convergence_rel": [
    0.8527923158281421,
    0.964125858479127,
    0.943405449152416,
    0.7958885051398608,
    0.8187737333514522,
    0.8634617803321948,
    0.7009457340458264,
    0.5790973568111372,
    0.6276511518005945,
    0.5721390103954506,
    0.6072400023145806,
    0.6449697028796366,
    0.5365741287152749,
    0.5872927425896125,
    0.49698886910603574,
    0.45632120005435645,
    0.5637889946966267,
    0.48168050699152526,
    0.5623973254134894,
    0.49482405022115544,
    0.4750314204165359,
    0.45044526308111005,
    0.4747221605758387,
    0.4595684283816769,
    0.4699286330450324,
    0.4595684283816769,
    0.45864064885958533,
    0.45864064885958533,
    0.4592591685409797,
    0.44812581427588116,
    0.454620270930522,
    0.4623517669479515,
    0.4569397197357508,
    0.46142398742585994,
    0.44008505841775447,
    0.4751860503368845,
    0.4685369637618951,
    0.45848601893923674,
    0.46142398742585994,
    0.45802212917819096,
    0.4844638455577999,
    0.4547749008508706,
    0.4697740031246838,
    0.4728666015316556,
    0.45539342053226495,
    0.45601194021365926,
    0.4496721134793671,
    0.4683823338415465,
    0.4620425071072543,
    0.4461156253113495,
    0.4459609953910009,
    0.4591045386206311,
    0.45492953077121917,
    0.4492082237183213,
    0.4796703180269936,
    0.45492953077121917,
    0.4722480818502613,
    0.44518784578925796,
    0.44379617650612063,
    0.46590825511596906,
    0.45508416069156776
  ],
  "elapsed_s": 1079.9758417000994,
  "raw": {
    "mean": -6.797900390625,
    "sem": 0.01837927639217251,
    "rel_err": 0.4618066964787227,
    "parity_discard": 0.0,
    "cost": {
      "n_circuits_per_eval": 20,
      "overhead_circuits": 1.0,
      "overhead_amortised": 1.0,
      "shot_multiplier": 1.0,
      "measured_discard": 0.0,
      "overhead_effective": 1.0
    }
  },
  "readout": {
    "mean": -8.37913338649391,
    "sem": 0.02060020373028357,
    "rel_err": 0.3366196591903912,
    "parity_discard": 0.0,
    "cost": {
      "n_circuits_per_eval": 20,
      "overhead_circuits": 1.0,
      "overhead_amortised": 1.0375,
      "shot_multiplier": 1.0,
      "measured_discard": 0.0,
      "overhead_effective": 1.0375
    }
  },
  "parity": {
    "mean": -6.667926611896742,
    "sem": 0.02109562832718821,
    "rel_err": 0.47209678802542654,
    "parity_discard": 0.5155029296875,
    "cost": {
      "n_circuits_per_eval": 20,
      "overhead_circuits": 1.0,
      "overhead_amortised": 1.0,
      "shot_multiplier": 2.0639959687578737,
      "measured_discard": 0.5155029296875,
      "overhead_effective": 2.0639959687578737
    }
  },
  "zne": {
    "mean": -6.797900390625002,
    "sem": 0.04198669161058591,
    "rel_err": 0.4618066964787226,
    "parity_discard": 0.0,
    "cost": {
      "n_circuits_per_eval": 60,
      "overhead_circuits": 3.0,
      "overhead_amortised": 3.0,
      "shot_multiplier": 1.0,
      "measured_discard": 0.0,
      "overhead_effective": 3.0
    }
  },
  "ro+parity": {
    "mean": -8.33575273801372,
    "sem": 0.027436858702411766,
    "rel_err": 0.34005412765460213,
    "parity_discard": 0.5340250156064036,
    "cost": {
      "n_circuits_per_eval": 20,
      "overhead_circuits": 1.0,
      "overhead_amortised": 1.0375,
      "shot_multiplier": 2.1460379494434987,
      "measured_discard": 0.5340250156064036,
      "overhead_effective": 2.22651437254763
    }
  },
  "ro+zne": {
    "mean": -8.379133386493912,
    "sem": 0.047060307635779494,
    "rel_err": 0.3366196591903911,
    "parity_discard": 0.0,
    "cost": {
      "n_circuits_per_eval": 60,
      "overhead_circuits": 3.0,
      "overhead_amortised": 3.0375,
      "shot_multiplier": 1.0,
      "measured_discard": 0.0,
      "overhead_effective": 3.0375
    }
  },
  "parity+zne": {
    "mean": -6.66792661189674,
    "sem": 0.048192084498082564,
    "rel_err": 0.47209678802542665,
    "parity_discard": 0.5155029296875,
    "cost": {
      "n_circuits_per_eval": 60,
      "overhead_circuits": 3.0,
      "overhead_amortised": 3.0,
      "shot_multiplier": 2.0639959687578737,
      "measured_discard": 0.5155029296875,
      "overhead_effective": 6.191987906273621
    }
  },
  "ro+parity+zne": {
    "mean": -8.335752738013717,
    "sem": 0.06267836124342727,
    "rel_err": 0.3400541276546024,
    "parity_discard": 0.5340250156064036,
    "cost": {
      "n_circuits_per_eval": 60,
      "overhead_circuits": 3.0,
      "overhead_amortised": 3.0375,
      "shot_multiplier": 2.1460379494434987,
      "measured_discard": 0.5340250156064036,
      "overhead_effective": 6.518590271434627
    }
  }
}