{
  "N": 6,
  "h": 2.0,
  "L": 2,
  "exact": -12.630964276492985,
  "convergence_raw": [
    1.640625,
    1.298828125,
    0.337890625,
    0.462890625,
    1.240234375,
    1.34765625,
    0.775390625,
    0.81640625,
    0.6328125,
    -0.103515625,
    -1.365234375,
    -0.875,
    -1.42578125,
    -1.8515625,
    -1.28125,
    -3.453125,
    -4.998046875,
    -5.955078125,
    -5.021484375,
    -5.431640625,
    -6.53515625,
    -7.1640625,
    -6.015625,
    -6.447265625,
    -5.984375,
    -6.830078125,
    -6.64453125,
    -6.369140625,
    -6.427734375,
    -6.26953125,
    -7.849609375,
    -6.822265625,
    -7.623046875,
    -7.470703125,
    -6.390625,
    -7.20703125,
    -8.03125,
    -7.708984375,
    -7.69140625,
    -7.72265625,
    -7.662109375,
    -7.724609375,
    -7.7265625,
    -7.67578125,
    -7.5390625,
    -7.7265625,
    -7.66796875,
    -7.6640625,
    -7.7421875,
    -7.8203125,
    -7.8671875,
    -7.751953125,
    -7.7890625,
    -7.85546875,
    -7.572265625,
    -7.65234375,
    -7.828125,
    -7.583984375,
    -7.66796875,
    -7.919921875,
    -7.830078125,
    -7.93359375,
    -7.58984375,
    -7.951171875,
    -7.669921875,
    -7.677734375,
    -7.765625,
    -7.953125,
    -7.67578125,
    -7.806640625,
    -7.89453125,
    -7.619140625,
    -7.77734375,
    -7.662109375,
    -7.80859375,
    -7.6875,
    -7.65234375,
    -7.63671875,
    -7.62890625,
    -7.7421875,
    -7.357421875,
    -7.8984375,
    -7.833984375,
    -7.611328125,
    -7.822265625,
    -7.828125,
    -7.90234375,
    -7.76953125,
    -7.7421875,
    -7.8984375,
    -7.693359375,
    -7.6015625,
    -7.76171875,
    -7.66015625,
    -7.544921875,
    -7.392578125,
    -7.904296875,
    -8.01171875,
    -7.931640625,
    -7.681640625,
    -7.72265625,
    -7.837890625,
    -7.37109375,
    -7.775390625,
    -7.951171875,
    -7.5625,
    -7.689453125,
    -7.67578125,
    -7.828125,
    -7.560546875,
    -7.859375,
    -7.755859375,
    -7.642578125
  ],
  "convergence_rel": [
    1.1298891330928158,
    1.1028288970318125,
    1.0267509762203062,
    1.0366472911226159,
    1.0981899994213549,
    1.1066946450405273,
    1.0613880783783904,
    1.0646353067057108,
    1.0501000941929433,
    0.9918046142215247,
    0.8919136856763353,
    0.9307257956838315,
    0.887120158145529,
    0.8534108355095363,
    0.8985627722513247,
    0.7266143008236924,
    0.6043020338279574,
    0.5285333728571482,
    0.6024464747837743,
    0.5699741915105704,
    0.4826082865136168,
    0.43281745216137074,
    0.5237398453263419,
    0.48956663292930336,
    0.5262139240519192,
    0.4592591685409797,
    0.47394901097409575,
    0.495751829743247,
    0.4911129321327893,
    0.5036379556810251,
    0.37854235011901555,
    0.459877688222374,
    0.39647942087945204,
    0.4085405546666421,
    0.4940509006194125,
    0.42941559391370177,
    0.3641617675265966,
    0.38967570438411403,
    0.39106737366725136,
    0.3885932949416739,
    0.3933868224724802,
    0.3884386650213253,
    0.38828403510097675,
    0.3923044130300401,
    0.4031285074544414,
    0.38828403510097675,
    0.3929229327114344,
    0.3932321925521316,
    0.387046995738188,
    0.3808617989242444,
    0.3771506808358782,
    0.38627384613644505,
    0.38333587764982185,
    0.37807846035796977,
    0.4004997988085154,
    0.39415997207422315,
    0.38024327924285,
    0.39957201928642383,
    0.3929229327114344,
    0.3729756729864663,
    0.3800886493225014,
    0.37189326354402613,
    0.39910812952537805,
    0.37050159426088886,
    0.3927683027910858,
    0.3921497831096915,
    0.3851914366940049,
    0.37034696434054026,
    0.3923044130300401,
    0.3819442083666845,
    0.374985861950998,
    0.39678868072014917,
    0.38426365717191335,
    0.3933868224724802,
    0.38178957844633593,
    0.39137663350794855,
    0.39415997207422315,
    0.3953970114370119,
    0.39601553111840626,
    0.387046995738188,
    0.4175090900468603,
    0.3746766021103008,
    0.3797793894818043,
    0.39740720040154354,
    0.3807071690038958,
    0.38024327924285,
    0.3743673422696036,
    0.3848821768533077,
    0.387046995738188,
    0.3746766021103008,
    0.39091274374690277,
    0.3981803500032865,
    0.3855006965347021,
    0.3935414523928288,
    0.4026646176933956,
    0.41472575148058566,
    0.374212712349255,
    0.36570806673008255,
    0.3720478934643747,
    0.3918405232689943,
    0.3885932949416739,
    0.3794701296411071,
    0.4164266806044202,
    0.38441828709226195,
    0.37050159426088886,
    0.4012729484102583,
    0.39122200358759995,
    0.3923044130300401,
    0.38024327924285,
    0.4014275783306069,
    0.3777692005172726,
    0.38596458629574787,
    0.3949331216759661
  ],
  "elapsed_s": 1303.4594793999568,
  "raw": {
    "mean": -7.7051025390625,
    "sem": 0.014521542842393551,
    "rel_err": 0.38998303135080686,
    "parity_discard": 0.0,
    "cost": {
      "n_circuits_per_eval": 20,
      "overhead_circuits": 1.0,
      "overhead_amortised": 1.0,
      "shot_multiplier": 1.0,
      "measured_discard": 0.0,
      "overhead_effective": 1.0
    }
  },
  "readout": {
    "mean": -8.968470878546691,
    "sem": 0.014593121099969814,
    "rel_err": 0.28996150394965675,
    "parity_discard": 0.0,
    "cost": {
      "n_circuits_per_eval": 20,
      "overhead_circuits": 1.0,
      "overhead_amortised": 1.0375,
      "shot_multiplier": 1.0,
      "measured_discard": 0.0,
      "overhead_effective": 1.0375
    }
  },
  "parity": {
    "mean": -8.49477081199406,
    "sem": 0.018162065129744904,
    "rel_err": 0.3274645841724562,
    "parity_discard": 0.4601318359375,
    "cost": {
      "n_circuits_per_eval": 20,
      "overhead_circuits": 1.0,
      "overhead_amortised": 1.0,
      "shot_multiplier": 1.8523040745262966,
      "measured_discard": 0.4601318359375,
      "overhead_effective": 1.8523040745262966
    }
  },
  "zne": {
    "mean": -7.705102539062496,
    "sem": 0.03317385995093677,
    "rel_err": 0.3899830313508072,
    "parity_discard": 0.0,
    "cost": {
      "n_circuits_per_eval": 60,
      "overhead_circuits": 3.0,
      "overhead_amortised": 3.0,
      "shot_multiplier": 1.0,
      "measured_discard": 0.0,
      "overhead_effective": 3.0
    }
  },
  "ro+parity": {
    "mean": -9.898831992815804,
    "sem": 0.027143771983386106,
    "rel_err": 0.2163043314722891,
    "parity_discard": 0.4162738831098138,
    "cost": {
      "n_circuits_per_eval": 20,
      "overhead_circuits": 1.0,
      "overhead_amortised": 1.0375,
      "shot_multiplier": 1.7131321883069446,
      "measured_discard": 0.4162738831098138,
      "overhead_effective": 1.7773746453684551
    }
  },
  "ro+zne": {
    "mean": -8.968470878546693,
    "sem": 0.03333737749987343,
    "rel_err": 0.2899615039496566,
    "parity_discard": 0.0,
    "cost": {
      "n_circuits_per_eval": 60,
      "overhead_circuits": 3.0,
      "overhead_amortised": 3.0375,
      "shot_multiplier": 1.0,
      "measured_discard": 0.0,
      "overhead_effective": 3.0375
    }
  },
  "parity+zne": {
    "mean": -8.494770811994062,
    "sem": 0.041490481526179214,
    "rel_err": 0.3274645841724561,
    "parity_discard": 0.4601318359375,
    "cost": {
      "n_circuits_per_eval": 60,
      "overhead_circuits": 3.0,
      "overhead_amortised": 3.0,
      "shot_multiplier": 1.8523040745262966,
      "measured_discard": 0.4601318359375,
      "overhead_effective": 5.55691222357889
    }
  },
  "ro+parity+zne": {
    "mean": -9.898831992815802,
    "sem": 0.062008816837852636,
    "rel_err": 0.21630433147228925,
    "parity_discard": 0.4162738831098138,
    "cost": {
      "n_circuits_per_eval": 60,
      "overhead_circuits": 3.0,
      "overhead_amortised": 3.0375,
      "shot_multiplier": 1.7131321883069446,
      "measured_discard": 0.4162738831098138,
      "overhead_effective": 5.203639021982345
    }
  }
}