{
  "N": 6,
  "h": 0.5,
  "L": 1,
  "exact": -5.522029570800216,
  "convergence_raw": [
    0.5859375,
    0.751953125,
    0.517578125,
    1.1640625,
    0.8974609375,
    0.7333984375,
    0.896484375,
    -0.8330078125,
    -2.78515625,
    0.3642578125,
    -1.765625,
    -2.501953125,
    -2.9462890625,
    -2.080078125,
    -3.0693359375,
    -3.6181640625,
    -2.8056640625,
    -3.642578125,
    -4.068359375,
    -3.7890625,
    -3.728515625,
    -4.0107421875,
    -3.8359375,
    -3.90625,
    -3.9208984375,
    -4.109375,
    -4.1171875,
    -3.947265625,
    -3.994140625,
    -4.09765625,
    -4.0986328125,
    -4.1015625,
    -4.0087890625,
    -3.9736328125,
    -4.01953125,
    -4.1416015625,
    -4.0302734375,
    -4.07421875,
    -4.0322265625,
    -4.068359375,
    -3.9794921875,
    -4.060546875,
    -4.11328125,
    -4.111328125,
    -4.1162109375,
    -4.0302734375,
    -3.9267578125,
    -4.1455078125,
    -4.04296875,
    -4.1015625,
    -4.009765625,
    -4.0693359375,
    -4.095703125,
    -3.9462890625,
    -4.0322265625,
    -3.958984375,
    -4.0966796875,
    -4.0234375,
    -4.0166015625,
    -3.9658203125,
    -4.056640625,
    -4.095703125,
    -4.03515625
  ],
  "convergence_rel": [
    1.1061090840763264,
    1.1361733245646186,
    1.0937296909340881,
    1.2108033803649683,
    1.1625237471102396,
    1.1328132035688685,
    1.162346898636779,
    0.8491482521381561,
    0.4956281536905291,
    1.0659644806007829,
    0.6802579599833368,
    0.5469142109940868,
    0.4664481555695394,
    0.6233127515290418,
    0.44416524791351086,
    0.34477640582868524,
    0.4919143357478577,
    0.3403551939921717,
    0.2632492595633746,
    0.3138279229730901,
    0.3247925283276438,
    0.27368331949754665,
    0.30533919624698397,
    0.29260610615782484,
    0.28995337905591667,
    0.25582162367803174,
    0.25440683589034735,
    0.285178470272482,
    0.2766897435463759,
    0.25794380535955824,
    0.2577669568860977,
    0.2572364114657161,
    0.2740370164444677,
    0.2804035614890473,
    0.27209168323640176,
    0.2499856240538338,
    0.27014635002833576,
    0.2621881687226113,
    0.2697926530814147,
    0.2632492595633746,
    0.27934247064828405,
    0.2646640473510589,
    0.2551142297841896,
    0.25546792673111063,
    0.2545836843638079,
    0.27014635002833576,
    0.2888922882151534,
    0.2492782301599916,
    0.2678473198733487,
    0.2572364114657161,
    0.2738601679710072,
    0.263072411089914,
    0.25829750230647935,
    0.28535531874594255,
    0.2697926530814147,
    0.28305628859095544,
    0.2581206538330188,
    0.2713842893425596,
    0.27262222865678337,
    0.28181834927673166,
    0.2653714412449011,
    0.25829750230647935,
    0.26926210766103303
  ],
  "elapsed_s": 941.0454630000168,
  "raw": {
    "mean": -4.0476806640625,
    "sem": 0.008725104565071263,
    "rel_err": 0.2669940259889016,
    "parity_discard": 0.0,
    "cost": {
      "n_circuits_per_eval": 20,
      "overhead_circuits": 1.0,
      "overhead_amortised": 1.0,
      "shot_multiplier": 1.0,
      "measured_discard": 0.0,
      "overhead_effective": 1.0
    }
  },
  "readout": {
    "mean": -4.791962573498397,
    "sem": 0.011524859412359407,
    "rel_err": 0.1322099036126716,
    "parity_discard": 0.0,
    "cost": {
      "n_circuits_per_eval": 20,
      "overhead_circuits": 1.0,
      "overhead_amortised": 1.0375,
      "shot_multiplier": 1.0,
      "measured_discard": 0.0,
      "overhead_effective": 1.0375
    }
  },
  "parity": {
    "mean": -4.473841294553542,
    "sem": 0.016476981333246928,
    "rel_err": 0.1898193884707462,
    "parity_discard": 0.485003662109375,
    "cost": {
      "n_circuits_per_eval": 20,
      "overhead_circuits": 1.0,
      "overhead_amortised": 1.0,
      "shot_multiplier": 1.9417613804709812,
      "measured_discard": 0.485003662109375,
      "overhead_effective": 1.9417613804709812
    }
  },
  "zne": {
    "mean": -4.0575012207031245,
    "sem": 0.020202059985659035,
    "rel_err": 0.26521559352766405,
    "parity_discard": 0.0,
    "cost": {
      "n_circuits_per_eval": 60,
      "overhead_circuits": 3.0,
      "overhead_amortised": 3.0,
      "shot_multiplier": 1.0,
      "measured_discard": 0.0,
      "overhead_effective": 3.0
    }
  },
  "ro+parity": {
    "mean": -5.328328005777807,
    "sem": 0.025860895486876236,
    "rel_err": 0.035077965907078484,
    "parity_discard": 0.46746309562329075,
    "cost": {
      "n_circuits_per_eval": 20,
      "overhead_circuits": 1.0,
      "overhead_amortised": 1.0375,
      "shot_multiplier": 1.8778041329744426,
      "measured_discard": 0.46746309562329075,
      "overhead_effective": 1.9482217879609844
    }
  },
  "ro+zne": {
    "mean": -4.80358470232197,
    "sem": 0.026756937103694357,
    "rel_err": 0.13010521933408142,
    "parity_discard": 0.0,
    "cost": {
      "n_circuits_per_eval": 60,
      "overhead_circuits": 3.0,
      "overhead_amortised": 3.0375,
      "shot_multiplier": 1.0,
      "measured_discard": 0.0,
      "overhead_effective": 3.0375
    }
  },
  "parity+zne": {
    "mean": -4.4824716754490215,
    "sem": 0.03863234119676081,
    "rel_err": 0.1882564883115156,
    "parity_discard": 0.485211181640625,
    "cost": {
      "n_circuits_per_eval": 60,
      "overhead_circuits": 3.0,
      "overhead_amortised": 3.0,
      "shot_multiplier": 1.9425441352572237,
      "measured_discard": 0.485211181640625,
      "overhead_effective": 5.827632405771671
    }
  },
  "ro+parity+zne": {
    "mean": -5.335669154983408,
    "sem": 0.060672429200330405,
    "rel_err": 0.0337485363718909,
    "parity_discard": 0.4679045621689804,
    "cost": {
      "n_circuits_per_eval": 60,
      "overhead_circuits": 3.0,
      "overhead_amortised": 3.0375,
      "shot_multiplier": 1.8793621010476982,
      "measured_discard": 0.4679045621689804,
      "overhead_effective": 5.708562381932383
    }
  }
}