{
  "N": 6,
  "h": 2.0,
  "L": 2,
  "exact": -12.630964276492985,
  "convergence_raw": [
    1.6171875,
    1.294921875,
    0.326171875,
    0.4375,
    1.2578125,
    1.310546875,
    0.78125,
    0.78515625,
    0.630859375,
    -0.08203125,
    -1.390625,
    -0.8671875,
    -1.37109375,
    -2.078125,
    -1.619140625,
    -3.08984375,
    -4.201171875,
    -5.72265625,
    -5.12890625,
    -4.923828125,
    -6.697265625,
    -7.4765625,
    -6.896484375,
    -6.6171875,
    -7.107421875,
    -7.2421875,
    -6.255859375,
    -7.6640625,
    -6.60546875,
    -7.087890625,
    -8.181640625,
    -7.490234375,
    -7.857421875,
    -7.82421875,
    -7.591796875,
    -7.630859375,
    -8.314453125,
    -7.98046875,
    -7.97265625,
    -7.9375,
    -8.14453125,
    -8.03125,
    -8.1796875,
    -7.9375,
    -8.052734375,
    -8.169921875,
    -8.015625,
    -7.939453125,
    -7.919921875,
    -7.865234375,
    -8.19140625,
    -7.87109375,
    -7.998046875,
    -8.00390625,
    -7.734375,
    -8.06640625,
    -8.154296875,
    -7.8671875,
    -8.251953125,
    -8.388671875,
    -8.17578125,
    -8.048828125,
    -7.85546875,
    -8.2109375,
    -7.9921875,
    -8.08203125,
    -7.96484375,
    -8.060546875,
    -7.939453125,
    -8.228515625,
    -8.36328125,
    -7.865234375,
    -8.08984375,
    -8.189453125,
    -8.16796875,
    -7.91796875,
    -7.974609375,
    -8.044921875,
    -7.98828125,
    -8.248046875,
    -7.888671875,
    -8.171875,
    -7.904296875,
    -7.98046875,
    -8.18359375,
    -7.88671875,
    -8.1640625,
    -8.109375,
    -7.95703125,
    -8.23046875,
    -8.02734375,
    -7.9375,
    -8.05859375,
    -7.955078125,
    -7.8515625,
    -7.703125,
    -8.0,
    -8.111328125,
    -8.259765625,
    -8.03125,
    -8.138671875,
    -8.36328125,
    -7.765625,
    -8.150390625,
    -8.21875,
    -8.037109375,
    -8.01953125,
    -7.8828125,
    -7.91796875
  ],
  "convergence_rel": [
    1.1280335740486327,
    1.1025196371911155,
    1.0258231966982145,
    1.0346371021580842,
    1.0995816687044921,
    1.1037566765539042,
    1.061851968139436,
    1.0621612279801333,
    1.0499454642725947,
    0.9935055433453592,
    0.8899034967118037,
    0.9313443153652259,
    0.8914497959152896,
    0.8354737647491,
    0.8718117960310187,
    0.7553754660085301,
    0.6673910413301822,
    0.5469343333786304,
    0.5939418291646018,
    0.6101779708012038,
    0.4697740031246838,
    0.4080766649055963,
    0.4540017512491276,
    0.47611382985897605,
    0.43730171985147986,
    0.4266322553474271,
    0.5047203651234652,
    0.3932321925521316,
    0.47704160938106754,
    0.43884801905496573,
    0.3522552636597552,
    0.40699425546315615,
    0.3779238304376212,
    0.3805525390835472,
    0.39895349960502946,
    0.39586090119805767,
    0.34174042907605107,
    0.36818214545565997,
    0.36880066513705434,
    0.37158400370332895,
    0.3551932321463784,
    0.3641617675265966,
    0.3524098935801038,
    0.37158400370332895,
    0.36246083840276216,
    0.35318304318184673,
    0.36539880688938536,
    0.3714293737829804,
    0.3729756729864663,
    0.3773053107562268,
    0.3514821140580122,
    0.37684142099518103,
    0.3667904761725227,
    0.3663265864114769,
    0.3876655154195824,
    0.361378428960322,
    0.3544200825446355,
    0.3771506808358782,
    0.3466885865272059,
    0.3358644921028046,
    0.35271915342080096,
    0.36277009824345935,
    0.37807846035796977,
    0.34993581485452635,
    0.36725436593356847,
    0.3601413895975333,
    0.3694191848184487,
    0.3618423187213678,
    0.3714293737829804,
    0.348544145571389,
    0.33787468106733626,
    0.3773053107562268,
    0.3595228699161389,
    0.3516367439783608,
    0.3533376731021953,
    0.37313030290681487,
    0.36864603521670575,
    0.3630793580841565,
    0.3675636257742656,
    0.3469978463679031,
    0.37544975171204376,
    0.35302841326149814,
    0.374212712349255,
    0.36818214545565997,
    0.3521006337394066,
    0.37560438163239235,
    0.3536469329428925,
    0.35797657071265304,
    0.3700377044998431,
    0.3483895156510404,
    0.3644710273672938,
    0.37158400370332895,
    0.3619969486417164,
    0.37019233442019167,
    0.37838772019866695,
    0.3901395941451598,
    0.3666358462521741,
    0.35782194079230445,
    0.3460700668458116,
    0.3641617675265966,
    0.35565712190742416,
    0.33787468106733626,
    0.3851914366940049,
    0.3547293423853326,
    0.349317295173132,
    0.36369787776555085,
    0.3650895470486882,
    0.3759136414730895,
    0.37313030290681487
  ],
  "elapsed_s": 1542.500188600039,
  "raw": {
    "mean": -8.0526611328125,
    "sem": 0.01806325524147068,
    "rel_err": 0.3624666370247753,
    "parity_discard": 0.0,
    "cost": {
      "n_circuits_per_eval": 20,
      "overhead_circuits": 1.0,
      "overhead_amortised": 1.0,
      "shot_multiplier": 1.0,
      "measured_discard": 0.0,
      "overhead_effective": 1.0
    }
  },
  "readout": {
    "mean": -9.435859616580279,
    "sem": 0.020261575006451607,
    "rel_err": 0.2529580948826683,
    "parity_discard": 0.0,
    "cost": {
      "n_circuits_per_eval": 20,
      "overhead_circuits": 1.0,
      "overhead_amortised": 1.0375,
      "shot_multiplier": 1.0,
      "measured_discard": 0.0,
      "overhead_effective": 1.0375
    }
  },
  "parity": {
    "mean": -8.833438742338101,
    "sem": 0.028626235332738476,
    "rel_err": 0.3006520682844711,
    "parity_discard": 0.4656005859375,
    "cost": {
      "n_circuits_per_eval": 20,
      "overhead_circuits": 1.0,
      "overhead_amortised": 1.0,
      "shot_multiplier": 1.8712595367536204,
      "measured_discard": 0.4656005859375,
      "overhead_effective": 1.8712595367536204
    }
  },
  "zne": {
    "mean": -8.087115478515628,
    "sem": 0.04294845137720867,
    "rel_err": 0.35973886858612564,
    "parity_discard": 0.0,
    "cost": {
      "n_circuits_per_eval": 60,
      "overhead_circuits": 3.0,
      "overhead_amortised": 3.0,
      "shot_multiplier": 1.0,
      "measured_discard": 0.0,
      "overhead_effective": 3.0
    }
  },
  "ro+parity": {
    "mean": -10.424872713800758,
    "sem": 0.04277899999934125,
    "rel_err": 0.1746574144618477,
    "parity_discard": 0.4279931544203883,
    "cost": {
      "n_circuits_per_eval": 20,
      "overhead_circuits": 1.0,
      "overhead_amortised": 1.0375,
      "shot_multiplier": 1.7482308257809485,
      "measured_discard": 0.4279931544203883,
      "overhead_effective": 1.8137894817477342
    }
  },
  "ro+zne": {
    "mean": -9.479831295016483,
    "sem": 0.04889330579706319,
    "rel_err": 0.24947683426996606,
    "parity_discard": 0.0,
    "cost": {
      "n_circuits_per_eval": 60,
      "overhead_circuits": 3.0,
      "overhead_amortised": 3.0375,
      "shot_multiplier": 1.0,
      "measured_discard": 0.0,
      "overhead_effective": 3.0375
    }
  },
  "parity+zne": {
    "mean": -8.885057804777569,
    "sem": 0.06335095638642387,
    "rel_err": 0.2965653603095674,
    "parity_discard": 0.46602986653645834,
    "cost": {
      "n_circuits_per_eval": 60,
      "overhead_circuits": 3.0,
      "overhead_amortised": 3.0,
      "shot_multiplier": 1.8727639194229915,
      "measured_discard": 0.46602986653645834,
      "overhead_effective": 5.618291758268974
    }
  },
  "ro+parity+zne": {
    "mean": -10.505619219246974,
    "sem": 0.09180971293138986,
    "rel_err": 0.16826467170059312,
    "parity_discard": 0.4288970633545414,
    "cost": {
      "n_circuits_per_eval": 60,
      "overhead_circuits": 3.0,
      "overhead_amortised": 3.0375,
      "shot_multiplier": 1.7509978251447889,
      "measured_discard": 0.4288970633545414,
      "overhead_effective": 5.318655893877296
    }
  }
}