{
  "N": 6,
  "h": 0.5,
  "L": 2,
  "exact": -5.522029570800216,
  "convergence_raw": [
    0.0380859375,
    0.5087890625,
    0.041015625,
    -0.328125,
    -0.0859375,
    -0.1748046875,
    -0.2109375,
    -0.6533203125,
    -0.861328125,
    -1.1982421875,
    -1.4765625,
    -1.150390625,
    -1.60546875,
    -2.125,
    -1.9111328125,
    -2.1455078125,
    -1.9423828125,
    -2.162109375,
    -2.0009765625,
    -1.87890625,
    -1.724609375,
    -2.1103515625,
    -2.2412109375,
    -2.2392578125,
    -1.9736328125,
    -2.48046875,
    -2.0986328125,
    -2.4736328125,
    -2.0595703125,
    -2.1103515625,
    -2.6826171875,
    -2.6142578125,
    -2.1533203125,
    -3.240234375,
    -3.9501953125,
    -3.5146484375,
    -2.9560546875,
    -3.7587890625,
    -3.244140625,
    -3.7998046875,
    -4.044921875,
    -3.4931640625,
    -3.849609375,
    -3.111328125,
    -3.9208984375,
    -3.640625,
    -3.8828125,
    -3.818359375,
    -3.7490234375,
    -3.5224609375,
    -3.4716796875,
    -4.017578125,
    -3.8359375,
    -3.970703125,
    -3.85546875,
    -4.0361328125,
    -3.998046875,
    -4.0302734375,
    -3.8544921875,
    -4.1025390625,
    -4.1171875,
    -4.048828125,
    -4.0810546875,
    -4.1259765625,
    -4.04296875,
    -4.1328125,
    -3.921875,
    -4.1669921875,
    -4.0595703125,
    -4.140625,
    -4.103515625,
    -4.1318359375,
    -4.0625,
    -3.9931640625,
    -4.044921875,
    -4.0302734375,
    -4.193359375,
    -4.134765625,
    -4.044921875,
    -4.0078125,
    -4.0634765625,
    -4.138671875,
    -4.0771484375,
    -4.0361328125,
    -4.013671875,
    -4.095703125,
    -4.1025390625,
    -3.9228515625,
    -3.9912109375,
    -4.056640625,
    -4.2451171875,
    -4.1796875,
    -4.0615234375,
    -4.1474609375,
    -4.1064453125,
    -4.2060546875,
    -4.205078125,
    -4.2177734375,
    -4.23046875,
    -4.0009765625,
    -4.2060546875,
    -4.1806640625,
    -4.1240234375,
    -4.0693359375,
    -4.111328125,
    -3.9970703125,
    -4.041015625,
    -4.080078125,
    -4.0927734375,
    -4.12890625,
    -4.1826171875,
    -4.068359375,
    -4.064453125,
    -4.087890625,
    -4.052734375,
    -4.044921875,
    -4.15625,
    -4.08984375,
    -4.1533203125,
    -4.0732421875,
    -4.09375,
    -4.0498046875,
    -4.16015625,
    -4.1083984375,
    -4.1318359375,
    -4.1767578125,
    -4.142578125,
    -4.08203125,
    -3.9736328125,
    -4.1240234375,
    -4.037109375,
    -4.056640625,
    -4.19921875,
    -4.0419921875,
    -4.099609375,
    -4.130859375,
    -4.158203125,
    -4.09375,
    -4.13671875,
    -4.033203125,
    -4.046875,
    -4.0205078125
  ],
  "convergence_rel": [
    1.0068970904649612,
    1.0921380546729433,
    1.007427635885343,
    0.9405789129172573,
    0.9844373343354721,
    0.9683441232505626,
    0.9618007297325225,
    0.8816883712548962,
    0.8440196464078004,
    0.7830069230639127,
    0.7326051081276578,
    0.7916724982634794,
    0.709261109630866,
    0.6151777217498567,
    0.6539075374377158,
    0.6114639038071853,
    0.6482483862869785,
    0.6084574797583561,
    0.6376374778793458,
    0.6597435370619138,
    0.6876855958686796,
    0.6178304488517649,
    0.594132753408052,
    0.594486450354973,
    0.642589235136241,
    0.5508048774102188,
    0.6199526305332914,
    0.5520428167244426,
    0.6270265694717131,
    0.6178304488517649,
    0.5141972434038862,
    0.5265766365461243,
    0.610049116019501,
    0.4132167650579157,
    0.28464792485210033,
    0.3635223440155029,
    0.46467967083493394,
    0.31931022565036693,
    0.41250937116407355,
    0.3118825897650241,
    0.2674936229264276,
    0.3674130104316349,
    0.30286331761853635,
    0.43656076355470746,
    0.28995337905591667,
    0.34070889093909273,
    0.2968504695208779,
    0.30852246876927375,
    0.3210787103849724,
    0.36210755622781854,
    0.37130367684776683,
    0.2724453801833228,
    0.30533919624698397,
    0.28093410690942894,
    0.30180222677777313,
    0.2690852591875725,
    0.2759823496525337,
    0.27014635002833576,
    0.30197907525123363,
    0.2570595629922555,
    0.25440683589034735,
    0.2667862290325854,
    0.26095022940838747,
    0.25281519962920246,
    0.2678473198733487,
    0.2515772603149787,
    0.2897765305824561,
    0.24538756374385964,
    0.2648408958245195,
    0.25016247252729434,
    0.25688271451879496,
    0.25175410878843923,
    0.2643103504041378,
    0.27686659201983643,
    0.2674936229264276,
    0.27014635002833576,
    0.24061265496042494,
    0.25122356336805757,
    0.2674936229264276,
    0.27421386491792826,
    0.2641335019306773,
    0.2505161694742154,
    0.2616576233022297,
    0.2690852591875725,
    0.27315277407716504,
    0.25829750230647935,
    0.2570595629922555,
    0.28959968210899556,
    0.27722028896675754,
    0.2653714412449011,
    0.23123968586701613,
    0.24308853358887256,
    0.26448719887759836,
    0.2489245332130705,
    0.25635216909841335,
    0.23831362480543788,
    0.23849047327889844,
    0.23619144312391135,
    0.2338924129689243,
    0.2754518042321521,
    0.23831362480543788,
    0.24291168511541203,
    0.25316889657612357,
    0.263072411089914,
    0.25546792673111063,
    0.27615919812599427,
    0.2682010168202698,
    0.261127077881848,
    0.25882804772686097,
    0.25228465420882085,
    0.24255798816849095,
    0.2632492595633746,
    0.26395665345721675,
    0.2597122900941637,
    0.26607883513874325,
    0.2674936229264276,
    0.24733289695192562,
    0.2593585931472426,
    0.24786344237230726,
    0.26236501719607186,
    0.2586511992534004,
    0.26660938055912486,
    0.24662550305808345,
    0.25599847215149224,
    0.25175410878843923,
    0.2436190790092542,
    0.24980877558037323,
    0.26077338093492697,
    0.2804035614890473,
    0.25316889657612357,
    0.268908410714112,
    0.2653714412449011,
    0.2395515641196617,
    0.26802416834680926,
    0.2575901084126372,
    0.25193095726189974,
    0.24697920000500453,
    0.2586511992534004,
    0.2508698664211365,
    0.26961580460795415,
    0.26713992597950653,
    0.2719148347629412
  ],
  "elapsed_s": 1711.2375183000113,
  "raw": {
    "mean": -4.09083251953125,
    "sem": 0.0071786258573516394,
    "rel_err": 0.2591795340678638,
    "parity_discard": 0.0,
    "cost": {
      "n_circuits_per_eval": 20,
      "overhead_circuits": 1.0,
      "overhead_amortised": 1.0,
      "shot_multiplier": 1.0,
      "measured_discard": 0.0,
      "overhead_effective": 1.0
    }
  },
  "readout": {
    "mean": -5.111061488509013,
    "sem": 0.008277823102313958,
    "rel_err": 0.0744233758660673,
    "parity_discard": 0.0,
    "cost": {
      "n_circuits_per_eval": 20,
      "overhead_circuits": 1.0,
      "overhead_amortised": 1.0375,
      "shot_multiplier": 1.0,
      "measured_discard": 0.0,
      "overhead_effective": 1.0375
    }
  },
  "parity": {
    "mean": -4.907867710152526,
    "sem": 0.00847317987623418,
    "rel_err": 0.11122031361354878,
    "parity_discard": 0.431719970703125,
    "cost": {
      "n_circuits_per_eval": 20,
      "overhead_circuits": 1.0,
      "overhead_amortised": 1.0,
      "shot_multiplier": 1.7596958338255984,
      "measured_discard": 0.431719970703125,
      "overhead_effective": 1.7596958338255984
    }
  },
  "zne": {
    "mean": -4.110017395019531,
    "sem": 0.016386064982226774,
    "rel_err": 0.25570529054158353,
    "parity_discard": 0.0,
    "cost": {
      "n_circuits_per_eval": 60,
      "overhead_circuits": 3.0,
      "overhead_amortised": 3.0,
      "shot_multiplier": 1.0,
      "measured_discard": 0.0,
      "overhead_effective": 3.0
    }
  },
  "ro+parity": {
    "mean": -5.8197641300204825,
    "sem": 0.012382345648626133,
    "rel_err": 0.05391759594962129,
    "parity_discard": 0.3553634863503156,
    "cost": {
      "n_circuits_per_eval": 20,
      "overhead_circuits": 1.0,
      "overhead_amortised": 1.0375,
      "shot_multiplier": 1.5512618023114826,