{
  "N": 6,
  "h": 1.0,
  "L": 3,
  "exact": -7.296229810558758,
  "convergence_raw": [
    0.2265625,
    1.4921875,
    -0.244140625,
    -0.625,
    -0.369140625,
    -0.4765625,
    -0.6328125,
    -1.228515625,
    -0.650390625,
    -0.599609375,
    -0.439453125,
    -2.203125,
    -1.869140625,
    -1.453125,
    -2.134765625,
    -1.353515625,
    -1.646484375,
    -2.701171875,
    -2.787109375,
    -3.271484375,
    -3.4140625,
    -3.25390625,
    -3.384765625,
    -2.794921875,
    -4.236328125,
    -4.189453125,
    -3.92578125,
    -4.27734375,
    -4.30859375,
    -3.369140625,
    -4.10546875,
    -3.904296875,
    -4.20703125,
    -3.5234375,
    -4.41015625,
    -4.205078125,
    -4.287109375,
    -5.009765625,
    -4.837890625,
    -4.8203125,
    -4.990234375,
    -4.806640625,
    -5.42578125,
    -5.111328125,
    -5.34765625,
    -3.671875,
    -5.10546875,
    -5.14453125,
    -5.064453125,
    -5.080078125,
    -5.712890625,
    -5.314453125,
    -5.630859375,
    -5.03125,
    -5.359375,
    -5.65234375,
    -5.580078125,
    -5.75390625,
    -5.57421875,
    -5.5859375,
    -5.78515625,
    -5.826171875,
    -5.66796875,
    -5.765625,
    -5.689453125,
    -5.79296875,
    -5.857421875,
    -5.8046875,
    -5.890625,
    -5.70703125,
    -5.791015625,
    -6.005859375,
    -5.828125,
    -5.865234375,
    -5.8125,
    -5.841796875,
    -5.83203125,
    -5.916015625,
    -5.744140625,
    -5.69921875,
    -5.8046875,
    -5.880859375,
    -5.736328125,
    -5.94921875,
    -5.9140625,
    -5.681640625,
    -6.044921875,
    -5.671875,
    -5.76953125,
    -5.83203125,
    -5.771484375,
    -5.59765625,
    -5.611328125,
    -5.693359375,
    -5.69921875,
    -5.8984375,
    -5.978515625,
    -5.734375,
    -5.904296875,
    -5.830078125,
    -5.845703125,
    -5.84765625,
    -5.634765625,
    -5.669921875,
    -5.814453125,
    -5.73046875,
    -5.9453125,
    -5.8984375,
    -5.890625,
    -5.724609375,
    -5.86328125,
    -5.857421875,
    -5.896484375,
    -5.84765625,
    -5.912109375,
    -5.810546875,
    -5.935546875,
    -5.869140625,
    -5.783203125,
    -5.91015625,
    -5.82421875,
    -5.892578125,
    -5.88671875,
    -5.798828125,
    -5.810546875,
    -5.7421875,
    -5.880859375,
    -5.720703125,
    -5.72265625,
    -6.10546875,
    -5.650390625,
    -5.798828125,
    -5.892578125,
    -5.900390625,
    -5.646484375,
    -5.658203125,
    -5.97265625,
    -5.755859375,
    -5.73828125,
    -5.953125,
    -5.83984375,
    -6.013671875,
    -5.8359375,
    -5.8828125,
    -5.869140625,
    -5.84375,
    -5.8046875,
    -5.87109375,
    -5.81640625,
    -6.078125,
    -5.845703125,
    -5.724609375,
    -6.021484375,
    -5.8203125,
    -5.935546875,
    -5.810546875,
    -5.80859375,
    -5.869140625,
    -5.79296875,
    -5.7421875,
    -5.80859375,
    -5.8828125,
    -5.822265625,
    -5.9453125,
    -5.84765625,
    -5.7265625,
    -5.853515625,
    -5.60546875,
    -5.607421875,
    -5.9375,
    -5.841796875,
    -5.892578125,
    -5.76953125,
    -5.916015625,
    -5.81640625,
    -5.951171875,
    -5.845703125,
    -5.91015625,
    -5.802734375,
    -5.77734375,
    -5.955078125,
    -5.736328125,
    -5.791015625,
    -5.73828125
  ],
  "convergence_rel": [
    1.0310519961517837,
    1.2045148712065754,
    0.9665387972502331,
    0.9143393209605967,
    0.9494066614423524,
    0.934683732232455,
    0.9132685624726041,
    0.8316232277631729,
    0.910859355874621,
    0.9178192860465725,
    0.9397698350504196,
    0.6980461063861034,
    0.7438210317477846,
    0.8008389212333874,
    0.7074152431560382,
    0.8144910919552922,
    0.774337648655572,
    0.6297852527765789,
    0.618006909408661,
    0.5516198831531235,
    0.5320785407472596,
    0.5540290897511067,
    0.5360938850772315,
    0.6169361509206684,
    0.4193812098860446,
    0.42580576081399985,
    0.46194385978374813,
    0.41375972782408377,
    0.4094766938721136,
    0.5382354020532166,
    0.4373164145599197,
    0.4648884456257276,
    0.42339655421601663,
    0.517087921915364,
    0.3955568335282106,
    0.42366424383801476,
    0.4124212797140931,
    0.31337611957478306,
    0.33693280631061895,
    0.33934201290860216,
    0.3160530157947644,
    0.3412158402625891,
    0.25635823008918024,
    0.29945625923088004,
    0.26706581496910564,
    0.4967435106435057,
    0.30025932809687444,
    0.29490553565691174,
    0.3058808101588353,
    0.3037392931828502,
    0.21700785565545438,
    0.27161653854307394,
    0.22825081977937606,
    0.3104315337328036,
    0.26545967723711683,
    0.22530623393739657,
    0.23521074995132757,
    0.21138637359349352,
    0.23601381881732197,
    0.23440768108533316,
    0.20710333964152336,
    0.20148185757956252,
    0.2231647169614115,
    0.2097802358615047,
    0.220220131119432,
    0.20603258115353082,
    0.19719882362759236,
    0.204426443421542,
    0.19264810005362407,
    0.2178109245214488,
    0.20630027077552895,
    0.17685441235573407,
    0.2012141679575644,
    0.19612806513959982,
    0.20335568493354947,
    0.19934034060357744,
    0.20067878871356812,
    0.1891681349676483,
    0.2127248217034842,
    0.21888168300944133,
    0.204426443421542,
    0.19398654816361474,
    0.21379558019147674,
    0.18461741139368001,
    0.18943582458964645,
    0.22129088960742455,
    0.17150061991577137,
    0.22262933771741522,
    0.20924485661750844,
    0.20067878871356812,
    0.2089771669955103,
    0.23280154335334435,
    0.2309277159993574,
    0.21968475187543574,
    0.21888168300944133,
    0.19157734156563153,
    0.180602067063708,
    0.21406326981347487,
    0.19077427269963712,
    0.20094647833556625,
    0.19880496135958117,
    0.19853727173758304,
    0.2277154405353798,
    0.22289702733941336,
    0.20308799531155133,
    0.21459864905747114,
    0.18515279063767628,
    0.19157734156563153,
    0.19264810005362407,
    0.21540171792346555,
    0.19639575476159796,
    0.19719882362759236,
    0.19184503118762966,
    0.19853727173758304,
    0.18970351421164458,
    0.2036233745555476,
    0.18649123874766696,
    0.19559268589560355,
    0.2073710292635215,
    0.18997120383364272,
    0.20174954720156066,
    0.19238041043162593,
    0.19318347929762034,
    0.20522951228753641,
    0.2036233745555476,
    0.21299251132548233,
    0.19398654816361474,
    0.21593709716746182,
    0.21566940754546368,
    0.16320224163382918,
    0.2255739235593947,
    0.20522951228753641,
    0.19238041043162593,
    0.1913096519436334,
    0.22610930280339098,
    0.22450316507140217,
    0.1814051359297024,
    0.21111868397149539,
    0.2135278905694786,
    0.18408203214968374,
    0.19960803022557558,
    0.17578365386774153,
    0.20014340946957185,
    0.1937188585416166,
    0.19559268589560355,
    0.1990726509815793,
    0.204426443421542,
    0.19532499627360542,
    0.2028203056895532,
    0.16694989634180307,
    0.19880496135958117,
    0.21540171792346555,
    0.174712895379749,
    0.20228492644555693,
    0.18649123874766696,
    0.2036233745555476,
    0.20389106417754574,
    0.19559268589560355,
    0.20603258115353082,
    0.21299251132548233,
    0.20389106417754574,
    0.1937188585416166,
    0.2020172368235588,
    0.18515279063767628,
    0.19853727173758304,
    0.2151340283014674,
    0.19773420287158863,
    0.2317307848653518,
    0.23146309524335368,
    0.18622354912566882,
    0.19934034060357744,
    0.19238041043162593,
    0.20924485661750844,
    0.1891681349676483,
    0.2028203056895532,
    0.18434972177168188,
    0.19880496135958117,
    0.18997120383364272,
    0.20469413304354014,
    0.2081740981295159,
    0.1838143425276856,
    0.21379558019147674,
    0.20630027077552895,
    0.2135278905694786
  ],
  "elapsed_s": 1840.6221869001165,
  "raw": {
    "mean": -5.854736328125,
    "sem": 0.011439116576229529,
    "rel_err": 0.1975668968578398,
    "parity_discard": 0.0,