{
  "N": 6,
  "h": 0.5,
  "L": 2,
  "exact": -5.522029570800216,
  "convergence_raw": [
    -0.22265625,
    0.2099609375,
    -0.0029296875,
    -0.208984375,
    -0.1796875,
    -0.1650390625,
    -0.1845703125,
    0.548828125,
    0.21484375,
    -0.0048828125,
    -0.7255859375,
    -0.923828125,
    -1.201171875,
    -2.35546875,
    -2.177734375,
    -2.158203125,
    -1.9560546875,
    -1.7119140625,
    -2.169921875,
    -2.2705078125,
    -2.232421875,
    -1.8330078125,
    -1.89453125,
    -2.345703125,
    -2.18359375,
    -2.3818359375,
    -2.705078125,
    -3.2919921875,
    -2.2841796875,
    -3.23828125,
    -2.439453125,
    -3.3671875,
    -4.2373046875,
    -3.6142578125,
    -4.3115234375,
    -3.9423828125,
    -4.1494140625,
    -3.9609375,
    -4.2802734375,
    -3.68359375,
    -4.1591796875,
    -3.75,
    -4.32421875,
    -3.8525390625,
    -4.0947265625,
    -4.021484375,
    -3.7578125,
    -4.3740234375,
    -4.244140625,
    -4.3017578125,
    -4.236328125,
    -4.3251953125,
    -4.23828125,
    -4.322265625,
    -4.228515625,
    -4.2333984375,
    -4.3720703125,
    -4.3212890625,
    -4.267578125,
    -4.2021484375,
    -4.265625,
    -4.23828125,
    -4.19921875,
    -4.2724609375,
    -4.2939453125,
    -4.3310546875,
    -4.3232421875,
    -4.24609375,
    -4.259765625,
    -4.2685546875,
    -4.2177734375,
    -4.306640625,
    -4.283203125,
    -4.3974609375,
    -4.373046875,
    -4.283203125,
    -4.3369140625,
    -4.267578125,
    -4.2763671875,
    -4.3115234375,
    -4.1845703125,
    -4.310546875,
    -4.2001953125,
    -4.3056640625,
    -4.275390625,
    -4.2353515625,
    -4.3447265625,
    -4.30078125,
    -4.3369140625,
    -4.2490234375,
    -4.3349609375,
    -4.3984375,
    -4.1435546875,
    -4.3330078125,
    -4.2783203125,
    -4.318359375,
    -4.29296875,
    -4.2490234375,
    -4.369140625,
    -4.373046875,
    -4.2451171875,
    -4.3642578125,
    -4.294921875,
    -4.2177734375,
    -4.1455078125,
    -4.259765625,
    -4.400390625,
    -4.2265625,
    -4.337890625,
    -4.353515625,
    -4.314453125,
    -4.201171875,
    -4.2392578125,
    -4.1669921875,
    -4.2158203125,
    -4.1982421875,
    -4.3896484375,
    -4.326171875,
    -4.318359375,
    -4.4462890625,
    -4.2451171875,
    -4.25390625,
    -4.3544921875,
    -4.265625,
    -4.341796875,
    -4.2822265625,
    -4.326171875,
    -4.279296875,
    -4.3427734375,
    -4.2392578125,
    -4.3994140625
  ],
  "convergence_rel": [
    0.9596785480509961,
    1.0380224217940168,
    0.9994694545796183,
    0.9621544266794436,
    0.96745988088326,
    0.9701126079851681,
    0.9665756385159572,
    1.0993888420848257,
    1.0389066641613196,
    0.9991157576326973,
    0.868601584218816,
    0.8327013441063256,
    0.7824763776435312,
    0.5734414820131684,
    0.6056279041829874,
    0.6091648736521982,
    0.6457725076585308,
    0.6899846260236667,
    0.6070426919706717,
    0.5888272992042357,
    0.5957243896691969,
    0.6680554153145593,
    0.656913961486545,
    0.5752099667477738,
    0.6045668133422241,
    0.5686665732297337,
    0.5101297285142937,
    0.40384379596450687,
    0.586351420575788,
    0.41357046200483677,
    0.5582325132955616,
    0.390226463508045,
    0.2326544736547005,
    0.3454837997225274,
    0.21921398967169917,
    0.2860627126397847,
    0.24857083626614943,
    0.2827025916440344,
    0.22487314082243656,
    0.33292755810682884,
    0.24680235153154398,
    0.3209018619115118,
    0.21691495951671208,
    0.30233277219815474,
    0.25847435077993985,
    0.27173798628948065,
    0.3194870741238275,
    0.20789568737022435,
    0.23141653434047668,
    0.22098247440630459,
    0.23283132212816102,
    0.21673811104325155,
    0.23247762518123993,
    0.21726865646363316,
    0.23424610991584538,
    0.23336186754854266,
    0.20824938431714543,
    0.21744550493709372,
    0.22717217097742362,
    0.23902101869928005,
    0.2275258679243447,
    0.23247762518123993,
    0.2395515641196617,
    0.2262879286101209,
    0.22239726219398895,
    0.21567702020248827,
    0.21709180799017264,
    0.2310628373935556,
    0.22858695876510798,
    0.2269953225039631,
    0.23619144312391135,
    0.22009823203900186,
    0.22434259540205492,
    0.2036513240071713,
    0.2080725358436849,
    0.22434259540205492,
    0.21461592936172502,
    0.22717217097742362,
    0.22558053471627873,
    0.21921398967169917,
    0.24220429122156986,
    0.2193908381451597,
    0.23937471564620114,
    0.22027508051246242,
    0.22575738318973929,
    0.23300817060162157,
    0.21320114157404066,
    0.22115932287976514,
    0.21461592936172502,
    0.23053229197317396,
    0.2149696263086461,
    0.20347447553371076,
    0.24963192710691268,
    0.2153233232555672,
    0.22522683776935765,
    0.21797605035747536,
    0.22257411066744948,
    0.23053229197317396,
    0.20877992973752707,
    0.2080725358436849,
    0.23123968586701613,
    0.2096641721048298,
    0.2222204137205284,
    0.23619144312391135,
    0.2492782301599916,
    0.22858695876510798,
    0.20312077858678967,
    0.23459980686276646,
    0.21443908088826447,
    0.21160950531289577,
    0.21868344425131753,
    0.2391978671727406,
    0.2323007767077794,
    0.24538756374385964,
    0.23654514007083244,
    0.23972841259312225,
    0.20506611179485565,
    0.216561262569791,
    0.21797605035747536,
    0.1948089003341441,
    0.23123968586701613,
    0.22964804960587124,
    0.21143265683943524,
    0.2275258679243447,
    0.2137316869944223,
    0.22451944387551548,
    0.216561262569791,
    0.2250499892958971,
    0.21355483852096174,
    0.2323007767077794,
    0.2032976270602502
  ],
  "elapsed_s": 1535.4849370000884,
  "raw": {
    "mean": -4.29903564453125,
    "sem": 0.009197170662211361,
    "rel_err": 0.22147543952607593,
    "parity_discard": 0.0,
    "cost": {
      "n_circuits_per_eval": 20,
      "overhead_circuits": 1.0,
      "overhead_amortised": 1.0,
      "shot_multiplier": 1.0,
      "measured_discard": 0.0,
      "overhead_effective": 1.0
    }
  },
  "readout": {
    "mean": -5.289476892813477,
    "sem": 0.011901093060191128,
    "rel_err": 0.04211362416754296,
    "parity_discard": 0.0,
    "cost": {
      "n_circuits_per_eval": 20,
      "overhead_circuits": 1.0,
      "overhead_amortised": 1.0375,
      "shot_multiplier": 1.0,
      "measured_discard": 0.0,
      "overhead_effective": 1.0375
    }
  },
  "parity": {
    "mean": -5.080536768020934,
    "sem": 0.00651524875743802,
    "rel_err": 0.07995118409250085,
    "parity_discard": 0.43726806640625,
    "cost": {
      "n_circuits_per_eval": 20,
      "overhead_circuits": 1.0,
      "overhead_amortised": 1.0,
      "shot_multiplier": 1.7770450552072714,
      "measured_discard": 0.43726806640625,
      "overhead_effective": 1.7770450552072714
    }
  },
  "zne": {
    "mean": -4.299035644531247,
    "sem": 0.02101055341050622,
    "rel_err": 0.2214754395260764,
    "parity_discard": 0.0,
    "cost": {
      "n_circuits_per_eval": 60,
      "overhead_circuits": 3.0,
      "overhead_amortised": 3.0,
      "shot_multiplier": 1.0,
      "measured_discard": 0.0,
      "overhead_effective": 3.0
    }
  },
  "ro+parity": {
    "mean": -5.931116896386207,
    "sem": 0.006397199155216763,
    "rel_err": 0.07408278429894559,
    "parity_discard": 0.36208238548831184,
    "cost": {
      "n_circuits_per_eval": 20,
      "overhead_circuits": 1.0,
      "overhead_amortised": 1.0375,
      "shot_multiplier": 1.5676005447278296,
      "measured_discard": 0.36208238548831184,
      "overhead_effective": 1.6263855651551233
    }
  },
  "ro+zne": {
    "mean": -5.2894768928134726,
    "sem": 0.02718755153820633,
    "rel_err": 0.042113624167543766,
    "parity_discard": 0.0,
    "cost": {
      "n_circuits_per_eval": 60,
      "overhead_circuits": 3.0,
      "overhead_amortised": 3.0375,
      "shot_multiplier": 1.0,
      "measured_discard": 0.0,