{
  "N": 6,
  "h": 2.0,
  "L": 3,
  "exact": -12.630964276492985,
  "convergence_raw": [
    -0.5078125,
    -0.369140625,
    -0.830078125,
    0.849609375,
    -0.09375,
    -0.421875,
    0.279296875,
    -0.28125,
    -0.51171875,
    -1.703125,
    -2.232421875,
    -2.3125,
    -2.17578125,
    -3.166015625,
    -3.041015625,
    -2.1328125,
    -3.173828125,
    -2.86328125,
    -2.1875,
    -4.677734375,
    -4.59765625,
    -4.439453125,
    -3.537109375,
    -4.53515625,
    -3.642578125,
    -4.12890625,
    -4.8125,
    -5.189453125,
    -5.234375,
    -4.732421875,
    -5.369140625,
    -4.265625,
    -5.4609375,
    -3.947265625,
    -5.2421875,
    -6.888671875,
    -6.02734375,
    -6.48828125,
    -5.369140625,
    -6.6640625,
    -5.689453125,
    -5.94140625,
    -7.203125,
    -7.25,
    -6.390625,
    -6.21484375,
    -7.513671875,
    -6.228515625,
    -7.34765625,
    -8.37890625,
    -7.025390625,
    -8.19921875,
    -7.775390625,
    -7.462890625,
    -8.44921875,
    -7.82421875,
    -7.775390625,
    -8.337890625,
    -8.408203125,
    -7.4765625,
    -8.583984375,
    -7.873046875,
    -8.34375,
    -7.234375,
    -8.25390625,
    -6.4375,
    -8.314453125,
    -8.244140625,
    -8.41015625,
    -8.916015625,
    -6.8046875,
    -8.833984375,
    -8.486328125,
    -8.701171875,
    -8.451171875,
    -8.638671875,
    -8.875,
    -8.662109375,
    -8.744140625,
    -8.298828125,
    -8.927734375,
    -8.548828125,
    -8.615234375,
    -8.6796875,
    -8.60546875,
    -9.068359375,
    -8.900390625,
    -8.890625,
    -8.859375,
    -8.9140625,
    -8.892578125,
    -8.58984375,
    -8.72265625,
    -8.751953125,
    -8.625,
    -8.76953125,
    -8.94921875,
    -9.068359375,
    -8.890625,
    -8.80078125,
    -9.162109375,
    -8.81640625,
    -8.97265625,
    -9.03125,
    -8.90234375,
    -8.7734375,
    -8.6171875,
    -8.716796875,
    -8.931640625,
    -8.8125,
    -8.875,
    -8.888671875,
    -8.8359375,
    -8.794921875,
    -8.79296875,
    -8.94921875,
    -8.900390625,
    -8.71875,
    -9.015625,
    -8.97265625,
    -8.9765625,
    -8.912109375,
    -9.1015625,
    -8.78125,
    -8.955078125,
    -9.05078125,
    -8.787109375,
    -8.634765625,
    -8.830078125,
    -9.0078125,
    -9.1640625,
    -8.806640625,
    -9.037109375,
    -8.77734375,
    -9.126953125,
    -8.91015625,
    -8.837890625,
    -8.79296875,
    -8.689453125,
    -8.740234375,
    -8.830078125,
    -8.947265625,
    -8.806640625,
    -8.58203125,
    -8.7890625,
    -9.109375,
    -8.701171875,
    -9.10546875,
    -8.65234375,
    -8.931640625,
    -8.654296875,
    -9.013671875,
    -8.83203125,
    -8.9453125,
    -8.904296875,
    -8.6328125,
    -8.736328125,
    -8.890625,
    -8.765625,
    -8.892578125,
    -8.88671875,
    -8.91796875,
    -9.025390625,
    -8.73046875,
    -8.95703125,
    -8.986328125,
    -8.94140625,
    -8.818359375,
    -8.87109375,
    -8.904296875,
    -8.76953125,
    -8.833984375,
    -8.73828125,
    -8.91015625,
    -8.8671875,
    -8.87109375,
    -8.671875,
    -8.814453125,
    -8.849609375,
    -8.984375,
    -8.685546875,
    -8.923828125,
    -8.865234375,
    -8.67578125,
    -8.751953125,
    -8.71875,
    -8.93359375,
    -8.87890625,
    -8.88671875,
    -8.755859375,
    -8.990234375,
    -8.72265625,
    -8.70703125,
    -8.880859375,
    -8.84765625
  ],
  "convergence_rel": [
    0.9597962207093665,
    0.9707749450541164,
    0.9342822838518491,
    1.0672640153516368,
    0.9925777638232677,
    0.9665999372047045,
    1.0221120786098483,
    0.977733291469803,
    0.9594869608686694,
    0.8651627094560292,
    0.8232580010415613,
    0.8169181743072691,
    0.8277422687316703,
    0.7493448991149351,
    0.7592412140172449,
    0.8311441269793394,
    0.7487263794335407,
    0.7733125367689666,
    0.8268144892095789,
    0.6296613407651263,
    0.6360011674994184,
    0.6485261910476542,
    0.719965214248703,
    0.6409493249505733,
    0.7116151985498791,
    0.6731123483830801,
    0.6189918762610734,
    0.5891483016337955,
    0.5855918134657779,
    0.6253317029953657,
    0.5749223489617252,
    0.6622882539586787,
    0.5676547427053414,
    0.687492930975499,
    0.5849732937843836,
    0.454620270930522,
    0.5228120658042503,
    0.486319404601983,
    0.5749223489617252,
    0.47240271177060983,
    0.5495630420245564,
    0.5296157822995883,
    0.42972485375439895,
    0.4260137356660328,
    0.4940509006194125,
    0.5079675934507857,
    0.40513869641897304,
    0.5068851840083455,
    0.4182822396486032,
    0.3366376417045476,
    0.44379617650612063,
    0.35086359437661785,
    0.38441828709226195,
    0.40915907434803644,
    0.3310709645719983,
    0.3805525390835472,
    0.38441828709226195,
    0.33988487003186796,
    0.3343181928993187,
    0.4080766649055963,
    0.3204015000679456,
    0.37668679107483244,
    0.3394209802708222,
    0.4272507750288215,
    0.3465339566068573,
    0.4903397825310463,
    0.34174042907605107,
    0.3473071062086003,
    0.3341635629789701,
    0.29411441360868523,
    0.46126935750551135,
    0.300608870263326,
    0.3281329960853751,
    0.31112370484703017,
    0.3309163346516497,
    0.31607186229818507,
    0.2973616419360056,
    0.31421630325400196,
    0.3077218465993612,
    0.34297746843883975,
    0.2931866340865937,
    0.3231848386342202,
    0.3179274213423681,
    0.31282463397086463,
    0.3187005709441111,
    0.2820532798214952,
    0.29535145297147397,
    0.2961246025732169,
    0.29859868129879436,
    0.2942690435290338,
    0.2959699726528683,
    0.3199376103068998,
    0.30942277572319565,
    0.3071033269179668,
    0.31715427174062516,
    0.3057116576348295,
    0.2914857049627592,
    0.2820532798214952,
    0.2961246025732169,
    0.30323757890925207,
    0.2746310436447629,
    0.30200053954646333,
    0.2896301459185761,
    0.2849912483081184,
    0.2951968230511254,
    0.3054023977941323,
    0.31777279142201953,
    0.30988666548424143,
    0.2928773742458965,
    0.3023097993871605,
    0.2973616419360056,
    0.29627923249356547,
    0.3004542403429774,
    0.30370146867029785,
    0.30385609859064644,
    0.2914857049627592,
    0.29535145297147397,
    0.30973203556389284,
    0.28622828767090713,
    0.2896301459185761,
    0.2893208860778789,
    0.2944236734493824,
    0.2794245711755691,
    0.30478387811273794,
    0.29102181520171344,
    0.28344494910463247,
    0.30431998835169216,
    0.31638112213888225,
    0.3009181301040232,
    0.2868468073523015,
    0.2744764137244143,
    0.3027736891482063,
    0.2845273585470726,
    0.3050931379534351,
    0.2774143822110375,
    0.294578303369731,
    0.3002996104226288,
    0.30385609859064644,
    0.3120514843691217,
    0.3080311064400584,
    0.3009181301040232,
    0.29164033488310775,
    0.3027736891482063,
    0.3205561299882942,
    0.3041653584313436,
    0.2788060514941748,
    0.31112370484703017,
    0.27911531133487194,
    0.3149894528557449,
    0.2928773742458965,
    0.31483482293539633,
    0.2863829175912557,
    0.3007635001836746,
    0.29179496480345635,
    0.2950421931307768,
    0.31653575205923085,
    0.30834036628075556,
    0.2961246025732169,
    0.3060209174755267,
    0.2959699726528683,
    0.29643386241391406,
    0.29395978368833664,
    0.28545513806916417,
    0.3088042560418013,
    0.29086718528136485,
    0.28854773647613596,
    0.29210422464415353,
    0.30184590962611474,
    0.2976709017767028,
    0.2950421931307768,
    0.3057116576348295,
    0.300608870263326,
    0.30818573636040697,
    0.294578303369731,
    0.2979801616174,
    0.2976709017767028,
    0.313443153652259,
    0.3021551694668119,
    0.2993718309005373,
    0.28870236639648456,
    0.3123607442098189,
    0.29349589392729086,
    0.2981347915377486,
    0.3131338938115618,
    0.3071033269179668,
    0.30973203556389284,
    0.2927227443255479,
    0.29705238209530843,
    0.29643386241391406,
