{
  "N": 8,
  "h": 1.0,
  "L": 2,
  "exact": -9.83795144745942,
  "convergence_raw": [
    0.044921875,
    0.447265625,
    -0.396484375,
    0.1015625,
    -0.6484375,
    -1.31640625,
    -1.89453125,
    -2.748046875,
    -1.58984375,
    -2.81640625,
    -3.208984375,
    -1.80078125,
    -2.826171875,
    -3.7578125,
    -3.837890625,
    -3.197265625,
    -3.361328125,
    -5.36328125,
    -4.158203125,
    -5.708984375,
    -5.33203125,
    -5.82421875,
    -6.189453125,
    -5.5234375,
    -5.99609375,
    -7.01171875,
    -6.322265625,
    -6.494140625,
    -6.60546875,
    -6.951171875,
    -6.41015625,
    -6.66796875,
    -6.439453125,
    -6.8671875,
    -7.263671875,
    -6.943359375,
    -6.908203125,
    -7.177734375,
    -7.22265625,
    -7.49609375,
    -7.21875,
    -7.71875,
    -7.06640625,
    -7.46484375,
    -7.169921875,
    -7.474609375,
    -7.630859375,
    -7.3515625,
    -7.498046875,
    -7.55078125,
    -7.583984375,
    -7.6171875,
    -7.55078125,
    -7.578125,
    -7.572265625,
    -7.6875,
    -7.75390625,
    -7.720703125,
    -7.634765625,
    -7.52734375,
    -7.65234375,
    -7.681640625,
    -7.751953125,
    -7.447265625,
    -7.5078125,
    -7.58203125,
    -7.42578125,
    -7.595703125,
    -7.52734375,
    -7.45703125,
    -7.671875,
    -7.6171875,
    -7.404296875,
    -7.662109375,
    -7.599609375,
    -7.515625,
    -7.767578125,
    -7.873046875,
    -7.556640625,
    -7.640625,
    -7.658203125,
    -7.833984375,
    -7.31640625,
    -7.6015625,
    -7.462890625,
    -7.533203125,
    -7.58984375,
    -7.48828125,
    -7.55078125,
    -7.490234375,
    -7.61328125,
    -7.595703125,
    -7.69140625,
    -7.478515625,
    -7.7734375,
    -7.748046875,
    -7.533203125,
    -7.525390625,
    -7.642578125,
    -7.587890625,
    -7.642578125,
    -7.666015625,
    -7.41796875,
    -7.671875,
    -7.658203125,
    -7.51171875,
    -7.5625,
    -7.701171875,
    -7.640625,
    -7.548828125,
    -7.783203125,
    -7.599609375,
    -7.689453125,
    -7.533203125,
    -7.818359375,
    -7.634765625,
    -7.58203125,
    -7.705078125,
    -7.708984375,
    -7.57421875,
    -7.681640625,
    -7.59375,
    -7.79296875,
    -7.62109375,
    -7.509765625,
    -7.43359375,
    -7.5390625,
    -7.4609375,
    -7.33984375,
    -7.607421875,
    -7.7265625,
    -7.62109375,
    -7.490234375,
    -7.408203125,
    -7.591796875,
    -7.66015625,
    -7.623046875,
    -7.36328125,
    -7.6015625,
    -7.623046875,
    -7.578125,
    -7.453125,
    -7.4140625,
    -7.443359375,
    -7.564453125,
    -7.287109375,
    -7.572265625,
    -7.54296875,
    -7.62109375
  ],
  "convergence_rel": [
    1.004566181815382,
    1.0454632885096726,
    0.9596984822381504,
    1.0103235414956462,
    0.9340881581431819,
    0.8661910198448933,
    0.8074262451773688,
    0.7206687906851112,
    0.8383968696643074,
    0.7137202531399648,
    0.6738157946664092,
    0.8169556680964268,
    0.7127276049192295,
    0.6180289646610903,
    0.6098892492510615,
    0.6750069725312915,
    0.6583304824229399,
    0.45483759717222133,
    0.5773303876109466,
    0.41969785015819483,
    0.45801407147857404,
    0.4079846011535193,
    0.37085955769802237,
    0.4385581663521639,
    0.3905139924685796,
    0.2872785775121175,
    0.3573595418960235,
    0.33988893321108377,
    0.32857274349470234,
    0.2934329964806758,
    0.3484257079094066,
    0.322219794881997,
    0.34544776324720095,
    0.30196977117899865,
    0.261668253417149,
    0.29422711505726395,
    0.29780064865191075,
    0.2704035577596189,
    0.2658373759442369,
    0.23804322576365095,
    0.266234435232531,
    0.2154108463308881,
    0.2817197474760003,
    0.24121970007000362,
    0.27119767633620706,
    0.24022705184926843,
    0.224344680317505,
    0.2527344194305321,
    0.2378446961195039,
    0.23248439572753377,
    0.22910939177703404,
    0.22573438782653432,
    0.23248439572753377,
    0.22970498070947518,
    0.2303005696419163,
    0.2185873206372408,
    0.21183731273624135,
    0.21521231668674107,
    0.22394762102921092,
    0.23486675145729827,
    0.22216085423188756,
    0.21918290956968192,
    0.2120358423803884,
    0.24300646686732702,
    0.2368520478987687,
    0.2293079214211811,
    0.24519029295294448,
    0.22791821391215178,
    0.23486675145729827,
    0.2420138186465918,
    0.22017555779041711,
    0.22573438782653432,
    0.24737411903856193,
    0.22116820601115234,
    0.2275211546238577,
    0.23605792932218053,
    0.21044760522721204,
    0.19972700444327177,
    0.23188880679509263,
    0.22335203209676982,
    0.22156526529944642,
    0.2036975973262126,
    0.25630795302517884,
    0.22732262497971065,
    0.24141822971415067,
    0.23427116252485713,
    0.2285138028445929,
    0.23883734434023912,
    0.23248439572753377,
    0.23863881469609208,
    0.2261314471148284,
    0.22791821391215178,
    0.2181902613489467,
    0.23982999256097434,
    0.20985201629477093,
    0.21243290166868248,
    0.23427116252485713,
    0.2350652811014453,
    0.22315350245262278,
    0.22871233248873996,
    0.22315350245262278,
    0.22077114672285825,
    0.24598441152953265,
    0.22017555779041711,
    0.22156526529944642,
    0.23645498861047462,
    0.2312932178626515,
    0.21719761312821148,
    0.22335203209676982,
    0.2326829253716808,
    0.2088593680740357,
    0.2275211546238577,
    0.21838879099309375,
    0.23427116252485713,
    0.20528583447938895,
    0.22394762102921092,
    0.2293079214211811,
    0.2168005538399174,
    0.21640349455162333,
    0.23010203999776926,
    0.21918290956968192,
    0.22811674355629882,
    0.2078667198533005,
    0.22533732853824023,
    0.23665351825462166,
    0.2443961743763563,
    0.23367557359241603,
    0.2416167593582977,
    0.25392559729541436,
    0.22672703604726954,
    0.21461672775429994,
    0.22533732853824023,
    0.23863881469609208,
    0.24697705975026787,
    0.22831527320044587,
    0.22136673565529938,
    0.2251387988940932,
    0.25154324156564983,
    0.22732262497971065,
    0.2251387988940932,
    0.22970498070947518,
    0.2424108779348859,
    0.24638147081782674,
    0.2434035261556211,
    0.23109468821850446,
    0.25928589768738447,
    0.2303005696419163,
    0.23327851430412194,
    0.22533732853824023
  ],
  "elapsed_s": 1670.2279600999318,
  "raw": {
    "mean": -7.5928955078125,
    "sem": 0.013250799738742606,
    "rel_err": 0.22820360027561315,
    "parity_discard": 0.0,
    "cost": {
      "n_circuits_per_eval": 20,
      "overhead_circuits": 1.0,
      "overhead_amortised": 1.0,
      "shot_multiplier": 1.0,
      "measured_discard": 0.0,
      "overhead_effective": 1.0
    }
  },
  "readout": {
    "mean": -9.120774743374522,
    "sem": 0.01615096243395718,
    "rel_err": 0.07289898795649201,
    "parity_discard": 0.0,
    "cost": {
      "n_circuits_per_eval": 20,
      "overhead_circuits": 1.0,
      "overhead_amortised": 1.05,
      "shot_multiplier": 1.0,
      "measured_discard": 0.0,
      "overhead_effective": 1.05
    }
  },
  "parity": {
    "mean": -7.914620972126391,
    "sem": 0.02406829342664961,
    "rel_err": 0.1955011148006544,
    "parity_discard": 0.495703125,
    "cost": {
      "n_circuits_per_eval": 20,
      "overhead_circuits": 1.0,
      "overhead_amortised": 1.0,
      "shot_multiplier": 1.9829589465530597,
      "measured_discard": 0.495703125,
      "overhead_effective": 1.9829589465530597
    }
  },
  "zne": {
    "mean": -7.592895507812509,
    "sem": 0.030270900243992375,
    "rel_err": 0.22820360027561226,
    "parity_discard": 0.0,
    "cost": {
      "n_circuits_per_eval": 60,
      "overhead_circuits": 3.0,
      "overhead_amortised": 3.0,
      "shot_multiplier": 1.0,
      "measured_discard": 0.0,
      "overhead_effective": 3.0
    }
  },
  "ro+parity": {
    "mean": -9.652187289154936,
    "sem": 0.03938024240690822,
    "rel_err": 0.01888240242865352,
    "parity_discard": 0.4905583773179485,