{
  "N": 8,
  "h": 0.5,
  "L": 2,
  "exact": -7.64059255359008,
  "convergence_raw": [
    -1.4306640625,
    -1.1181640625,
    -0.876953125,
    -1.626953125,
    -2.169921875,
    -2.26953125,
    -2.1123046875,
    -2.1953125,
    -2.2998046875,
    -1.943359375,
    -2.1123046875,
    -2.2646484375,
    -1.548828125,
    -2.6455078125,
    -1.9853515625,
    -2.09375,
    -2.2109375,
    -4.095703125,
    -3.3974609375,
    -4.2001953125,
    -4.52734375,
    -4.5302734375,
    -4.0361328125,
    -4.537109375,
    -3.44921875,
    -4.283203125,
    -3.9453125,
    -4.30859375,
    -4.4853515625,
    -5.017578125,
    -4.763671875,
    -5.154296875,
    -5.1982421875,
    -5.3671875,
    -5.0126953125,
    -4.9599609375,
    -5.3037109375,
    -5.5830078125,
    -5.2490234375,
    -5.2197265625,
    -5.265625,
    -5.5703125,
    -5.685546875,
    -5.2841796875,
    -5.09375,
    -5.2646484375,
    -5.54296875,
    -5.591796875,
    -5.0830078125,
    -5.2705078125,
    -5.1494140625,
    -5.7841796875,
    -5.494140625,
    -5.443359375,
    -5.7333984375,
    -5.677734375,
    -5.6025390625,
    -5.796875,
    -5.6650390625,
    -5.8779296875,
    -5.7607421875,
    -5.7119140625,
    -5.7119140625,
    -5.5654296875,
    -5.689453125,
    -5.708984375,
    -5.7138671875,
    -5.6279296875,
    -5.7021484375,
    -5.7744140625,
    -5.7744140625,
    -5.638671875,
    -5.84375,
    -5.6298828125,
    -5.634765625,
    -5.798828125,
    -5.7099609375,
    -5.7734375,
    -5.6376953125,
    -5.7197265625,
    -5.787109375,
    -5.771484375,
    -5.8916015625,
    -5.9189453125,
    -5.646484375,
    -5.857421875,
    -5.759765625,
    -5.81640625,
    -5.5869140625,
    -5.8046875,
    -5.7861328125,
    -5.6640625,
    -5.8017578125,
    -5.6962890625,
    -5.685546875,
    -5.7236328125,
    -5.607421875,
    -5.73828125,
    -5.787109375,
    -5.7314453125,
    -5.5703125,
    -5.810546875,
    -5.7197265625,
    -5.8623046875,
    -5.611328125,
    -5.7744140625,
    -5.5517578125,
    -5.7099609375,
    -5.6650390625,
    -5.740234375,
    -5.74609375,
    -5.7373046875,
    -5.8212890625,
    -5.8076171875,
    -5.8212890625,
    -5.630859375,
    -5.7939453125,
    -5.7890625,
    -5.806640625,
    -5.6201171875,
    -5.6220703125,
    -5.7509765625,
    -5.7646484375,
    -5.826171875,
    -5.7109375,
    -5.7666015625,
    -5.84375,
    -5.8544921875,
    -5.734375,
    -5.8916015625,
    -5.7314453125,
    -5.7470703125,
    -5.689453125,
    -5.7939453125,
    -5.724609375,
    -5.9150390625,
    -5.80859375,
    -5.7197265625,
    -5.6240234375,
    -5.7685546875,
    -5.7294921875,
    -5.6376953125,
    -5.68359375,
    -5.7373046875,
    -5.8330078125,
    -5.6044921875,
    -5.798828125,
    -5.7578125,
    -5.748046875,
    -5.7275390625,
    -5.787109375,
    -5.80859375,
    -5.7392578125,
    -5.671875,
    -5.923828125,
    -5.77734375,
    -5.66015625,
    -5.712890625
  ],
  "convergence_rel": [
    0.8127548285731092,
    0.8536547977585052,
    0.8852244614734827,
    0.7870645354285324,
    0.7160008389689069,
    0.7029639737910619,
    0.7235417707874643,
    0.7126777164725935,
    0.6990017892762267,
    0.745653316628319,
    0.7235417707874643,
    0.7036030358095837,
    0.7972895277248814,
    0.6537561983648824,
    0.7401573832690314,
    0.7259702064578472,
    0.7106327180133237,
    0.4639547788639044,
    0.5553406475125234,
    0.4502788516675376,
    0.40746169642657626,
    0.40707825921546315,
    0.47175133548987047,
    0.4061835723895326,
    0.5485665901161922,
    0.4394147973526668,
    0.4836378890343762,
    0.4360916748563534,
    0.4129576297858638,
    0.34329986976698634,
    0.3765310947301206,
    0.32540613324837564,
    0.3196545750816793,
    0.29754302924082465,
    0.34393893178550816,
    0.35084080158554376,
    0.3058508354816082,
    0.26929648802216055,
    0.3130083300890525,
    0.31684270220018335,
    0.3108355192260783,
    0.2709580492703173,
    0.2558761856332025,
    0.30840708355569546,
    0.3333305022780461,
    0.3109633316297827,
    0.2745367965740394,
    0.2681461763888213,
    0.3347364387187941,
    0.3101964572075565,
    0.32604519526689746,
    0.24296713285906194,
    0.28092741675925753,
    0.28757366175188437,
    0.24961337785168877,
    0.2568986848628374,
    0.26674023994807333,
    0.2413055716109052,
    0.25856024611099415,
    0.23069714210344314,
    0.24603463054796662,
    0.2524252507331847,
    0.2524252507331847,
    0.27159711128883907,
    0.25536493601838506,
    0.25280868794429784,
    0.252169625925776,
    0.2634171174517599,
    0.25370337477022836,
    0.24424525689610554,
    0.24424525689610554,
    0.2620111810110119,
    0.2351705762330958,
    0.2631614926443512,
    0.26252243062582936,
    0.24104994680349648,
    0.2526808755405935,
    0.24437306929980993,
    0.2621389934147163,
    0.25140275150354985,
    0.24258369564794885,
    0.24462869410721863,
    0.22890776845158206,
    0.22532902114785994,
    0.260988681781377,
    0.23338120258123476,
    0.24616244295167097,
    0.23874932353681796,
    0.26878523840734314,
    0.2402830723812703,
    0.2427115080516532,
    0.2586880585146985,
    0.2406665095923834,
    0.25447024919245453,
    0.2558761856332025,
    0.2508915018887324,
    0.2661011779295515,
    0.24897431583316695,
    0.24258369564794885,
    0.2498690026590975,
    0.2709580492703173,
    0.23951619795904414,
    0.25140275150354985,
    0.23274214056271295,
    0.26558992831473405,
    0.24424525689610554,
    0.27338648494070017,
    0.2526808755405935,
    0.25856024611099415,
    0.24871869102575822,
    0.24795181660353205,
    0.2491021282368713,
    0.23811026151829615,
    0.23989963517015722,
    0.23811026151829615,
    0.2630336802406468,
    0.2416890088220183,
    0.24232807084054012,
    0.2400274475738616,
    0.2644396166813948,
    0.26418399187398606,
    0.24731275458501026,
    0.24552338093314918,
    0.23747119949977435,
    0.2525530631368891,
    0.24526775612574045,
    0.2351705762330958,
    0.23376463979234785,
    0.24948556544798442,
    0.22890776845158206,
    0.2498690026590975,
    0.2478240041998277,
    0.25536493601838506,
    0.2416890088220183,
    0.25076368948502803,
    0.22584027076267738,
    0.23977182276645287,
    0.25140275150354985,
    0.26392836706657735,
    0.24501213131833172,
    0.2501246274665062,
    0.2621389934147163,
    0.25613181044061123,
    0.2491021282368713,
    0.2365765126738438,
    0.26648461514066457,
    0.24104994680349648,
    0.2464180677590797,
    0.24769619179612334,
    0.2503802522739149,
    0.24258369564794885,
    0.23977182276645287,
    0.2488465034294626,
    0.2576655592850636,
    0.22468995912933812,
    0.24386181968499246,
    0.25919930812951597,
    0.2522974383294804
  ],
  "elapsed_s": 2140.936500800017,
  "raw": {
    "mean": -5.72449951171875,
    "sem": 0.010258675732542166,
    "rel_err": 0.2507780683804448,
    "parity_discard": 0.0,
    "cost": {
      "n_circuits_per_eval": 20,
      "overhead_circuits": 1.0,
      "overhead_amortised": 1.0,
      "shot_multiplier": 1.0,
      "measured_discard": 0.0,
      "overhead_effective": 1.0
    }
  },
  "readout": {
    "mean": -7.193648478368817,
    "sem": 0.0119959883506539,
    "rel_err": 0.05849599649326385,
    "parity_discard": 0.0,
    "cost": {
      "n_circuits_per_eval": 20,
      "overhead_circuits": 1.0,
      "overhead_amortised": 1.05,
      "shot_multiplier": 1.0,
      "measured_discard": 0.0,
      "overhead_effective": 1.05
    }
  },
  "parity": {
    "mean": -6.678141264834098,
    "sem": 0.01045040708884475,
    "rel_err": 0.12596552976820574,
    "parity_discard": 0.443548583984375,
    "cost": {
      "n_circuits_per_eval": 20,
      "overhead_circuits": 1.0,
      "overhead_amortised": 1.0,
      "shot_multiplier": 1.7971020851385888,
      "measured_discard": 0.443548583984375,