{
  "N": 8,
  "h": 1.0,
  "L": 1,
  "exact": -9.83795144745942,
  "convergence_raw": [
    -1.451171875,
    -1.0546875,
    -1.375,
    -0.322265625,
    -1.345703125,
    -1.83203125,
    -1.234375,
    -0.853515625,
    -2.34375,
    -3.931640625,
    -5.1171875,
    -1.13671875,
    -4.982421875,
    -5.44140625,
    -5.49609375,
    -4.298828125,
    -5.494140625,
    -4.373046875,
    -5.046875,
    -4.90234375,
    -7.0625,
    -6.79296875,
    -6.93359375,
    -6.9609375,
    -6.947265625,
    -6.791015625,
    -7.15625,
    -6.884765625,
    -6.818359375,
    -6.912109375,
    -7.02734375,
    -6.91015625,
    -7.119140625,
    -6.953125,
    -6.8046875,
    -7.041015625,
    -7.08984375,
    -7.138671875,
    -7.04296875,
    -6.97265625,
    -6.947265625,
    -6.802734375,
    -6.98046875,
    -6.853515625,
    -7.07421875,
    -6.830078125,
    -6.97265625,
    -6.974609375,
    -6.7421875,
    -7.232421875,
    -6.79296875,
    -7.037109375,
    -7.099609375,
    -6.904296875,
    -7.2578125,
    -6.97265625,
    -7.111328125,
    -6.890625,
    -6.958984375,
    -6.896484375,
    -6.978515625,
    -6.833984375,
    -7.009765625,
    -6.96875,
    -7.064453125,
    -7.009765625,
    -6.92578125,
    -6.90625,
    -7.07421875,
    -7.126953125,
    -6.91796875,
    -6.93359375,
    -7.12890625,
    -6.86328125,
    -7.060546875,
    -7.076171875,
    -7.181640625,
    -7.01171875,
    -6.841796875
  ],
  "convergence_rel": [
    0.8524924743987474,
    0.8927939921605971,
    0.8602351305204821,
    0.967242608715738,
    0.8632130751826878,
    0.8137791937900741,
    0.8745292648990691,
    0.9132425455077424,
    0.7617644270235491,
    0.6003598263320035,
    0.4798523323347487,
    0.8844557471064213,
    0.4935508777808946,
    0.4468964114063396,
    0.44133758137022244,
    0.5630362532323595,
    0.4415361110143695,
    0.5554921267547719,
    0.4869993995240422,
    0.5016905931909234,
    0.2821168067642944,
    0.30951389765658627,
    0.2952197632779992,
    0.2924403482599406,
    0.29383005576896987,
    0.3097124273007333,
    0.27258738384523634,
    0.3001830043816752,
    0.30693301228267467,
    0.29740358936361666,
    0.28569034035894114,
    0.2976021190077637,
    0.27635944708403015,
    0.29323446683652876,
    0.308322719791704,
    0.28430063284991186,
    0.2793373917462358,
    0.2743741506425597,
    0.2841021032057648,
    0.2912491703950583,
    0.29383005576896987,
    0.308521249435851,
    0.29045505181847014,
    0.30335947868802793,
    0.28092562889941214,
    0.30574183441779246,
    0.2912491703950583,
    0.2910506407509113,
    0.31467566840440936,
    0.2648447277235017,
    0.30951389765658627,
    0.28469769213820595,
    0.2783447435255006,
    0.29819770794020484,
    0.26226384234959016,
    0.2912491703950583,
    0.27715356566061833,
    0.2995874154492341,
    0.29263887790408766,
    0.298991826516793,
    0.2906535814626172,
    0.30534477512949837,
    0.2874771071562645,
    0.2916462296833524,
    0.28191827712014733,
    0.2874771071562645,
    0.2960138818545874,
    0.29799917829605777,
    0.28092562889941214,
    0.275565328507442,
    0.2968080004311755,
    0.2952197632779992,
    0.27536679886329496,
    0.30236683046729274,
    0.2823153364084414,
    0.28072709925526507,
    0.2700064984713248,
    0.2872785775121175,
    0.3045506565529102
  ],
  "elapsed_s": 1438.0850483000395,
  "raw": {
    "mean": -6.968017578125,
    "sem": 0.009917573305032231,
    "rel_err": 0.29172067829990755,
    "parity_discard": 0.0,
    "cost": {
      "n_circuits_per_eval": 20,
      "overhead_circuits": 1.0,
      "overhead_amortised": 1.0,
      "shot_multiplier": 1.0,
      "measured_discard": 0.0,
      "overhead_effective": 1.0
    }
  },
  "readout": {
    "mean": -8.531822940030704,
    "sem": 0.011389314344935593,
    "rel_err": 0.13276427662854684,
    "parity_discard": 0.0,
    "cost": {
      "n_circuits_per_eval": 20,
      "overhead_circuits": 1.0,
      "overhead_amortised": 1.05,
      "shot_multiplier": 1.0,
      "measured_discard": 0.0,
      "overhead_effective": 1.05
    }
  },
  "parity": {
    "mean": -7.520978164828003,
    "sem": 0.01517122642369484,
    "rel_err": 0.2355137952250982,
    "parity_discard": 0.4833984375,
    "cost": {
      "n_circuits_per_eval": 20,
      "overhead_circuits": 1.0,
      "overhead_amortised": 1.0,
      "shot_multiplier": 1.9357277882797732,
      "measured_discard": 0.4833984375,
      "overhead_effective": 1.9357277882797732
    }
  },
  "zne": {
    "mean": -6.98291320800781,
    "sem": 0.022911432261776252,
    "rel_err": 0.29020657956071766,
    "parity_discard": 0.0,
    "cost": {
      "n_circuits_per_eval": 60,
      "overhead_circuits": 3.0,
      "overhead_amortised": 3.0,
      "shot_multiplier": 1.0,
      "measured_discard": 0.0,
      "overhead_effective": 3.0
    }
  },
  "ro+parity": {
    "mean": -9.251051873976532,
    "sem": 0.03369621090181595,
    "rel_err": 0.05965668529848756,
    "parity_discard": 0.4616467729186288,
    "cost": {
      "n_circuits_per_eval": 20,
      "overhead_circuits": 1.0,
      "overhead_amortised": 1.05,
      "shot_multiplier": 1.8575164960399724,
      "measured_discard": 0.4616467729186288,
      "overhead_effective": 1.9503923208419711
    }
  },
  "ro+zne": {
    "mean": -8.551812424978975,
    "sem": 0.026883013932883552,
    "rel_err": 0.13073240189781388,
    "parity_discard": 0.0,
    "cost": {
      "n_circuits_per_eval": 60,
      "overhead_circuits": 3.0,
      "overhead_amortised": 3.05,
      "shot_multiplier": 1.0,
      "measured_discard": 0.0,
      "overhead_effective": 3.05
    }
  },
  "parity+zne": {
    "mean": -7.51799742925715,
    "sem": 0.03673075885524707,
    "rel_err": 0.23581677858365327,
    "parity_discard": 0.48462320963541666,
    "cost": {
      "n_circuits_per_eval": 60,
      "overhead_circuits": 3.0,
      "overhead_amortised": 3.0,
      "shot_multiplier": 1.9403279672190683,
      "measured_discard": 0.48462320963541666,
      "overhead_effective": 5.820983901657205
    }
  },
  "ro+parity+zne": {
    "mean": -9.227001348578776,
    "sem": 0.08137027666327468,
    "rel_err": 0.06210135332985574,
    "parity_discard": 0.4644082334481745,
    "cost": {
      "n_circuits_per_eval": 60,
      "overhead_circuits": 3.0,
      "overhead_amortised": 3.05,
      "shot_multiplier": 1.8670936755396088,
      "measured_discard": 0.4644082334481745,
      "overhead_effective": 5.694635710395807
    }
  }
}