{
  "N": 8,
  "h": 1.0,
  "L": 1,
  "exact": -9.83795144745942,
  "convergence_raw": [
    -1.5078125,
    -1.0546875,
    -1.365234375,
    -0.30859375,
    -1.353515625,
    -1.86328125,
    -1.26953125,
    -0.833984375,
    -2.384765625,
    -3.88671875,
    -4.701171875,
    -3.4453125,
    -3.91796875,
    -3.39453125,
    -4.4296875,
    -5.744140625,
    -5.302734375,
    -5.046875,
    -6.4609375,
    -6.29296875,
    -6.185546875,
    -6.017578125,
    -5.498046875,
    -5.740234375,
    -6.23828125,
    -6.193359375,
    -6.30078125,
    -6.373046875,
    -6.01953125,
    -6.162109375,
    -6.18359375,
    -6.20703125,
    -6.375,
    -6.22265625,
    -5.96875,
    -6.353515625,
    -6.30859375,
    -6.2421875,
    -6.328125,
    -6.404296875,
    -6.171875,
    -6.130859375,
    -6.3125,
    -6.287109375,
    -6.177734375,
    -6.203125,
    -6.3125,
    -6.21484375,
    -6.083984375,
    -6.451171875,
    -6.244140625,
    -6.419921875,
    -6.388671875,
    -6.23046875,
    -6.28515625,
    -6.14453125,
    -6.353515625,
    -6.24609375,
    -6.08984375,
    -6.17578125,
    -6.205078125,
    -6.099609375,
    -6.099609375,
    -6.259765625,
    -6.212890625,
    -6.19921875,
    -6.142578125,
    -6.130859375,
    -6.345703125,
    -6.287109375,
    -6.01171875,
    -6.330078125,
    -6.26171875,
    -6.22265625,
    -6.361328125,
    -6.40234375,
    -6.26953125,
    -6.40234375,
    -6.0546875,
    -6.19140625,
    -6.203125,
    -6.171875,
    -6.21875,
    -6.38671875
  ],
  "convergence_rel": [
    0.8467351147184832,
    0.8927939921605971,
    0.8612277787412173,
    0.9686323162247673,
    0.8624189566060996,
    0.8106027194837214,
    0.8709557313044224,
    0.9152278419492128,
    0.7575953044964612,
    0.6049260081473855,
    0.5221391465380687,
    0.6497937077246171,
    0.6017495338410328,
    0.6549554784724402,
    0.5497347670745076,
    0.41612431656354804,
    0.46099201614077967,
    0.4869993995240422,
    0.3432639371615835,
    0.3603374865582291,
    0.37125661698631646,
    0.38833016638296214,
    0.4411390517260754,
    0.4165213758518421,
    0.3658963165943463,
    0.3704624984097283,
    0.35954336798164094,
    0.3521977711482004,
    0.38813163673881507,
    0.373638972716081,
    0.3714551466304635,
    0.369072790900699,
    0.3519992415040533,
    0.36748455374752265,
    0.39329340748663816,
    0.35418306758967083,
    0.35874924940505276,
    0.3654992573060522,
    0.3567639529635824,
    0.3490212968418477,
    0.37264632449534574,
    0.37681544702243364,
    0.3583521901167587,
    0.3609330754906703,
    0.37205073556290463,
    0.3694698501889931,
    0.3583521901167587,
    0.3682786723241108,
    0.38158015848196264,
    0.3442565853823187,
    0.3653007276619052,
    0.3474330596886714,
    0.35060953399502404,
    0.36669043517093447,
    0.3611316051348173,
    0.37542573951340436,
    0.35418306758967083,
    0.3651021980177581,
    0.38098456954952153,
    0.37224926520705165,
    0.369271320544846,
    0.37999192132878634,
    0.37999192132878634,
    0.36371249050872884,
    0.36847720196825784,
    0.3698669094772872,
    0.37562426915755137,
    0.37681544702243364,
    0.35497718616625895,
    0.3609330754906703,
    0.38892575531540324,
    0.3565654233194353,
    0.3635139608645818,
    0.36748455374752265,
    0.35338894901308265,
    0.34921982648599476,
    0.36271984228799364,
    0.34921982648599476,
    0.38455810314416833,
    0.37066102805387535,
    0.3694698501889931,
    0.37264632449534574,
    0.36788161303581673,
    0.3508080636391711
  ],
  "elapsed_s": 1101.4790567001328,
  "raw": {
    "mean": -6.218701171875,
    "sem": 0.013902388475886889,
    "rel_err": 0.36788657627692045,
    "parity_discard": 0.0,
    "cost": {
      "n_circuits_per_eval": 20,
      "overhead_circuits": 1.0,
      "overhead_amortised": 1.0,
      "shot_multiplier": 1.0,
      "measured_discard": 0.0,
      "overhead_effective": 1.0
    }
  },
  "readout": {
    "mean": -7.721902932423044,
    "sem": 0.01680602087789718,
    "rel_err": 0.21509035964828124,
    "parity_discard": 0.0,
    "cost": {
      "n_circuits_per_eval": 20,
      "overhead_circuits": 1.0,
      "overhead_amortised": 1.05,
      "shot_multiplier": 1.0,
      "measured_discard": 0.0,
      "overhead_effective": 1.05
    }
  },
  "parity": {
    "mean": -6.652907192583768,
    "sem": 0.01616675220915632,
    "rel_err": 0.32375075968667905,
    "parity_discard": 0.493475341796875,
    "cost": {
      "n_circuits_per_eval": 20,
      "overhead_circuits": 1.0,
      "overhead_amortised": 1.0,
      "shot_multiplier": 1.9742375495547604,
      "measured_discard": 0.493475341796875,
      "overhead_effective": 1.9742375495547604
    }
  },
  "zne": {
    "mean": -6.218701171875001,
    "sem": 0.031759427582046855,
    "rel_err": 0.36788657627692034,
    "parity_discard": 0.0,
    "cost": {
      "n_circuits_per_eval": 60,
      "overhead_circuits": 3.0,
      "overhead_amortised": 3.0,
      "shot_multiplier": 1.0,
      "measured_discard": 0.0,
      "overhead_effective": 3.0
    }
  },
  "ro+parity": {
    "mean": -8.425374082792679,
    "sem": 0.030856032186796042,
    "rel_err": 0.14358450254717695,
    "parity_discard": 0.4846404564463579,
    "cost": {
      "n_circuits_per_eval": 20,
      "overhead_circuits": 1.0,
      "overhead_amortised": 1.05,
      "shot_multiplier": 1.9403929014383592,
      "measured_discard": 0.4846404564463579,
      "overhead_effective": 2.0374125465102773
    }
  },
  "ro+zne": {
    "mean": -7.721902932423038,
    "sem": 0.03839265489809247,
    "rel_err": 0.21509035964828177,
    "parity_discard": 0.0,
    "cost": {
      "n_circuits_per_eval": 60,
      "overhead_circuits": 3.0,
      "overhead_amortised": 3.05,
      "shot_multiplier": 1.0,
      "measured_discard": 0.0,
      "overhead_effective": 3.05
    }
  },
  "parity+zne": {
    "mean": -6.65290719258377,
    "sem": 0.036932272243301804,
    "rel_err": 0.3237507596866789,
    "parity_discard": 0.4934753417968751,
    "cost": {
      "n_circuits_per_eval": 60,
      "overhead_circuits": 3.0,
      "overhead_amortised": 3.0,
      "shot_multiplier": 1.9742375495547608,
      "measured_discard": 0.4934753417968751,
      "overhead_effective": 5.922712648664282
    }
  },
  "ro+parity+zne": {
    "mean": -8.425374082792683,
    "sem": 0.0704893206951865,
    "rel_err": 0.14358450254717658,
    "parity_discard": 0.48464045644635795,
    "cost": {
      "n_circuits_per_eval": 60,
      "overhead_circuits": 3.0,
      "overhead_amortised": 3.05,
      "shot_multiplier": 1.9403929014383594,
      "measured_discard": 0.48464045644635795,
      "overhead_effective": 5.918198349386996
    }
  }
}