{
  "N": 8,
  "h": 2.0,
  "L": 2,
  "exact": -16.885141493208188,
  "convergence_raw": [
    -0.15234375,
    -0.30078125,
    -2.09765625,
    -1.1953125,
    -1.146484375,
    -2.052734375,
    -3.537109375,
    -1.501953125,
    -3.224609375,
    -4.634765625,
    -2.470703125,
    -5.271484375,
    -3.607421875,
    -6.05859375,
    -4.369140625,
    -5.767578125,
    -5.029296875,
    -9.12109375,
    -8.69921875,
    -8.90234375,
    -9.501953125,
    -9.75,
    -8.66796875,
    -8.935546875,
    -10.02734375,
    -9.814453125,
    -10.126953125,
    -8.853515625,
    -10.34375,
    -10.37109375,
    -9.00390625,
    -10.068359375,
    -8.970703125,
    -10.98046875,
    -11.060546875,
    -10.048828125,
    -10.6875,
    -9.8984375,
    -10.68359375,
    -9.3828125,
    -10.0546875,
    -11.35546875,
    -10.263671875,
    -11.01171875,
    -10.419921875,
    -11.041015625,
    -9.31640625,
    -10.443359375,
    -8.9921875,
    -10.2734375,
    -9.7109375,
    -11.15234375,
    -10.82421875,
    -10.6640625,
    -10.958984375,
    -10.931640625,
    -10.82421875,
    -11.060546875,
    -11.248046875,
    -10.578125,
    -10.89453125,
    -11.111328125,
    -10.896484375,
    -11.203125,
    -11.162109375,
    -11.048828125,
    -10.857421875,
    -10.892578125,
    -10.853515625,
    -10.990234375,
    -11.109375,
    -10.970703125,
    -10.9453125,
    -10.98046875,
    -10.91796875,
    -10.705078125,
    -10.541015625,
    -10.693359375,
    -10.904296875,
    -10.837890625,
    -10.755859375,
    -10.90234375,
    -11.0546875,
    -10.744140625,
    -10.841796875,
    -10.8046875,
    -10.87109375,
    -10.73046875,
    -10.798828125,
    -10.8203125,
    -10.73046875,
    -11.123046875,
    -10.806640625,
    -11.013671875,
    -11.005859375,
    -10.931640625,
    -10.92578125,
    -11.03125,
    -10.6484375,
    -11.314453125,
    -11.08203125,
    -10.990234375,
    -10.9296875,
    -10.802734375,
    -10.958984375,
    -11.080078125,
    -10.779296875,
    -11.22265625,
    -11.224609375,
    -10.8125,
    -10.8515625,
    -10.99609375,
    -10.89453125,
    -10.78515625,
    -10.86328125,
    -11.12109375,
    -10.837890625,
    -11.173828125,
    -10.974609375,
    -10.9375,
    -10.876953125,
    -11.091796875,
    -10.6015625,
    -11.224609375,
    -10.845703125,
    -11.1015625,
    -11.130859375,
    -10.771484375,
    -10.759765625,
    -10.896484375,
    -10.849609375,
    -10.876953125,
    -10.7890625,
    -10.94140625,
    -11.01953125,
    -10.640625,
    -10.755859375,
    -11.251953125,
    -10.791015625,
    -10.53125,
    -10.958984375,
    -10.744140625,
    -11.044921875,
    -11.0,
    -10.8046875,
    -10.75390625,
    -10.630859375,
    -10.72265625,
    -10.794921875
  ],
  "convergence_rel": [
    0.9909776444537775,
    0.982186631357458,
    0.875769104402012,
    0.9292092103296382,
    0.9321009909534275,
    0.8784295425758982,
    0.7905194116127038,
    0.9110488280122414,
    0.8090268076049553,
    0.7255121831899206,
    0.853675900436262,
    0.6878033638557083,
    0.7863552475144473,
    0.6411878602002249,
    0.7412434697833343,
    0.658422872718009,
    0.7021465957497031,
    0.4598153794761606,
    0.48480036406570004,
    0.47277055667073664,
    0.43725949061060415,
    0.4225692450417545,
    0.4866511036649252,
    0.4708041458465599,
    0.4061439310986314,
    0.41875209461835267,
    0.40024469862610124,
    0.4756623372945259,
    0.38740519265647677,
    0.38578579550715475,
    0.4667556529732549,
    0.40371483537464836,
    0.4687220637974316,
    0.34969637332226444,
    0.34495385309925,
    0.4048715476241641,
    0.3670470570650002,
    0.4137782319454351,
    0.3672783995149033,
    0.44431543533265,
    0.4045245339493094,
    0.3274874981315627,
    0.39214771287949124,
    0.3478456337230393,
    0.3828940148833655,
    0.3461105653487657,
    0.44824825698100346,
    0.3815059601839466,
    0.4674496803229643,
    0.39156935675473337,
    0.42488266954078596,
    0.33951730552652615,
    0.3589500713183902,
    0.368435111764419,
    0.35096875679673173,
    0.3525881539460537,
    0.3589500713183902,
    0.34495385309925,
    0.3338494155038991,
    0.37352464566228816,
    0.3547859072201336,
    0.3419464012505091,
    0.354670235995182,
    0.33650985367778524,
    0.3389389494017683,
    0.34564788044895944,
    0.35698366049421343,
    0.35490157844508513,
    0.35721500294411657,
    0.34911801719750657,
    0.3420620724754607,
    0.3502747294470223,
    0.35177845537139274,
    0.34969637332226444,
    0.3533978525207147,
    0.36600601604043603,
    0.37572239893636805,
    0.36670004339014545,
    0.3542075510953757,
    0.3581403727437292,
    0.3629985641916952,
    0.3543232223203273,
    0.3453008667741047,
    0.3636925915414046,
    0.35790903029382604,
    0.3601067835679059,
    0.3561739619195524,
    0.3645022901160656,
    0.3604537972427606,
    0.3591814137682933,
    0.3645022901160656,
    0.3412523739007997,
    0.3599911123429543,
    0.34772996249808774,
    0.348192647397894,
    0.3525881539460537,
    0.35293516762090843,
    0.3466889214735236,
    0.3693604815640316,
    0.32991659385554567,
    0.3436814696247827,
    0.34911801719750657,
    0.3527038251710053,
    0.36022245479285747,
    0.35096875679673173,
    0.3437971408497343,
    0.3616105094922763,
    0.33535314142826955,
    0.33523747020331796,
    0.3596440986680996,
    0.35733067416906816,
    0.34877100352265183,
    0.3547859072201336,
    0.3612634958174216,
    0.35663664681935875,
    0.34136804512575125,
    0.3581403727437292,
    0.33824492205205886,
    0.3500433869971191,
    0.352241140271199,
    0.35582694824469774,
    0.34310311350002487,
    0.37213659096286933,
    0.33523747020331796,
    0.3576776878439229,
    0.342524757375267,
    0.34078968900099343,
    0.3620731943920826,
    0.36276722174179205,
    0.354670235995182,
    0.3574463453940197,
    0.35582694824469774,
    0.3610321533675184,
    0.3520097978212959,
    0.347382948823233,
    0.3698231664638379,
    0.3629985641916952,
    0.333618073053996,
    0.3609164821425669,
    0.3763007550611259,
    0.35096875679673173,
    0.3636925915414046,
    0.3458792228988626,
    0.3485396610727487,
    0.3601067835679059,
    0.3631142354166467,
    0.37040152258859577,
    0.3649649750158719,
    0.36068513969266375
  ],
  "elapsed_s": 1663.7888396997005,
  "raw": {
    "mean": -10.923681640625,
    "sem": 0.022722170285904196,
    "rel_err": 0.35305951418773135,
    "parity_discard": 0.0,
    "cost": {
      "n_circuits_per_eval": 20,
      "overhead_circuits": 1.0,
      "overhead_amortised": 1.0,
      "shot_multiplier": 1.0,
      "measured_discard": 0.0,
      "overhead_effective": 1.0
    }
  },
  "readout": {
    "mean": -12.529149295256628,
    "sem": 0.027339434752689913,
    "rel_err": 0.2579778321492714,
    "parity_discard": 0.0,
    "cost": {
      "n_circuits_per_eval": 20,
      "overhead_circuits": 1.0,
      "overhead_amortised": 1.05,
      "shot_multiplier": 1.0,
      "measured_discard": 0.0,
      "overhead_effective": 1.05
    }
  },
  "parity": {
    "mean": -11.249243507955947,
    "sem": 0.022801555855773308,
    "rel_err": 0.3337785465119852,
    "parity_discard": 0.49527587890625,
    "cost": {
      "n_circuits_per_eval": 20,
      "overhead_circuits": 1.0,
      "overhead_amortised": 1.0,
      "shot_multiplier": 1.9812803830991366,
      "measured_discard": 0.49527587890625,
      "overhead_effective": 1.9812803830991366
    }
  },
  "zne": {
    "mean": -10.923681640624997,
    "sem": 0.05190785187406977,
    "rel_err": 0.35305951418773157,
    "parity_discard": 0.0,
    "cost": {
      "n_circuits_per_eval": 60,
      "overhead_circuits": 3.0,
      "overhead_amortised": 3.0,
      "shot_multiplier": 1.0,
      "measured_discard": 0.0,
      "overhead_effective": 3.0
    }
  },
  "ro+parity": {
    "mean": -13.07278254746573,
    "sem": 0.029473248926307507,