{
  "N": 8,
  "h": 0.5,
  "L": 1,
  "exact": -7.64059255359008,
  "convergence_raw": [
    0.1787109375,
    0.7744140625,
    -0.1494140625,
    -0.2958984375,
    -0.6240234375,
    -0.3037109375,
    -0.69140625,
    -0.1591796875,
    -0.8330078125,
    -1.5107421875,
    -2.232421875,
    -1.43359375,
    -3.1220703125,
    -3.0576171875,
    -3.294921875,
    -3.2021484375,
    -3.0830078125,
    -3.974609375,
    -4.3798828125,
    -4.3427734375,
    -3.8486328125,
    -4.8056640625,
    -5.431640625,
    -4.4716796875,
    -5.494140625,
    -5.8095703125,
    -5.45703125,
    -5.892578125,
    -4.677734375,
    -5.4091796875,
    -5.3916015625,
    -5.3271484375,
    -5.775390625,
    -5.3974609375,
    -5.654296875,
    -5.6748046875,
    -5.673828125,
    -5.53125,
    -5.7626953125,
    -5.81640625,
    -5.880859375,
    -5.734375,
    -5.654296875,
    -5.857421875,
    -5.728515625,
    -5.83203125,
    -5.763671875,
    -5.685546875,
    -5.791015625,
    -5.90234375,
    -5.6455078125,
    -5.701171875,
    -5.7841796875,
    -5.6845703125,
    -5.767578125,
    -5.5546875,
    -5.640625,
    -5.716796875,
    -5.6533203125,
    -5.7734375,
    -5.8857421875,
    -5.5888671875,
    -5.7685546875,
    -5.62109375,
    -5.642578125,
    -5.7626953125,
    -5.8525390625,
    -5.728515625,
    -5.80859375,
    -5.89453125,
    -5.673828125,
    -5.802734375,
    -5.701171875,
    -5.65625,
    -5.7646484375,
    -5.6640625,
    -5.771484375,
    -5.6494140625,
    -5.845703125,
    -5.662109375,
    -5.73828125,
    -5.71875,
    -5.814453125
  ],
  "convergence_rel": [
    1.0233896698778984,
    1.1013552361375594,
    0.9804447022332325,
    0.9612728416775782,
    0.9183278740329125,
    0.9602503424479433,
    0.9095088181773114,
    0.9791665781961889,
    0.8909760196401789,
    0.8022742114693515,
    0.7078208451318277,
    0.8123713913619961,
    0.5913837453571537,
    0.5998193640016416,
    0.5687609499014815,
    0.580903128253396,
    0.5964962415053281,
    0.4798035169232453,
    0.42676136938593495,
    0.43161824072670074,
    0.49629131700110807,
    0.371035161370833,
    0.2891074105963367,
    0.4147470034377249,
    0.28092741675925753,
    0.23964401036274852,
    0.2857842881000233,
    0.2287799560478777,
    0.38777858625610445,
    0.29204709588153704,
    0.29434771914821556,
    0.3027833377927035,
    0.2441174444924012,
    0.2935808447259894,
    0.25996618255174214,
    0.2572821220739505,
    0.25740993447765487,
    0.2760705454184918,
    0.2457790057405579,
    0.23874932353681796,
    0.23031370489233005,
    0.24948556544798442,
    0.25996618255174214,
    0.23338120258123476,
    0.25025243987021056,
    0.23670432507754818,
    0.24565119333685353,
    0.2558761856332025,
    0.24207244603313138,
    0.2275018320108341,
    0.26111649418508137,
    0.2538311871739327,
    0.24296713285906194,
    0.2560039980369069,
    0.2451399437220361,
    0.27300304772958706,
    0.2617555562036032,
    0.2517861887146629,
    0.2600939949554465,
    0.24437306929980993,
    0.22967464287380823,
    0.2685296135999344,
    0.24501213131833172,
    0.2643118042776904,
    0.2614999313961945,
    0.2457790057405579,
    0.23402026459975656,
    0.25025243987021056,
    0.23977182276645287,
    0.22852433124046898,
    0.25740993447765487,
    0.24053869718867904,
    0.2538311871739327,
    0.2597105577443334,
    0.24552338093314918,
    0.2586880585146985,
    0.24462869410721863,
    0.2606052445702639,
    0.2349149514256871,
    0.2589436833221072,
    0.24897431583316695,
    0.2515305639072542,
    0.2390049483442267
  ],
  "elapsed_s": 1204.4283447000198,
  "raw": {
    "mean": -5.73095703125,
    "sem": 0.008291620922122182,
    "rel_err": 0.24993290886094968,
    "parity_discard": 0.0,
    "cost": {
      "n_circuits_per_eval": 20,
      "overhead_circuits": 1.0,
      "overhead_amortised": 1.0,
      "shot_multiplier": 1.0,
      "measured_discard": 0.0,
      "overhead_effective": 1.0
    }
  },
  "readout": {
    "mean": -7.266384078954106,
    "sem": 0.00939168647005874,
    "rel_err": 0.04897636826088119,
    "parity_discard": 0.0,
    "cost": {
      "n_circuits_per_eval": 20,
      "overhead_circuits": 1.0,
      "overhead_amortised": 1.05,
      "shot_multiplier": 1.0,
      "measured_discard": 0.0,
      "overhead_effective": 1.05
    }
  },
  "parity": {
    "mean": -6.774942370053142,
    "sem": 0.010728277712456746,
    "rel_err": 0.11329621066237797,
    "parity_discard": 0.42520751953125,
    "cost": {
      "n_circuits_per_eval": 20,
      "overhead_circuits": 1.0,
      "overhead_amortised": 1.0,
      "shot_multiplier": 1.739758319706076,
      "measured_discard": 0.42520751953125,
      "overhead_effective": 1.739758319706076
    }
  },
  "zne": {
    "mean": -5.7309570312499964,
    "sem": 0.018941862736081016,
    "rel_err": 0.24993290886095013,
    "parity_discard": 0.0,
    "cost": {
      "n_circuits_per_eval": 60,
      "overhead_circuits": 3.0,
      "overhead_amortised": 3.0,
      "shot_multiplier": 1.0,
      "measured_discard": 0.0,
      "overhead_effective": 3.0
    }
  },
  "ro+parity": {
    "mean": -7.837839706680479,
    "sem": 0.026103402699466326,
    "rel_err": 0.025815687946574063,
    "parity_discard": 0.3355104450256575,
    "cost": {
      "n_circuits_per_eval": 20,
      "overhead_circuits": 1.0,
      "overhead_amortised": 1.05,
      "shot_multiplier": 1.5049145505960773,
      "measured_discard": 0.3355104450256575,
      "overhead_effective": 1.5801602781258812
    }
  },
  "ro+zne": {
    "mean": -7.266384078954111,
    "sem": 0.021454916673956034,
    "rel_err": 0.0489763682608805,
    "parity_discard": 0.0,
    "cost": {
      "n_circuits_per_eval": 60,
      "overhead_circuits": 3.0,
      "overhead_amortised": 3.05,
      "shot_multiplier": 1.0,
      "measured_discard": 0.0,
      "overhead_effective": 3.05
    }
  },
  "parity+zne": {
    "mean": -6.774942370053142,
    "sem": 0.024508303711972143,
    "rel_err": 0.11329621066237797,
    "parity_discard": 0.4252075195312501,
    "cost": {
      "n_circuits_per_eval": 60,
      "overhead_circuits": 3.0,
      "overhead_amortised": 3.0,
      "shot_multiplier": 1.7397583197060764,
      "measured_discard": 0.4252075195312501,
      "overhead_effective": 5.219274959118229
    }
  },
  "ro+parity+zne": {
    "mean": -7.837839706680479,
    "sem": 0.05963213652939016,
    "rel_err": 0.025815687946574063,
    "parity_discard": 0.3355104450256576,
    "cost": {
      "n_circuits_per_eval": 60,
      "overhead_circuits": 3.0,
      "overhead_amortised": 3.05,
      "shot_multiplier": 1.5049145505960775,
      "measured_discard": 0.3355104450256576,
      "overhead_effective": 4.589989379318036
    }
  }
}