{
  "N": 8,
  "h": 2.0,
  "L": 2,
  "exact": -16.885141493208188,
  "convergence_raw": [
    0.388671875,
    -0.7421875,
    0.0703125,
    -1.509765625,
    -0.47265625,
    -1.404296875,
    -1.236328125,
    -1.921875,
    -2.126953125,
    -1.841796875,
    -0.541015625,
    -1.177734375,
    -0.896484375,
    -1.453125,
    -0.64453125,
    -0.96875,
    -3.201171875,
    -6.41796875,
    -6.447265625,
    -4.248046875,
    -6.546875,
    -6.69140625,
    -4.388671875,
    -6.19140625,
    -6.169921875,
    -6.482421875,
    -7.50390625,
    -5.44140625,
    -7.611328125,
    -7.65625,
    -7.53515625,
    -7.96875,
    -7.833984375,
    -6.50390625,
    -8.3828125,
    -8.5625,
    -6.48828125,
    -9.3046875,
    -7.8203125,
    -9.099609375,
    -9.685546875,
    -7.6875,
    -9.69921875,
    -8.900390625,
    -9.7578125,
    -10.0625,
    -8.046875,
    -10.07421875,
    -10.826171875,
    -9.8671875,
    -10.53515625,
    -11.009765625,
    -9.236328125,
    -10.94140625,
    -8.890625,
    -10.91796875,
    -10.767578125,
    -10.537109375,
    -10.060546875,
    -11.04296875,
    -10.74609375,
    -11.150390625,
    -10.271484375,
    -10.865234375,
    -10.19921875,
    -11.171875,
    -11.142578125,
    -11.609375,
    -10.841796875,
    -11.080078125,
    -11.294921875,
    -11.625,
    -11.333984375,
    -11.17578125,
    -11.7734375,
    -11.44921875,
    -11.181640625,
    -11.53125,
    -11.5546875,
    -11.478515625,
    -11.671875,
    -11.228515625,
    -11.208984375,
    -11.80859375,
    -11.642578125,
    -11.5078125,
    -11.16015625,
    -11.470703125,
    -11.810546875,
    -11.6484375,
    -11.384765625,
    -11.546875,
    -11.1015625,
    -11.568359375,
    -11.400390625,
    -11.4296875,
    -11.4609375,
    -11.64453125,
    -11.775390625,
    -11.541015625,
    -11.46484375,
    -11.771484375,
    -11.595703125,
    -11.76171875,
    -11.4296875,
    -11.48046875,
    -11.86328125,
    -11.765625,
    -11.4765625,
    -11.515625,
    -11.486328125,
    -11.697265625,
    -11.83203125,
    -11.384765625,
    -11.83984375,
    -11.431640625,
    -11.525390625,
    -11.40234375,
    -11.671875,
    -11.375,
    -11.490234375,
    -11.61328125,
    -11.54296875,
    -11.548828125,
    -12.08984375,
    -11.712890625,
    -11.42578125,
    -11.439453125,
    -11.662109375,
    -11.7578125,
    -11.400390625,
    -11.791015625,
    -11.720703125,
    -11.310546875,
    -11.822265625,
    -11.458984375,
    -11.63671875,
    -11.642578125,
    -11.205078125,
    -11.724609375,
    -11.4921875,
    -11.755859375,
    -11.466796875,
    -11.4140625,
    -11.830078125,
    -11.833984375,
    -11.865234375,
    -11.384765625,
    -11.66796875,
    -11.275390625,
    -11.611328125,
    -11.576171875,
    -11.650390625,
    -11.6640625,
    -11.3046875,
    -11.6953125,
    -11.859375,
    -11.416015625,
    -11.6015625,
    -11.52734375,
    -11.306640625,
    -11.67578125,
    -11.396484375,
    -11.5546875,
    -11.708984375,
    -11.734375,
    -11.32421875,
    -11.693359375,
    -11.775390625,
    -11.46875,
    -11.388671875,
    -11.1328125,
    -11.4765625,
    -11.484375,
    -11.63671875,
    -11.16015625,
    -11.6640625,
    -11.3984375,
    -11.35546875
  ],
  "convergence_rel": [
    1.0230185737653628,
    0.9560449345184028,
    1.0041641640982566,
    0.9105861431124351,
    0.9720075635617197,
    0.91683238925982,
    0.9267801146056551,
    0.8861795146476535,
    0.8740340360277385,
    0.890922034870668,
    0.9679590706884147,
    0.9302502513542024,
    0.9469069077472286,
    0.9139406086360308,
    0.9618284957659814,
    0.9426270724240204,
    0.8104148623043741,
    0.6199043548091357,
    0.6181692864348621,
    0.7484150857303318,
    0.612270053962332,
    0.6037103833159156,
    0.7400867575338186,
    0.633322216903518,
    0.6345946003779853,
    0.6160872043857338,
    0.5555911537360619,
    0.6777399672849215,
    0.5492292363637254,
    0.5465687981898393,
    0.5537404141368367,
    0.5280614021975879,
    0.5360427167192463,
    0.6148148209112666,
    0.5035391025078547,
    0.4928973498123101,
    0.6157401907108792,
    0.44894228433071287,
    0.5368524152939073,
    0.46108776295062787,
    0.4263863954651564,
    0.5447180585906142,
    0.42557669689049543,
    0.4728862278956882,
    0.42210656014194825,
    0.4040618490495031,
    0.523434553199525,
    0.4033678216997937,
    0.3588344000934386,
    0.4156289715446603,
    0.37606941261122273,
    0.3479613049479909,
    0.45299077720401787,
    0.3520097978212959,
    0.47346458402044606,
    0.3533978525207147,
    0.3623045368419857,
    0.3759537413862712,
    0.40417752027445464,
    0.3459948941238141,
    0.363576920316453,
    0.3396329767514777,
    0.3916850279796849,
    0.35652097559440715,
    0.3959648633028931,
    0.3383605932770104,
    0.34009566165128396,
    0.3124502388878584,
    0.35790903029382604,
    0.3437971408497343,
    0.3310733061050614,
    0.3115248690882458,
    0.32875988160603,
    0.33812925082710726,
    0.30273385599192637,
    0.32193527933388727,
    0.3377822371522526,
    0.31707708788592126,
    0.3156890331865024,
    0.32020021095961365,
    0.30874875968940807,
    0.3350061277534148,
    0.33616284000293056,
    0.3006517739427981,
    0.31048382806368163,
    0.3184651425853401,
    0.33905462062671987,
    0.32066289585942,
    0.3005361027178465,
    0.31013681438882695,
    0.32575242975728913,
    0.31615171808630865,
    0.342524757375267,
    0.31487933461184137,
    0.3248270599576765,
    0.32309199158340296,
    0.3212412519841778,
    0.3103681568387301,
    0.3026181847669748,
    0.3164987317611634,
    0.32100990953427466,
    0.3028495272168779,
    0.3132599374625194,
    0.3034278833416358,
    0.32309199158340296,
    0.3200845397346621,
    0.2974129796441541,
    0.30319654089173265,
    0.32031588218456525,
    0.3180024576855338,
    0.3197375260598074,
    0.30724503376503765,
    0.2992637192433792,
    0.32575242975728913,
    0.2988010343435729,
    0.3229763203584514,
    0.31742410156077594,
    0.324711388732725,
    0.30874875968940807,
    0.32633078588204695,
    0.31950618360990424,
    0.31221889643795525,
    0.3163830605362118,
    0.3160360468613571,
    0.28399511754977175,
    0.3063196639654251,
    0.3233233340333061,
    0.3225136354586451,
    0.30932711581416594,
    0.3036592257915389,
    0.3248270599576765,
    0.3016928149673622,
    0.3058569790656188,
    0.3301479363054488,
    0.29984207536813706,
    0.3213569232091294,
    0.31083084173853637,
    0.31048382806368163,
    0.3363941824528337,
    0.3056256366157156,
    0.3193905123849527,
    0.3037748970164905,
    0.3208942383093231,
    0.3240173613830155,
    0.2993793904683308,
    0.29914804801842765,
    0.2972973084192025,
    0.32575242975728913,
    0.3089801021393112,
    0.3322300183545771,
    0.3123345676629068,
    0.3144166497120351,
    0.31002114316387536,
    0.30921144458921435,
    0.33049494998030354,
    0.30736070498998924,
    0.2976443220940572,
    0.32390169015806397,
    0.31291292378766467,
    0.3173084303358244,
    0.330379278755352,
    0.30851741723950493,
    0.32505840240757966,
    0.3156890331865024,
    0.30655100641532823,
    0.3050472804909578,
    0.32933823773078785,
    0.3074763762149408,
    0.3026181847669748,
    0.3207785670843715,
    0.325521087307386,
    0.34067401777604184,
    0.32031588218456525,
    0.31985319728475897,
    0.31083084173853637,
    0.33905462062671987,
    0.30921144458921435,
    0.3249427311826281,
    0.3274874981315627
  ],
  "elapsed_s": 2266.051935800002,
  "raw": {
    "mean": -11.5533203125,
    "sem": 0.020739828719164796,
    "rel_err": 0.31577000304396846,
    "parity_discard": 0.0,
    "cost": {
      "n_circuits_per_eval": 20,
      "overhead_circuits": 1.0,
      "overhead_amortised": 1.0,
      "shot_multiplier": 1.0,
      "measured_discard": 0.0,