{
  "N": 8,
  "h": 1.0,
  "L": 3,
  "exact": -9.83795144745942,
  "convergence_raw": [
    -1.06640625,
    -1.701171875,
    -1.087890625,
    -1.830078125,
    -0.703125,
    -1.6640625,
    -1.28515625,
    -2.44140625,
    -1.736328125,
    -2.26171875,
    -2.08203125,
    -2.05859375,
    -2.34375,
    -2.208984375,
    -2.416015625,
    -2.591796875,
    -1.7578125,
    -1.96875,
    -2.072265625,
    -1.7890625,
    -1.8828125,
    -3.13671875,
    -3.193359375,
    -3.138671875,
    -2.318359375,
    -4.369140625,
    -4.29296875,
    -3.9921875,
    -4.494140625,
    -4.728515625,
    -4.376953125,
    -4.8359375,
    -4.259765625,
    -4.697265625,
    -4.71484375,
    -4.76171875,
    -4.90234375,
    -3.98828125,
    -4.32421875,
    -5.26171875,
    -5.333984375,
    -5.189453125,
    -5.310546875,
    -5.212890625,
    -5.408203125,
    -4.1328125,
    -5.220703125,
    -6.072265625,
    -5.166015625,
    -5.896484375,
    -4.734375,
    -5.568359375,
    -5.9296875,
    -5.46484375,
    -5.880859375,
    -5.513671875,
    -5.46875,
    -5.5859375,
    -6.080078125,
    -6.115234375,
    -5.294921875,
    -5.5859375,
    -6.548828125,
    -6.052734375,
    -6.251953125,
    -6.453125,
    -6.412109375,
    -6.447265625,
    -6.2578125,
    -5.314453125,
    -6.46484375,
    -5.1953125,
    -6.02734375,
    -6.568359375,
    -5.62890625,
    -6.421875,
    -6.291015625,
    -5.90625,
    -6.837890625,
    -6.951171875,
    -6.751953125,
    -6.66796875,
    -5.607421875,
    -6.6171875,
    -5.759765625,
    -6.486328125,
    -5.69921875,
    -6.576171875,
    -6.265625,
    -6.921875,
    -6.55859375,
    -6.716796875,
    -6.513671875,
    -6.291015625,
    -6.978515625,
    -5.345703125,
    -6.3046875,
    -6.44140625,
    -6.595703125,
    -6.181640625,
    -6.630859375,
    -6.193359375,
    -6.94921875,
    -6.33984375,
    -6.947265625,
    -5.78515625,
    -6.546875,
    -6.15234375,
    -6.275390625,
    -5.94140625,
    -6.81640625,
    -6.916015625,
    -6.546875,
    -6.80859375,
    -6.923828125,
    -6.646484375,
    -6.869140625,
    -6.833984375,
    -6.873046875,
    -6.833984375,
    -6.962890625,
    -6.67578125,
    -6.97265625,
    -6.837890625,
    -6.896484375,
    -6.890625,
    -6.970703125,
    -6.78515625,
    -6.66796875,
    -6.79296875,
    -7.01171875,
    -7.02734375,
    -7.12109375,
    -6.92578125,
    -7.19921875,
    -7.060546875,
    -6.890625,
    -6.95703125,
    -7.046875,
    -6.908203125,
    -6.998046875,
    -7.001953125,
    -7.193359375,
    -7.10546875,
    -7.044921875,
    -6.98046875,
    -7.142578125,
    -7.080078125,
    -6.791015625,
    -6.9609375,
    -6.93359375,
    -7.158203125,
    -7.0234375,
    -6.916015625,
    -7.076171875,
    -6.919921875,
    -6.84375,
    -6.916015625,
    -6.970703125,
    -6.857421875,
    -6.90234375,
    -7.01171875,
    -7.009765625,
    -7.033203125,
    -7.181640625,
    -6.974609375,
    -7.001953125,
    -6.93359375,
    -6.890625,
    -7.07421875,
    -7.033203125,
    -7.0390625,
    -6.837890625,
    -6.96484375,
    -6.923828125,
    -6.98046875,
    -6.892578125,
    -7.021484375,
    -7.115234375,
    -6.90625,
    -6.802734375,
    -7.060546875,
    -7.025390625,
    -7.009765625,
    -7.0390625,
    -6.953125,
    -7.181640625,
    -7.044921875,
    -6.9921875,
    -6.794921875,
    -7.01953125,
    -7.041015625,
    -7.02734375,
    -7.052734375,
    -6.890625,
    -6.9375,
    -6.958984375,
    -7.037109375,
    -6.771484375,
    -6.966796875,
    -7.01953125,
    -7.126953125,
    -6.888671875,
    -7.203125,
    -7.146484375,
    -6.93359375,
    -7.1640625,
    -7.013671875,
    -7.08203125,
    -7.1484375,
    -6.73046875,
    -6.916015625,
    -7.029296875,
    -7.02734375,
    -7.037109375,
    -7.185546875,
    -7.125,
    -6.994140625,
    -7.009765625,
    -6.912109375,
    -7.0859375,
    -6.943359375,
    -6.97265625,
    -7.04296875,
    -6.76953125,
    -7.029296875,
    -6.94921875,
    -7.083984375,
    -7.11328125,
    -7.21484375,
    -7.1484375,
    -7.048828125,
    -7.037109375,
    -6.79296875,
    -7.0703125,
    -6.90625,
    -6.912109375,
    -7.048828125,
    -7.087890625,
    -6.923828125,
    -7.00390625,
    -7.1015625,
    -7.3828125,
    -6.779296875,
    -7.244140625,
    -6.990234375,
    -7.166015625,
    -6.865234375,
    -7.078125,
    -6.958984375,
    -6.94140625,
    -6.970703125,
    -7.103515625,
    -7.083984375,
    -7.197265625,
    -6.70703125,
    -7.02734375,
    -6.935546875,
    -7.1171875,
    -6.955078125,
    -7.1640625,
    -6.8359375,
    -6.880859375,
    -6.875,
    -6.904296875,
    -6.927734375,
    -7.009765625,
    -6.96484375,
    -7.19140625,
    -7.041015625,
    -7.078125,
    -7.044921875,
    -7.060546875,
    -7.12109375,
    -6.90234375,
    -7.115234375,
    -6.931640625,
    -7.03515625,
    -7.046875,
    -6.94140625
  ],