{
  "N": 8,
  "h": 1.0,
  "L": 3,
  "exact": -9.83795144745942,
  "convergence_raw": [
    0.900390625,
    0.572265625,
    0.88671875,
    0.005859375,
    0.05078125,
    -0.23046875,
    -0.087890625,
    -0.2734375,
    -1.169921875,
    -0.845703125,
    -0.888671875,
    -0.994140625,
    -0.958984375,
    -0.6171875,
    -0.728515625,
    -1.013671875,
    -0.4375,
    -2.462890625,
    -2.408203125,
    -2.33984375,
    -2.357421875,
    -1.572265625,
    -2.7421875,
    -1.96875,
    -3.171875,
    -4.337890625,
    -4.828125,
    -3.845703125,
    -4.416015625,
    -5.048828125,
    -4.978515625,
    -5.046875,
    -5.25390625,
    -4.703125,
    -5.322265625,
    -4.5078125,
    -5.302734375,
    -4.91796875,
    -5.40234375,
    -4.76171875,
    -5.265625,
    -5.328125,
    -5.111328125,
    -4.6328125,
    -5.7421875,
    -5.7265625,
    -6.03125,
    -6.314453125,
    -5.708984375,
    -6.296875,
    -6.177734375,
    -6.54296875,
    -6.685546875,
    -6.494140625,
    -6.6171875,
    -6.306640625,
    -6.650390625,
    -6.2890625,
    -6.58203125,
    -6.03125,
    -6.365234375,
    -5.71875,
    -6.623046875,
    -6.568359375,
    -6.6953125,
    -6.72265625,
    -6.474609375,
    -6.8046875,
    -6.3828125,
    -6.607421875,
    -6.5078125,
    -6.6171875,
    -5.759765625,
    -6.896484375,
    -6.505859375,
    -6.578125,
    -5.85546875,
    -6.908203125,
    -7.107421875,
    -7.10546875,
    -7.130859375,
    -6.974609375,
    -6.908203125,
    -6.99609375,
    -6.87890625,
    -7.125,
    -7.1640625,
    -7.0546875,
    -7.00390625,
    -6.794921875,
    -6.8125,
    -6.884765625,
    -6.828125,
    -7.1328125,
    -6.802734375,
    -7.017578125,
    -7.134765625,
    -6.841796875,
    -6.97265625,
    -6.88671875,
    -6.826171875,
    -6.79296875,
    -7.083984375,
    -7.046875,
    -7.0625,
    -6.98046875,
    -6.75390625,
    -7.02734375,
    -6.955078125,
    -6.96484375,
    -6.89453125,
    -6.8125,
    -7.021484375,
    -7.025390625,
    -6.75,
    -6.888671875,
    -6.8984375,
    -6.890625,
    -6.994140625,
    -7.0234375,
    -7.0703125,
    -6.9765625,
    -7.021484375,
    -6.787109375,
    -6.859375,
    -7.029296875,
    -6.97265625,
    -6.966796875,
    -6.865234375,
    -6.9765625,
    -6.869140625,
    -6.880859375,
    -6.98828125,
    -7.00390625,
    -7.087890625,
    -6.91015625,
    -7.01171875,
    -6.96875,
    -7.07421875,
    -6.90234375,
    -7.017578125,
    -6.8203125,
    -6.865234375,
    -7.078125,
    -6.90234375,
    -7.0546875,
    -7.05859375,
    -6.94921875,
    -7.091796875,
    -6.94140625,
    -7.087890625,
    -6.998046875,
    -6.91015625,
    -6.8515625,
    -6.98046875,
    -7.07421875,
    -7.140625,
    -6.900390625,
    -7.00390625,
    -6.7578125,
    -6.966796875,
    -6.873046875,
    -6.904296875,
    -6.94921875,
    -6.958984375,
    -7.0234375,
    -6.998046875,
    -6.857421875,
    -7.142578125,
    -7.09765625,
    -7.11328125,
    -6.837890625,
    -7.15625,
    -7.1953125,
    -7.15625,
    -7.15625,
    -7.095703125,
    -6.93359375,
    -6.796875,
    -6.919921875,
    -7.234375,
    -6.984375,
    -6.787109375,
    -6.9375,
    -6.89453125,
    -6.994140625,
    -6.93359375,
    -6.837890625,
    -7.0390625,
    -6.978515625,
    -7.08984375,
    -7.009765625,
    -7.02734375,
    -7.134765625,
    -7.05859375,
    -6.884765625,
    -7.056640625,
    -6.884765625,
    -7.06640625,
    -6.939453125,
    -6.9921875,
    -6.837890625,
    -6.970703125,
    -7.078125,
    -7.00390625,
    -7.068359375,
    -6.955078125,
    -6.97265625,
    -7.17578125,
    -6.833984375,
    -6.8828125,
    -7.017578125,
    -6.9453125,
    -6.943359375,
    -7.017578125,
    -6.880859375,
    -7.125,
    -6.759765625,
    -7.068359375,
    -7.03125,
    -6.75,
    -6.974609375,
    -6.87109375,
    -7.236328125,
    -6.955078125,
    -6.814453125,
    -6.94921875,
    -7.0546875,
    -7.068359375
  ],
  "convergence_rel": [
    1.0915221659517866,
    1.0581691857350835,
    1.0901324584427572,
    1.0005955889324412,
    1.005161770747823,
    0.976573501990649,
    0.991066166013383,
    0.972205849819414,
    0.8810807431559216,
    0.9140366640843306,
    0.9096690119130957,
    0.8989484111291554,
    0.9025219447238021,
    0.9372646324495346,
    0.9259484427331531,
    0.896963114687685,
    0.9555293597110625,
    0.7496541187305794,
    0.7552129487666966,
    0.7621614863118431,
    0.7603747195145197,
    0.8401836364616309,
    0.7212643796175524,
    0.7998821186997812,
    0.677587857905203,
    0.5590656603494186,
    0.509234719668511,
    0.6090951306744734,
    0.551124474583537,
    0.4868008698798952,
    0.4939479370691887,
    0.4869993995240422,
    0.46595525724445575,
    0.5219406168939217,
    0.45900671969930923,
    0.541793581308626,
    0.46099201614077967,
    0.500102356037747,
    0.4508670042892805,
    0.5159847275695104,
    0.4647640793795735,
    0.4584111307668681,
    0.4804479212671898,
    0.5290876840832153,
    0.4163228462076951,
    0.41791108336087146,
    0.3869404588739328,
    0.35815366047261166,
    0.41969785015819483,
    0.359940427269935,
    0.37205073556290463,
    0.3349256921074077,
    0.32043302808467355,
    0.33988893321108377,
    0.32738156562982007,
    0.35894777904919983,
    0.32400656167932035,
    0.3607345458465232,
    0.3309550992244668,
    0.3869404588739328,
    0.35299188972478857,
    0.41870520193745964,
    0.32678597669737897,
    0.33234480673349615,
    0.31944037986393836,
    0.3166609648458798,
    0.34187422965255415,
    0.308322719791704,
    0.35120512292746514,
    0.32837421385055526,
    0.33849922570205443,
    0.32738156562982007,
    0.41453607941037174,
    0.298991826516793,
    0.3386977553462015,
    0.3313521585127609,
    0.40480812684716666,
    0.29780064865191075,
    0.2775506249489124,
    0.27774915459305943,
    0.2751682692191479,
    0.2910506407509113,
    0.29780064865191075,
    0.28886681466529385,
    0.3007785933141164,
    0.27576385815158905,
    0.27179326526864817,
    0.2829109253408826,
    0.28807269608870567,
    0.3093153680124392,
    0.3075286012151158,
    0.3001830043816752,
    0.3059403640619395,
    0.27496973957500087,
    0.308521249435851,
    0.28668298857967633,
    0.2747712099308538,
    0.3045506565529102,
    0.2912491703950583,
    0.2999844747375282,
    0.30613889370608655,
    0.30951389765658627,
    0.2799329806786769,
    0.2837050439174707,
    0.2821168067642944,
    0.29045505181847014,
    0.3134844905395271,
    0.28569034035894114,
    0.29303593719238175,
    0.2920432889716465,
    0.29919035616094003,
    0.3075286012151158,
    0.2862859292913823,
    0.2858888700030882,
    0.3138815498278212,
    0.2997859450933812,
    0.29879329687264594,
    0.2995874154492341,
    0.28906534430944086,
    0.28608739964723523,
    0.2813226881877062,
    0.29085211110676423,
    0.2862859292913823,
    0.31010948658902737,
    0.3027638897555868,
    0.2854918107147941,
    0.2912491703950583,
    0.2918447593274995,
    0.30216830082314566,
    0.29085211110676423,
    0.3017712415348516,
    0.3005800636699693,
    0.289660933241882,
    0.28807269608870567,
    0.27953592139038286,
    0.2976021190077637,
    0.2872785775121175,
    0.2916462296833524,
    0.28092562889941214,
    0.29839623758435185,
    0.28668298857967633,
    0.30673448263852765,
    0.30216830082314566,
    0.28052856961111805,
    0.29839623758435185,
    0.2829109253408826,
    0.2825138660525885,
    0.29363152612482285,
    0.27913886210208877,
    0.294425644701411,
    0.27953592139038286,
    0.2886682850211468,
    0.2976021190077637,
    0.30355800833217494,
    0.29045505181847014,
    0.28092562889941214,
    0.2741756209984127,
    0.2985947672284989,
    0.28807269608870567,
    0.313087431251233,
    0.2918447593274995,
    0.3013741822465575,
    0.29819770794020484,
    0.29363152612482285,
    0.29263887790408766,
