{
  "N": 8,
  "h": 2.0,
  "L": 3,
  "exact": -16.885141493208188,
  "convergence_raw": [
    1.330078125,
    0.35546875,
    0.63671875,
    1.390625,
    -1.837890625,
    -1.359375,
    -2.9140625,
    -2.38671875,
    -2.51171875,
    -3.5078125,
    -1.7421875,
    -4.0390625,
    -4.552734375,
    -5.046875,
    -5.447265625,
    -6.203125,
    -6.3125,
    -4.76953125,
    -5.125,
    -4.65625,
    -4.830078125,
    -6.15625,
    -3.564453125,
    -5.669921875,
    -5.169921875,
    -9.0703125,
    -8.658203125,
    -9.3125,
    -7.29296875,
    -8.693359375,
    -10.001953125,
    -10.43359375,
    -11.611328125,
    -11.3203125,
    -10.908203125,
    -10.19921875,
    -10.767578125,
    -9.697265625,
    -11.529296875,
    -10.8515625,
    -11.5390625,
    -11.216796875,
    -11.1875,
    -11.15625,
    -11.048828125,
    -10.736328125,
    -11.787109375,
    -10.857421875,
    -11.87890625,
    -11.263671875,
    -12.087890625,
    -9.646484375,
    -12.615234375,
    -11.833984375,
    -12.24609375,
    -12.970703125,
    -13.0703125,
    -12.23046875,
    -12.30859375,
    -11.033203125,
    -11.8125,
    -12.142578125,
    -12.23828125,
    -13.072265625,
    -12.33984375,
    -12.869140625,
    -11.90234375,
    -12.287109375,
    -12.3203125,
    -12.60546875,
    -12.6796875,
    -12.91015625,
    -11.845703125,
    -13.01171875,
    -11.791015625,
    -12.361328125,
    -11.8984375,
    -12.986328125,
    -11.40234375,
    -12.83203125,
    -12.267578125,
    -12.31640625,
    -12.625,
    -12.45703125,
    -12.55078125,
    -12.65234375,
    -12.818359375,
    -13.103515625,
    -13.015625,
    -13.095703125,
    -13.154296875,
    -12.958984375,
    -13.21875,
    -12.92578125,
    -12.69140625,
    -13.34375,
    -13.162109375,
    -13.26953125,
    -13.263671875,
    -13.337890625,
    -13.45703125,
    -13.365234375,
    -13.251953125,
    -13.359375,
    -13.357421875,
    -13.546875,
    -13.556640625,
    -13.4375,
    -13.478515625,
    -13.478515625,
    -13.30078125,
    -13.2265625,
    -13.28515625,
    -13.357421875,
    -13.439453125,
    -13.349609375,
    -13.171875,
    -13.615234375,
    -13.453125,
    -13.322265625,
    -13.603515625,
    -13.693359375,
    -13.478515625,
    -13.4765625,
    -13.501953125,
    -13.501953125,
    -13.33984375,
    -13.373046875,
    -13.359375,
    -13.298828125,
    -13.087890625,
    -13.59765625,
    -13.330078125,
    -13.3828125,
    -13.38671875,
    -13.419921875,
    -13.25390625,
    -13.40625,
    -13.29296875,
    -13.142578125,
    -13.17578125,
    -13.5546875,
    -13.263671875,
    -13.298828125,
    -13.333984375,
    -13.162109375,
    -13.2109375,
    -13.423828125,
    -13.310546875,
    -13.36328125,
    -13.638671875,
    -13.240234375,
    -13.326171875,
    -13.5625,
    -13.4609375,
    -13.08984375,
    -13.4921875,
    -13.275390625,
    -13.318359375,
    -13.408203125,
    -13.455078125,
    -13.369140625,
    -13.31640625,
    -13.41015625,
    -13.37890625,
    -13.0078125,
    -13.42578125,
    -13.24609375,
    -13.5546875,
    -13.28515625,
    -13.1171875,
    -13.822265625,
    -13.060546875,
    -13.515625,
    -13.19921875,
    -13.275390625,
    -13.10546875,
    -13.61328125,
    -13.107421875,
    -13.060546875,
    -13.408203125,
    -13.40625,
    -13.50390625,
    -13.392578125,
    -13.3359375,
    -13.35546875,
    -13.060546875,
    -13.3515625,
    -13.19140625,
    -13.390625,
    -13.48046875,
    -13.44921875,
    -13.361328125,
    -13.333984375,
    -13.392578125,
    -13.24609375,
    -13.490234375,
    -13.294921875,
    -13.390625,
    -13.41015625,
    -13.158203125,
    -13.248046875,
    -13.427734375,
    -13.236328125,
    -13.263671875,
    -13.1640625,
    -13.34765625,
    -13.30078125,
    -13.212890625,
    -13.326171875,
    -13.390625,
    -13.423828125,
    -13.255859375,
    -13.298828125,
    -13.220703125,
    -13.326171875,
    -13.4375,
    -13.421875,
    -13.40625,
    -13.306640625,
    -13.54296875,
    -13.466796875,
    -13.462890625,
    -13.03515625,
    -13.5,
    -13.119140625,
    -13.474609375,
    -13.51171875,
    -13.470703125,
    -13.21875,
    -13.439453125,
    -13.392578125,
    -13.56640625,
    -13.056640625,
    -13.3125,
    -13.232421875,
    -13.65234375,
    -13.388671875,
    -13.462890625,
    -13.373046875,
    -13.46875,
    -13.3203125,
    -13.37890625,
    -13.38671875,
    -13.525390625,
    -13.060546875,
    -13.203125,
    -13.15234375,
    -13.328125,
    -13.46875,
    -13.41796875,
    -13.287109375,
    -13.501953125,
    -13.28125,
    -13.2578125
  ],