{
  "N": 8,
  "h": 0.5,
  "L": 2,
  "exact": -7.64059255359008,
  "convergence_raw": [
    -1.474609375,
    -1.091796875,
    -0.8525390625,
    -1.6220703125,
    -2.173828125,
    -2.2822265625,
    -2.1455078125,
    -2.181640625,
    -2.3037109375,
    -1.9150390625,
    -2.1142578125,
    -2.302734375,
    -1.5537109375,
    -2.669921875,
    -1.9912109375,
    -2.1103515625,
    -2.2041015625,
    -4.1767578125,
    -3.5009765625,
    -4.193359375,
    -4.6201171875,
    -4.5361328125,
    -4.2529296875,
    -3.67578125,
    -4.7373046875,
    -3.609375,
    -4.4267578125,
    -4.7314453125,
    -4.6201171875,
    -4.837890625,
    -4.5517578125,
    -4.513671875,
    -5.228515625,
    -4.6572265625,
    -5.1767578125,
    -4.9375,
    -4.7998046875,
    -4.345703125,
    -4.7939453125,
    -4.3486328125,
    -5.287109375,
    -5.05078125,
    -5.0654296875,
    -5.1259765625,
    -5.068359375,
    -5.0498046875,
    -5.0205078125,
    -5.1689453125,
    -5.115234375,
    -4.96875,
    -5.173828125,
    -5.1875,
    -5.1884765625,
    -4.9521484375,
    -5.056640625,
    -5.0234375,
    -5.0625,
    -5.037109375,
    -5.1962890625,
    -5.26953125,
    -5.130859375,
    -5.0751953125,
    -4.9287109375,
    -5.001953125,
    -5.0322265625,
    -5.1259765625,
    -5.1005859375,
    -5.0234375,
    -4.9921875,
    -5.1611328125,
    -5.1767578125,
    -5.125,
    -5.259765625,
    -4.9619140625,
    -5.080078125,
    -5.173828125,
    -5.0634765625,
    -5.2587890625,
    -5.0419921875,
    -5.1708984375,
    -4.9443359375,
    -5.0390625,
    -5.3115234375,
    -5.1044921875,
    -5.11328125,
    -5.25390625,
    -5.103515625,
    -5.1201171875,
    -5.103515625,
    -5.20703125,
    -5.0380859375,
    -5.0908203125,
    -5.2236328125,
    -5.2119140625,
    -5.0791015625,
    -5.072265625,
    -5.013671875,
    -4.990234375,
    -5.1611328125,
    -5.005859375,
    -5.1240234375,
    -5.12109375,
    -5.150390625,
    -5.1572265625,
    -5.0166015625,
    -5.09375,
    -5.025390625,
    -4.9638671875,
    -5.1064453125,
    -5.0380859375,
    -5.064453125,
    -5.0537109375,
    -5.08984375,
    -5.1845703125,
    -5.048828125,
    -4.947265625,
    -5.2060546875,
    -5.1044921875,
    -5.1767578125,
    -4.9912109375,
    -5.1845703125,
    -5.0546875,
    -5.068359375,
    -5.16015625,
    -5.0087890625,
    -5.1025390625,
    -5.0439453125,
    -5.212890625,
    -5.0927734375,
    -5.2001953125,
    -5.1552734375,
    -5.0341796875,
    -5.1357421875,
    -5.134765625,
    -5.087890625,
    -5.2255859375
  ],
  "convergence_rel": [
    0.8070032704064128,
    0.857105732658523,
    0.8884197715660916,
    0.7877035974470542,
    0.7154895893540895,
    0.7013024125429053,
    0.719196149061516,
    0.7144670901244545,
    0.6984905396614093,
    0.7493598763357455,
    0.7232861459800556,
    0.6986183520651136,
    0.7966504657063596,
    0.6505608882722734,
    0.7393905088468052,
    0.723797395594873,
    0.7115274048392543,
    0.4533463493564423,
    0.541792532719861,
    0.45117353849346814,
    0.3953195180746618,
    0.406311384793237,
    0.4433769818675021,
    0.5189141124567802,
    0.37998202963013833,
    0.5276053559086769,
    0.4206263740081256,
    0.3807489040523645,
    0.3953195180746618,
    0.366817352048589,
    0.40426638633396716,
    0.4092510700784373,
    0.3156923905668441,
    0.3904626467338961,
    0.3224664479631753,
    0.3537804868707441,
    0.37180203579305915,
    0.43123480351558763,
    0.3725689102152853,
    0.43085136630447457,
    0.30802364634458235,
    0.338954248041038,
    0.3370370619854726,
    0.32911269295580214,
    0.3366536247743595,
    0.3390820604447424,
    0.3429164325558733,
    0.3234889471928102,
    0.33051862939655013,
    0.3496904899522045,
    0.32284988517428836,
    0.3210605115224273,
    0.32093269911872296,
    0.35186330081517864,
    0.33818737361881185,
    0.34253299534476017,
    0.3374204991965857,
    0.3407436216928991,
    0.31991019988908803,
    0.31032426961126086,
    0.3284736309372803,
    0.335758937948429,
    0.3549307985040833,
    0.34534486822625615,
    0.34138268371142094,
    0.32911269295580214,
    0.33243581545211554,
    0.34253299534476017,
    0.3466229922632998,
    0.3245114464224451,
    0.3224664479631753,
    0.3292405053595065,
    0.3116023936483045,
    0.350585176778135,
    0.33511987592990716,
    0.32284988517428836,
    0.3372926867928813,
    0.31173020605200885,
    0.3401045596743773,
    0.3232333223854015,
    0.3528858000448135,
    0.34048799688549036,
    0.3048283362519733,
    0.3319245658372981,
    0.33077425420395884,
    0.31236926807053067,
    0.3320523782410025,
    0.3298795673780283,
    0.3320523782410025,
    0.31850426344834004,
    0.34061580928919477,
    0.3337139394891592,
    0.3163314525853659,
    0.3178652014298183,
    0.3352476883336115,
    0.33614237515954204,
    0.3438111193818038,
    0.3468786170707085,
    0.3245114464224451,
    0.3448336186114387,
    0.32936831776321085,
    0.32975175497432396,
    0.3259173828631931,
    0.3250226960372625,
    0.3434276821706907,
    0.3333305022780461,
    0.34227737053735147,
    0.3503295519707263,
    0.33166894102988936,
    0.34061580928919477,
    0.33716487438917697,
    0.33857081082992496,
    0.3338417518928635,
    0.3214439487335404,
    0.3392098728484468,
    0.35250236283370046,
    0.31863207585204445,
    0.3319245658372981,
    0.3224664479631753,
    0.34675080466700414,
    0.3214439487335404,
    0.3384429984262206,
    0.3366536247743595,
    0.32463925882614947,
    0.34445018140032563,
    0.33218019064470683,
    0.3398489348669686,
    0.31773738902611387,
    0.33345831468175047,
    0.3193989502742706,
    0.3252783208446713,
    0.3411270589040122,
    0.3278345689187585,
    0.32796238132246286,
    0.3340973767002723,
    0.3160758277779572
  ],
  "elapsed_s": 1671.9631290002726,
  "raw": {
    "mean": -5.08048095703125,
    "sem": 0.005591064625472934,
    "rel_err": 0.33506715331337905,
    "parity_discard": 0.0,
    "cost": {
      "n_circuits_per_eval": 20,
      "overhead_circuits": 1.0,
      "overhead_amortised": 1.0,
      "shot_multiplier": 1.0,
      "measured_discard": 0.0,
      "overhead_effective": 1.0
    }
  },
  "readout": {
    "mean": -6.369296827556282,
    "sem": 0.007573153713320915,
    "rel_err": 0.16638705926498537,
    "parity_discard": 0.0,
    "cost": {
      "n_circuits_per_eval": 20,
      "overhead_circuits": 1.0,
      "overhead_amortised": 1.05,
      "shot_multiplier": 1.0,
      "measured_discard": 0.0,
      "overhead_effective": 1.05
    }
  },
  "parity": {
    "mean": -5.682001180558421,
    "sem": 0.008249591130532787,
    "rel_err": 0.256340245772087,
    "parity_discard": 0.47828369140625,
    "cost": {
      "n_circuits_per_eval": 20,
      "overhead_circuits": 1.0,
      "overhead_amortised": 1.0,
      "shot_multiplier": 1.9167505089028758,
      "measured_discard": 0.47828369140625,
      "overhead_effective": 1.9167505089028758
    }
  },
  "zne": {
    "mean": -5.08048095703125,
    "sem": 0.01277255432670707,
    "rel_err": 0.33506715331337905,
    "parity_discard": 0.0,
    "cost": {
      "n_circuits_per_eval": 60,
      "overhead_circuits": 3.0,
      "overhead_amortised": 3.0,
      "shot_multiplier": 1.0,
      "measured_discard": 0.0,
      "overhead_effective": 3.0
    }
  },
  "ro+parity": {
    "mean": -7.151684133665566,
    "sem": 0.017604079571191714,
    "rel_err": 0.0639882857900584,
    "parity_discard": 0.4526874134988249,
    "cost": {
      "n_circuits_per_eval": 20,
      "overhead_circuits": 1.0,
      "overhead_amortised": 1.05,
      "shot_multiplier": 1.827109452009383,
      "measured_discard": 0.4526874134988249,
      "overhead_effective": 1.9184649246098522
    }
  },
  "ro+zne": {
    "mean": -6.3692968275562825,
    "sem": 0.01730055431432484,
    "rel_err": 0.16638705926498526,
    "parity_discard": 0.0,