{
  "N": 8,
  "h": 2.0,
  "L": 1,
  "exact": -16.885141493208188,
  "convergence_raw": [
    1.28125,
    2.658203125,
    2.744140625,
    1.099609375,
    3.244140625,
    0.197265625,
    -0.953125,
    -1.046875,
    -0.52734375,
    -3.65625,
    -4.451171875,
    -3.732421875,
    -4.48046875,
    -4.556640625,
    -3.580078125,
    -4.478515625,
    -3.041015625,
    -5.25,
    -5.81640625,
    -5.7578125,
    -5.033203125,
    -6.91015625,
    -5.357421875,
    -6.607421875,
    -7.03125,
    -7.55078125,
    -7.220703125,
    -8.068359375,
    -7.4765625,
    -7.720703125,
    -6.494140625,
    -7.482421875,
    -8.75390625,
    -7.9609375,
    -7.73046875,
    -7.912109375,
    -8.43359375,
    -8.783203125,
    -8.8984375,
    -8.966796875,
    -8.373046875,
    -8.8515625,
    -8.828125,
    -8.814453125,
    -8.888671875,
    -8.6640625,
    -8.720703125,
    -8.982421875,
    -8.763671875,
    -8.59375,
    -8.892578125,
    -8.814453125,
    -8.89453125,
    -9.111328125,
    -8.794921875,
    -8.630859375,
    -8.53515625,
    -8.87109375,
    -8.642578125,
    -8.81640625,
    -8.841796875,
    -8.802734375,
    -8.564453125,
    -8.53125,
    -8.705078125,
    -8.7578125,
    -8.830078125,
    -8.96484375,
    -9.19140625,
    -8.703125,
    -8.671875,
    -9.01171875,
    -9.16015625,
    -8.62109375,
    -8.63671875,
    -8.5,
    -8.701171875,
    -9.056640625,
    -8.69921875,
    -8.8515625,
    -8.6015625,
    -8.85546875,
    -8.7890625,
    -8.630859375,
    -8.673828125,
    -8.64453125,
    -8.828125,
    -8.7890625,
    -8.740234375,
    -8.427734375,
    -8.66015625
  ],
  "convergence_rel": [
    1.075880323568231,
    1.1574285371590889,
    1.162518071056958,
    1.0651228996477349,
    1.1921299046445604,
    1.0116827937201087,
    0.9435524422236331,
    0.9380002234259576,
    0.9687687692630756,
    0.7834634668906579,
    0.7363852783353683,
    0.7789522891175467,
    0.7346502099610948,
    0.7301390321879835,
    0.7879746446637692,
    0.7347658811860464,
    0.819899902750403,
    0.6890757473301755,
    0.6555310920942198,
    0.6590012288427669,
    0.7019152532998,
    0.5907552061213397,
    0.6827138299578391,
    0.6086842459888333,
    0.5835835901743422,
    0.5528150443372242,
    0.5723634813540398,
    0.5221621697250577,
    0.5572105508853838,
    0.5427516477664375,
    0.6153931770360244,
    0.5568635372105292,
    0.48156156976705605,
    0.5285240870973942,
    0.5421732916416796,
    0.5314158677211834,
    0.5005316506591138,
    0.4798265013927825,
    0.4730018991206398,
    0.4689534062473348,
    0.5041174586326125,
    0.4757780085194775,
    0.4771660632188963,
    0.47797576179355733,
    0.4735802552453976,
    0.48688244611482834,
    0.48352798059123275,
    0.4680280364477222,
    0.4809832136422982,
    0.49104661021308493,
    0.47334891279549446,
    0.47797576179355733,
    0.4732332415705429,
    0.46039373560091845,
    0.4791324740430731,
    0.4888488569390051,
    0.49451674696163206,
    0.47462129626996175,
    0.4881548295892956,
    0.4778600905686058,
    0.47635636464423536,
    0.4786697891432668,
    0.4927816785873585,
    0.49474808941153525,
    0.48445335039084536,
    0.4813302273171529,
    0.4770503919939448,
    0.4690690774722863,
    0.45565121537790404,
    0.4845690216157969,
    0.48641976121502206,
    0.4662929680734486,
    0.45750195497712914,
    0.4894272130637629,
    0.48850184326415036,
    0.49659882901076036,
    0.4846846928407485,
    0.46363252989956244,
    0.48480036406570004,
    0.4757780085194775,
    0.49058392531327866,
    0.47554666606957435,
    0.47947948771792775,
    0.4888488569390051,
    0.4863040899900705,
    0.4880391583643441,
    0.4771660632188963,
    0.47947948771792775,
    0.48237126834171706,
    0.5008786643339685,
    0.4871137885647315
  ],
  "elapsed_s": 1637.3048340000096,
  "raw": {
    "mean": -8.7712890625,
    "sem": 0.016306400722685816,
    "rel_err": 0.48053209586498713,
    "parity_discard": 0.0,
    "cost": {
      "n_circuits_per_eval": 20,
      "overhead_circuits": 1.0,
      "overhead_amortised": 1.0,
      "shot_multiplier": 1.0,
      "measured_discard": 0.0,
      "overhead_effective": 1.0
    }
  },
  "readout": {
    "mean": -10.689206310951104,
    "sem": 0.02069110436326454,
    "rel_err": 0.36694600307313463,
    "parity_discard": 0.0,
    "cost": {
      "n_circuits_per_eval": 20,
      "overhead_circuits": 1.0,
      "overhead_amortised": 1.05,
      "shot_multiplier": 1.0,
      "measured_discard": 0.0,
      "overhead_effective": 1.05
    }
  },
  "parity": {
    "mean": -8.900680624536589,
    "sem": 0.018754580396198935,
    "rel_err": 0.47286905305965227,
    "parity_discard": 0.495721435546875,
    "cost": {
      "n_circuits_per_eval": 20,
      "overhead_circuits": 1.0,
      "overhead_amortised": 1.0,
      "shot_multiplier": 1.9830309485481898,
      "measured_discard": 0.495721435546875,
      "overhead_effective": 1.9830309485481898
    }
  },
  "zne": {
    "mean": -8.775152587890622,
    "sem": 0.03513542836154487,
    "rel_err": 0.4803032837231299,
    "parity_discard": 0.0,
    "cost": {
      "n_circuits_per_eval": 60,
      "overhead_circuits": 3.0,
      "overhead_amortised": 3.0,
      "shot_multiplier": 1.0,
      "measured_discard": 0.0,
      "overhead_effective": 3.0
    }
  },
  "ro+parity": {
    "mean": -10.864533449246322,
    "sem": 0.03292552801741592,
    "rel_err": 0.3565624869879575,
    "parity_discard": 0.4901805165083858,
    "cost": {
      "n_circuits_per_eval": 20,
      "overhead_circuits": 1.0,
      "overhead_amortised": 1.05,
      "shot_multiplier": 1.9614785867956115,
      "measured_discard": 0.4901805165083858,
      "overhead_effective": 2.0595525161353923
    }
  },
  "ro+zne": {
    "mean": -10.697424057042396,
    "sem": 0.04498847085649402,
    "rel_err": 0.3664593180136936,
    "parity_discard": 0.0,
    "cost": {
      "n_circuits_per_eval": 60,
      "overhead_circuits": 3.0,
      "overhead_amortised": 3.05,
      "shot_multiplier": 1.0,
      "measured_discard": 0.0,
      "overhead_effective": 3.05
    }
  },
  "parity+zne": {
    "mean": -8.90059021591815,
    "sem": 0.045433379176235474,
    "rel_err": 0.4728744073895805,
    "parity_discard": 0.49565226236979165,
    "cost": {
      "n_circuits_per_eval": 60,
      "overhead_circuits": 3.0,
      "overhead_amortised": 3.0,
      "shot_multiplier": 1.9827589684425386,
      "measured_discard": 0.49565226236979165,
      "overhead_effective": 5.948276905327615
    }
  },
  "ro+parity+zne": {
    "mean": -10.866635190011985,
    "sem": 0.07635459154990289,
    "rel_err": 0.3564380141923633,
    "parity_discard": 0.4900250018353995,
    "cost": {
      "n_circuits_per_eval": 60,
      "overhead_circuits": 3.0,
      "overhead_amortised": 3.05,
      "shot_multiplier": 1.9608804423726636,
      "measured_discard": 0.4900250018353995,
      "overhead_effective": 5.980685349236624
    }
  }
}