{
  "N": 8,
  "h": 2.0,
  "L": 3,
  "exact": -16.885141493208188,
  "convergence_raw": [
    1.392578125,
    0.337890625,
    0.69140625,
    1.423828125,
    -1.96875,
    -1.283203125,
    -2.974609375,
    -2.423828125,
    -2.48046875,
    -3.55078125,
    -1.73046875,
    -4.048828125,
    -4.57421875,
    -5.07421875,
    -5.609375,
    -6.33203125,
    -6.33984375,
    -4.734375,
    -5.1640625,
    -4.609375,
    -4.822265625,
    -6.287109375,
    -3.609375,
    -5.67578125,
    -5.10546875,
    -9.265625,
    -8.380859375,
    -9.5390625,
    -8.578125,
    -9.26953125,
    -10.888671875,
    -10.921875,
    -11.44140625,
    -10.48828125,
    -10.978515625,
    -10.37109375,
    -10.671875,
    -11.37109375,
    -11.0625,
    -9.05859375,
    -11.09765625,
    -11.212890625,
    -11.001953125,
    -11.681640625,
    -10.16015625,
    -11.693359375,
    -10.80078125,
    -11.9921875,
    -11.041015625,
    -12.044921875,
    -10.310546875,
    -11.66015625,
    -10.669921875,
    -11.828125,
    -12.24609375,
    -12.1640625,
    -12.58203125,
    -11.265625,
    -12.134765625,
    -11.78125,
    -11.984375,
    -11.689453125,
    -12.171875,
    -9.71484375,
    -12.365234375,
    -11.228515625,
    -11.91015625,
    -11.68359375,
    -11.607421875,
    -12.279296875,
    -12.01171875,
    -12.228515625,
    -11.84765625,
    -11.857421875,
    -11.927734375,
    -12.1953125,
    -12.03125,
    -12.048828125,
    -12.111328125,
    -12.0,
    -11.97265625,
    -12.18359375,
    -12.27734375,
    -11.970703125,
    -12.01953125,
    -11.94140625,
    -12.0546875,
    -11.962890625,
    -11.876953125,
    -12.0703125,
    -12.25,
    -11.849609375,
    -12.193359375,
    -11.986328125,
    -12.060546875,
    -12.1484375,
    -11.8515625,
    -11.8671875,
    -12.43359375,
    -12.27734375,
    -12.25,
    -12.326171875,
    -11.912109375,
    -12.130859375,
    -12.126953125,
    -12.146484375,
    -12.28515625,
    -12.11328125,
    -11.978515625,
    -12.013671875,
    -12.46484375,
    -12.126953125,
    -12.126953125,
    -12.111328125,
    -12.2109375,
    -11.935546875,
    -12.189453125,
    -12.1875,
    -12.146484375,
    -12.09375,
    -12.052734375,
    -12.267578125,
    -12.201171875,
    -12.279296875,
    -12.025390625,
    -12.279296875,
    -11.841796875,
    -12.05859375,
    -12.203125,
    -12.255859375,
    -12.12890625,
    -12.09375,
    -12.140625,
    -12.314453125,
    -11.978515625,
    -12.0546875,
    -12.05078125,
    -12.2109375,
    -11.98828125,
    -12.1796875,
    -11.724609375,
    -12.2734375,
    -12.0859375,
    -12.041015625,
    -12.15234375,
    -11.998046875,
    -11.880859375,
    -12.146484375,
    -12.0,
    -12.076171875,
    -12.169921875,
    -12.087890625,
    -12.072265625,
    -12.462890625,
    -12.2578125,
    -11.787109375,
    -11.951171875,
    -12.189453125,
    -11.921875,
    -11.888671875,
    -12.080078125,
    -12.064453125,
    -12.119140625,
    -12.21484375,
    -12.01953125,
    -11.83203125,
    -12.25390625,
    -11.91015625,
    -12.24609375,
    -11.916015625,
    -11.958984375,
    -12.34765625,
    -11.751953125,
    -12.068359375,
    -11.9140625,
    -12.068359375,
    -11.98046875,
    -12.099609375,
    -11.91015625,
    -11.943359375,
    -12.294921875,
    -12.146484375,
    -12.060546875,
    -12.037109375,
    -12.06640625,
    -12.2578125,
    -11.853515625,
    -12.04296875,
    -11.953125,
    -12.05859375,
    -12.279296875,
    -12.373046875,
    -11.994140625,
    -12.09375,
    -12.138671875,
    -12.10546875,
    -12.287109375,
    -12.275390625,
    -12.2734375,
    -12.158203125,
    -11.912109375,
    -11.947265625,
    -12.291015625,
    -12.076171875,
    -12.12890625,
    -11.89453125,
    -12.037109375,
    -12.060546875,
    -12.0078125,
    -11.955078125
  ],
  "convergence_rel": [
    1.0824735833904706,
    1.020011121916622,
    1.0409476136328564,
    1.0843243229896957,
    0.8834034052488158,
    0.9240040052068175,
    0.8238327243987564,
    0.8564520098350996,
    0.8530975443115041,
    0.7897097130380428,
    0.8975152946929076,
    0.7602135506753921,
    0.7290979911634193,
    0.699486157575817,
    0.6677922419390864,
    0.6249938887070049,
    0.6245312038071986,
    0.7196129507173904,
    0.6941652812280447,
    0.727015909114291,
    0.7144077455945697,
    0.627654326880891,
    0.7862395762894957,
    0.6638594202907329,
    0.6976354179765918,
    0.4512557088297443,
    0.5036547737328062,
    0.43506173733652426,
    0.4919719800126975,
    0.45102436637984117,
    0.3551329208949883,
    0.35316651007081157,
    0.32239796423369355,
    0.3788455220100605,
    0.349812044547216,
    0.38578579550715475,
    0.36797242686461273,
    0.3265621283319501,
    0.34483818187429843,
    0.4635168586746109,
    0.34275609982517014,
    0.3359314975530274,
    0.34842398984779716,
    0.30817040356465025,
    0.3982782878019245,
    0.3074763762149408,
    0.360338126017809,
    0.28977867879735036,
    0.3461105653487657,
    0.2866555557236579,
    0.38937160348065347,
    0.30944278703911754,
    0.36808809808956433,
    0.2994950616932824,
    0.274741419553646,
    0.279599611001612,
    0.2548459688619757,
    0.332808374479335,
    0.28133467937588563,
    0.3022711710921201,
    0.29024136369715664,
    0.3077077186648439,
    0.27913692610180574,
    0.4246513270908828,
    0.26768547483160016,
    0.3350061277534148,
    0.2946368702453164,
    0.30805473233969866,
    0.31256591011280993,
    0.2727750087294693,
    0.2886219665478346,
    0.27578246057821015,
    0.29833834944376664,
    0.29775999331900876,
    0.2935958292207522,
    0.2777488714023869,
    0.28746525429831893,
    0.2864242132737548,
    0.28272273407530446,
    0.28931599389754403,
    0.29093539104686605,
    0.2784428987520963,
    0.2728906799544209,
    0.29105106227181765,
    0.28815928164802834,
    0.2927861306460912,
    0.28607719959890004,
    0.2915137471716239,
    0.2966032810694931,
    0.2851518297992875,
    0.27451007710374287,
    0.29822267821881504,
    0.27786454262733845,
    0.29012569247220504,
    0.2857301859240453,
    0.2805249808012246,
    0.2981070069938635,
    0.29718163719425095,
    0.26363698195829516,
    0.2728906799544209,
    0.27451007710374287,
    0.2699988993306316,
    0.2945211990203648,
    0.28156602182578877,
    0.2817973642756919,
    0.28064065202617616,
    0.2724279950546146,
    0.2826070628503529,
    0.2905883773720113,
    0.2885062953228831,
    0.26178624235907,
    0.2817973642756919,
    0.2817973642756919,
    0.28272273407530446,
    0.2768235016027743,
    0.2931331443209459,
    0.2780958850772416,
    0.2782115563021932,
    0.28064065202617616,
    0.2837637750998686,
    0.28619287082385164,
    0.2734690360791787,
    0.2774018577275322,
    0.2727750087294693,
    0.2878122679731736,
    0.2727750087294693,
    0.29868536311862137,
    0.2858458571489969,
    0.27728618650258063,
    0.2741630634288882,
    0.2816816930507403,
    0.2837637750998686,
    0.2809876657010309,
    0.270692926680341,
    0.2905883773720113,
    0.28607719959890004,
    0.2863085420488032,
    0.2768235016027743,
    0.2900100212472535,
    0.27867424120199946,
    0.3056256366157156,
    0.27312202240432404,
    0.2842264599996749,
    0.28688689817356106,
    0.2802936383513215,
    0.28943166512249563,
    0.29637193861958994,
    0.28064065202617616,
    0.28931599389754403,
    0.28480481612443276,
    0.27925259732675733,
    0.28411078877472334,
    0.2850361585743359,
    0.2619019135840216,
    0.2740473922039366,
    0.30192415741726536,
    0.29220777452133334,
    0.2780958850772416,
    0.2939428428956069,
    0.29590925371978366,
    0.2845734736745296,
    0.28549884347414217,
    0.2822600491754982,
    0.27659215915287116,
    0.28815928164802834,
    0.2992637192433792,
    0.27427873465383973,
    0.2946368702453164,
    0.274741419553646,
    0.29428985657046164,
