{
  "N": 8,
  "h": 0.5,
  "L": 3,
  "exact": -7.64059255359008,
  "convergence_raw": [
    -0.7275390625,
    -0.275390625,
    -0.2783203125,
    -0.55078125,
    -0.2587890625,
    -0.818359375,
    -0.92578125,
    -0.697265625,
    -0.46484375,
    -1.2431640625,
    -2.1201171875,
    -2.3017578125,
    -1.900390625,
    -1.7744140625,
    -1.39453125,
    -1.880859375,
    -2.0537109375,
    -2.76171875,
    -2.8212890625,
    -2.1982421875,
    -2.255859375,
    -2.150390625,
    -2.3349609375,
    -2.7958984375,
    -2.71484375,
    -3.8515625,
    -4.291015625,
    -3.3388671875,
    -4.3095703125,
    -4.57421875,
    -4.294921875,
    -4.8876953125,
    -4.0869140625,
    -4.580078125,
    -4.982421875,
    -4.75390625,
    -4.8759765625,
    -4.7353515625,
    -5.4306640625,
    -4.974609375,
    -5.17578125,
    -5.181640625,
    -5.4189453125,
    -5.5185546875,
    -5.1396484375,
    -5.56640625,
    -5.6328125,
    -5.703125,
    -5.255859375,
    -5.4228515625,
    -4.443359375,
    -5.4560546875,
    -5.1513671875,
    -5.7490234375,
    -5.380859375,
    -5.5224609375,
    -5.8935546875,
    -5.470703125,
    -5.70703125,
    -5.591796875,
    -5.6865234375,
    -5.630859375,
    -6.0546875,
    -5.20703125,
    -5.904296875,
    -5.1357421875,
    -5.95703125,
    -4.646484375,
    -5.8935546875,
    -5.798828125,
    -5.6279296875,
    -5.3447265625,
    -5.8701171875,
    -5.435546875,
    -5.8779296875,
    -5.7373046875,
    -5.69921875,
    -5.4482421875,
    -5.740234375,
    -5.7880859375,
    -5.9736328125,
    -5.876953125,
    -5.9609375,
    -5.802734375,
    -5.947265625,
    -6.0009765625,
    -5.87109375,
    -5.890625,
    -5.8876953125,
    -5.8330078125,
    -5.8271484375,
    -5.958984375,
    -6.0517578125,
    -5.814453125,
    -5.951171875,
    -6.0,
    -5.8798828125,
    -5.7783203125,
    -5.99609375,
    -5.8994140625,
    -5.8056640625,
    -5.7900390625,
    -5.759765625,
    -5.78125,
    -5.9892578125,
    -5.853515625,
    -5.82421875,
    -5.8798828125,
    -5.900390625,
    -5.8671875,
    -5.66015625,
    -5.896484375,
    -5.9345703125,
    -5.80859375,
    -6.0107421875,
    -5.88671875,
    -5.890625,
    -5.8583984375,
    -5.7841796875,
    -6.099609375,
    -5.962890625,
    -5.8740234375,
    -5.873046875,
    -5.8173828125,
    -5.83203125,
    -5.8623046875,
    -5.9208984375,
    -5.99609375,
    -5.791015625,
    -5.79296875,
    -5.9365234375,
    -5.7158203125,
    -5.7685546875,
    -5.9638671875,
    -5.8671875,
    -5.89453125,
    -5.9755859375,
    -5.69921875,
    -6.0546875,
    -5.8408203125,
    -6.048828125,
    -5.75,
    -5.8603515625,
    -5.8955078125,
    -5.923828125,
    -5.9375,
    -5.8193359375,
    -5.775390625,
    -5.79296875,
    -5.783203125,
    -5.8369140625,
    -5.828125,
    -6.02734375,
    -5.91796875,
    -5.9052734375,
    -5.83984375,
    -5.9287109375,
    -5.8154296875,
    -5.984375,
    -5.955078125,
    -5.7138671875,
    -5.892578125,
    -5.810546875,
    -6.04296875,
    -5.7978515625,
    -5.7216796875,
    -5.8857421875,
    -5.91796875,
    -6.0048828125,
    -5.884765625,
    -6.0087890625,
    -5.7646484375,
    -6.1513671875,
    -5.79296875,
    -5.8017578125,
    -5.8671875,
    -5.9521484375,
    -5.734375,
    -5.7412109375,
    -5.8544921875,
    -5.7275390625,
    -5.888671875,
    -5.8037109375,
    -5.828125,
    -5.869140625,
    -5.736328125,
    -5.9189453125,
    -6.0400390625,
    -5.90234375,
    -5.90234375,
    -6.01171875,
    -5.921875,
    -5.9033203125,
    -5.8525390625,
    -5.818359375,
    -5.9013671875,
    -6.025390625,
    -5.7763671875,
    -5.9033203125,
    -5.951171875,
    -5.841796875,
    -5.9111328125,
    -5.974609375,
    -5.8515625,
    -5.9267578125,
    -5.818359375,
    -5.931640625,
    -5.8515625,
    -5.8369140625,
    -5.8056640625,
    -5.6806640625,
    -6.0009765625,
    -5.8193359375,
    -5.853515625,
    -5.7119140625,
    -5.701171875,
    -5.7392578125,
    -5.7275390625,
    -5.7392578125,
    -6.01171875,
    -5.7451171875,
    -5.8486328125,
    -5.8720703125,
    -5.8984375,
    -5.8427734375,
    -5.837890625,
    -5.9140625,
    -5.8681640625,
    -5.9384765625
  ],