{
  "N": 8,
  "h": 2.0,
  "L": 1,
  "exact": -16.885141493208188,
  "convergence_raw": [
    -2.880859375,
    -1.134765625,
    -0.76953125,
    -2.109375,
    -3.46484375,
    -3.48828125,
    -3.28125,
    -4.185546875,
    -2.697265625,
    -6.3828125,
    -7.890625,
    -7.314453125,
    -7.3046875,
    -7.251953125,
    -7.236328125,
    -5.96484375,
    -7.685546875,
    -7.916015625,
    -7.625,
    -8.263671875,
    -8.1875,
    -8.056640625,
    -8.21875,
    -7.962890625,
    -7.98046875,
    -7.87109375,
    -8.443359375,
    -8.416015625,
    -8.23828125,
    -8.26953125,
    -8.13671875,
    -8.56640625,
    -8.306640625,
    -8.234375,
    -7.9765625,
    -8.26171875,
    -8.1875,
    -8.38671875,
    -8.462890625,
    -8.02734375,
    -8.5859375,
    -8.259765625,
    -8.2734375,
    -8.43359375,
    -8.171875,
    -8.396484375,
    -8.3984375,
    -8.103515625,
    -8.099609375,
    -8.212890625,
    -8.263671875,
    -8.23046875,
    -8.234375,
    -8.021484375,
    -8.267578125,
    -8.544921875,
    -8.4453125,
    -8.30859375,
    -8.556640625,
    -8.103515625,
    -8.1796875,
    -8.39453125,
    -8.455078125,
    -8.341796875,
    -8.33203125,
    -8.142578125,
    -8.46875,
    -8.3359375,
    -8.421875,
    -8.30078125,
    -8.1015625,
    -8.5625,
    -8.234375,
    -8.23828125,
    -8.33984375,
    -8.37109375,
    -8.46875,
    -7.96875
  ],
  "convergence_rel": [
    0.8293849431964319,
    0.9327950183031369,
    0.9544255373690808,
    0.8750750770523027,
    0.794799246935912,
    0.7934111922364931,
    0.8056723420813597,
    0.7521165649287821,
    0.8402580383418796,
    0.621986436858264,
    0.5326882511956507,
    0.5668112625563644,
    0.5673896186811221,
    0.5705127417548146,
    0.5714381115544273,
    0.6467400789979003,
    0.5448337298155658,
    0.5311845252712802,
    0.5484195377890645,
    0.5105950472299006,
    0.5151062250030118,
    0.5228561970747672,
    0.5132554854037867,
    0.5284084158724426,
    0.5273673748478784,
    0.5338449634451664,
    0.49995329453435594,
    0.5015726916836779,
    0.512098773154271,
    0.5102480335550458,
    0.5181136768517527,
    0.49266600736240695,
    0.508050280280966,
    0.5123301156041741,
    0.5275987172977815,
    0.510710718454852,
    0.5151062250030118,
    0.5033077600579515,
    0.49879658228484025,
    0.5245912654490407,
    0.4915092951128912,
    0.5108263896798036,
    0.5100166911051427,
    0.5005316506591138,
    0.5160315948026244,
    0.5027294039331937,
    0.5026137327082421,
    0.5200800876759294,
    0.5203114301258326,
    0.5136024990786414,
    0.5105950472299006,
    0.5125614580540773,
    0.5123301156041741,
    0.5249382791238955,
    0.5103637047799974,
    0.49393839083687424,
    0.4998376233094044,
    0.5079346090560144,
    0.49324436348716477,
    0.5200800876759294,
    0.5155689099028181,
    0.5028450751581452,
    0.4992592671846465,
    0.5059681982318377,
    0.5065465543565956,
    0.517766663176898,
    0.4984495686099855,
    0.5063152119066924,
    0.5012256780088232,
    0.5083972939558207,
    0.520195758900881,
    0.4928973498123101,
    0.5123301156041741,
    0.512098773154271,
    0.5060838694567893,
    0.5042331298575641,
    0.4984495686099855,
    0.5280614021975879
  ],
  "elapsed_s": 994.6304064001888,
  "raw": {
    "mean": -8.32294921875,
    "sem": 0.020583138159934677,
    "rel_err": 0.5070844255526203,
    "parity_discard": 0.0,
    "cost": {
      "n_circuits_per_eval": 20,
      "overhead_circuits": 1.0,
      "overhead_amortised": 1.0,
      "shot_multiplier": 1.0,
      "measured_discard": 0.0,
      "overhead_effective": 1.0
    }
  },
  "readout": {
    "mean": -10.259815000894903,
    "sem": 0.024302354213409826,
    "rel_err": 0.3923761311078281,
    "parity_discard": 0.0,
    "cost": {
      "n_circuits_per_eval": 20,
      "overhead_circuits": 1.0,
      "overhead_amortised": 1.05,
      "shot_multiplier": 1.0,
      "measured_discard": 0.0,
      "overhead_effective": 1.05
    }
  },
  "parity": {
    "mean": -8.259680506020278,
    "sem": 0.040567329845753584,
    "rel_err": 0.510831430737929,
    "parity_discard": 0.50457763671875,
    "cost": {
      "n_circuits_per_eval": 20,
      "overhead_circuits": 1.0,
      "overhead_amortised": 1.0,
      "shot_multiplier": 2.018479733891832,
      "measured_discard": 0.50457763671875,
      "overhead_effective": 2.018479733891832
    }
  },
  "zne": {
    "mean": -8.32294921875,
    "sem": 0.047021322050922465,
    "rel_err": 0.5070844255526203,
    "parity_discard": 0.0,
    "cost": {
      "n_circuits_per_eval": 60,
      "overhead_circuits": 3.0,
      "overhead_amortised": 3.0,
      "shot_multiplier": 1.0,
      "measured_discard": 0.0,
      "overhead_effective": 3.0
    }
  },
  "ro+parity": {
    "mean": -10.224322352367636,
    "sem": 0.06705794022307797,
    "rel_err": 0.3944781359113735,
    "parity_discard": 0.5103545925176107,
    "cost": {
      "n_circuits_per_eval": 20,
      "overhead_circuits": 1.0,
      "overhead_amortised": 1.05,
      "shot_multiplier": 2.0422942495094603,
      "measured_discard": 0.5103545925176107,
      "overhead_effective": 2.1444089619849334
    }
  },
  "ro+zne": {
    "mean": -10.259815000894898,
    "sem": 0.05551771625809088,
    "rel_err": 0.39237613110782843,
    "parity_discard": 0.0,
    "cost": {
      "n_circuits_per_eval": 60,
      "overhead_circuits": 3.0,
      "overhead_amortised": 3.05,
      "shot_multiplier": 1.0,
      "measured_discard": 0.0,
      "overhead_effective": 3.05
    }
  },
  "parity+zne": {
    "mean": -8.259680506020276,
    "sem": 0.09267437582167168,
    "rel_err": 0.5108314307379291,
    "parity_discard": 0.50457763671875,
    "cost": {
      "n_circuits_per_eval": 60,
      "overhead_circuits": 3.0,
      "overhead_amortised": 3.0,
      "shot_multiplier": 2.018479733891832,
      "measured_discard": 0.50457763671875,
      "overhead_effective": 6.055439201675496
    }
  },
  "ro+parity+zne": {
    "mean": -10.224322352367635,
    "sem": 0.15319107216792174,
    "rel_err": 0.3944781359113736,
    "parity_discard": 0.5103545925176107,
    "cost": {
      "n_circuits_per_eval": 60,
      "overhead_circuits": 3.0,
      "overhead_amortised": 3.05,
      "shot_multiplier": 2.0422942495094603,
      "measured_discard": 0.5103545925176107,
      "overhead_effective": 6.228997461003853
    }
  }
}