{
  "N": 2,
  "h": 0.5,
  "L": 2,
  "exact": -1.4142135623730947,
  "readout_dom": {
    "noise_model_key": "readout_dom",
    "scale_means": [
      -1.08583984375,
      -1.0392578125,
      -0.99814453125
    ],
    "scale_sems": [
      0.002988704078031152,
      0.0017645811523039697,
      0.0023526341223919145
    ],
    "scale_factors": [
      1,
      3,
      5
    ],
    "extrapolated": -1.111181640625,
    "extrap_sem": 0.006086573164800733,
    "raw_energy": -1.08583984375
  },
  "balanced": {
    "noise_model_key": "balanced",
    "scale_means": [
      -1.072021484375,
      -0.927490234375,
      -0.802001953125
    ],
    "scale_sems": [
      0.0011580606665655686,
      0.0018286116514720707,
      0.002178194142890182
    ],
    "scale_factors": [
      1,
      3,
      5
    ],
    "extrapolated": -1.15142822265625,
    "extrap_sem": 0.0032567989913469056,
    "raw_energy": -1.072021484375
  },
  "gate_dom": {
    "noise_model_key": "gate_dom",
    "scale_means": [
      -1.040625,
      -0.802734375,
      -0.617041015625
    ],
    "scale_sems": [
      0.001783396715600554,
      0.004499081835855251,
      0.004792002237704714
    ],
    "scale_factors": [
      1,
      3,
      5
    ],
    "extrapolated": -1.1791442871093745,
    "extrap_sem": 0.006785159208201552,
    "raw_energy": -1.040625
  }
}