{
  "N": 6,
  "h": 1.0,
  "L": 2,
  "exact": -7.296229810558758,
  "readout_dom": {
    "noise_model_key": "readout_dom",
    "scale_means": [
      -5.03203125,
      -4.70595703125,
      -4.37939453125
    ],
    "scale_sems": [
      0.02140465946275036,
      0.02321745253540721,
      0.03052089825689465
    ],
    "scale_factors": [
      1,
      3,
      5
    ],
    "extrapolated": -5.194885253906251,
    "extrap_sem": 0.050832846911505504,
    "raw_energy": -5.03203125
  },
  "balanced": {
    "noise_model_key": "balanced",
    "scale_means": [
      -4.769921875,
      -3.6603515625,
      -2.83349609375
    ],
    "scale_sems": [
      0.017997917054774614,
      0.017943654988142637,
      0.020381867731554006
    ],
    "scale_factors": [
      1,
      3,
      5
    ],
    "extrapolated": -5.430725097656248,
    "extrap_sem": 0.04123473000382644,
    "raw_energy": -4.769921875
  },
  "gate_dom": {
    "noise_model_key": "gate_dom",
    "scale_means": [
      -4.378125,
      -2.7439453125,
      -1.6796875
    ],
    "scale_sems": [
      0.015674968927526022,
      0.02375607463046335,
      0.011758355923384702
    ],
    "scale_factors": [
      1,
      3,
      5
    ],
    "extrapolated": -5.408935546874999,
    "extrap_sem": 0.042012458166960226,
    "raw_energy": -4.378125
  }
}