{
  "N": 2,
  "h": 1.0,
  "L": 1,
  "exact": -2.23606797749979,
  "readout_dom": {
    "noise_model_key": "readout_dom",
    "scale_means": [
      -1.45654296875,
      -1.42236328125,
      -1.3890625
    ],
    "scale_sems": [
      0.00987366988483152,
      0.010417683869605145,
      0.00965316100850155
    ],
    "scale_factors": [
      1,
      3,
      5
    ],
    "extrapolated": -1.4739624023437492,
    "extrap_sem": 0.022921936375718484,
    "raw_energy": -1.45654296875
  },
  "balanced": {
    "noise_model_key": "balanced",
    "scale_means": [
      -1.469921875,
      -1.361328125,
      -1.26474609375
    ],
    "scale_sems": [
      0.00819469200090803,
      0.0051489946587750255,
      0.005682553330459436
    ],
    "scale_factors": [
      1,
      3,
      5
    ],
    "extrapolated": -1.52872314453125,
    "extrap_sem": 0.016794370863794976,
    "raw_energy": -1.469921875
  },
  "gate_dom": {
    "noise_model_key": "gate_dom",
    "scale_means": [
      -1.47109375,
      -1.2796875,
      -1.108203125
    ],
    "scale_sems": [
      0.003937860381573428,
      0.00438747262973345,
      0.0050427894708159945
    ],
    "scale_factors": [
      1,
      3,
      5
    ],
    "extrapolated": -1.5742675781249993,
    "extrap_sem": 0.009389885370257652,
    "raw_energy": -1.47109375
  }
}