{
  "N": 4,
  "h": 0.5,
  "L": 1,
  "exact": -3.427034088908078,
  "readout_dom": {
    "noise_model_key": "readout_dom",
    "scale_means": [
      -2.890869140625,
      -2.789208984375,
      -2.71044921875
    ],
    "scale_sems": [
      0.008834720274766712,
      0.00441455939542801,
      0.004710712180751221
    ],
    "scale_factors": [
      1,
      3,
      5
    ],
    "extrapolated": -2.950286865234374,
    "extrap_sem": 0.017549178343405705,
    "raw_energy": -2.890869140625
  },
  "balanced": {
    "noise_model_key": "balanced",
    "scale_means": [
      -2.8978515625,
      -2.5576171875,
      -2.248876953125
    ],
    "scale_sems": [
      0.007235629605287442,
      0.007439281731051069,
      0.01050219077007599
    ],
    "scale_factors": [
      1,
      3,
      5
    ],
    "extrapolated": -3.0797790527343736,
    "extrap_sem": 0.016912772964232846,
    "raw_energy": -2.8978515625
  },
  "gate_dom": {
    "noise_model_key": "gate_dom",
    "scale_means": [
      -2.85595703125,
      -2.267431640625,
      -1.794775390625
    ],
    "scale_sems": [
      0.004715770665087334,
      0.009130859375,
      0.0101539022226275
    ],
    "scale_factors": [
      1,
      3,
      5
    ],
    "extrapolated": -3.1936706542968736,
    "extrap_sem": 0.014931529027847395,
    "raw_energy": -2.85595703125
  }
}