{
  "N": 6,
  "h": 0.5,
  "L": 1,
  "exact": -5.522029570800216,
  "readout_dom": {
    "noise_model_key": "readout_dom",
    "scale_means": [
      -4.563623046875,
      -4.41044921875,
      -4.2345703125
    ],
    "scale_sems": [
      0.015634838821268385,
      0.013873203745549451,
      0.013371776156629598
    ],
    "scale_factors": [
      1,
      3,
      5
    ],
    "extrapolated": -4.631695556640625,
    "extrap_sem": 0.03442760960796582,
    "raw_energy": -4.563623046875
  },
  "balanced": {
    "noise_model_key": "balanced",
    "scale_means": [
      -4.560400390625,
      -3.955126953125,
      -3.4271484375
    ],
    "scale_sems": [
      0.0162588491553844,
      0.009518165988251477,
      0.013788132244426541
    ],
    "scale_factors": [
      1,
      3,
      5
    ],
    "extrapolated": -4.892022705078126,
    "extrap_sem": 0.03313074272462207,
    "raw_energy": -4.560400390625
  },
  "gate_dom": {
    "noise_model_key": "gate_dom",
    "scale_means": [
      -4.459814453125,
      -3.429638671875,
      -2.65966796875
    ],
    "scale_sems": [
      0.014768711958233644,
      0.012082716608203441,
      0.013439935862637933
    ],
    "scale_factors": [
      1,
      3,
      5
    ],
    "extrapolated": -5.072479248046874,
    "extrap_sem": 0.03194251008917927,
    "raw_energy": -4.459814453125
  }
}