{
  "N": 4,
  "h": 0.5,
  "L": 2,
  "exact": -3.427034088908078,
  "readout_dom": {
    "noise_model_key": "readout_dom",
    "scale_means": [
      -1.93125,
      -1.803076171875,
      -1.693115234375
    ],
    "scale_sems": [
      0.005557404316478729,
      0.009978335277565042,
      0.008507871685400197
    ],
    "scale_factors": [
      1,
      3,
      5
    ],
    "extrapolated": -2.002166748046876,
    "extrap_sem": 0.016562966754022503,
    "raw_energy": -1.93125
  },
  "balanced": {
    "noise_model_key": "balanced",
    "scale_means": [
      -1.86435546875,
      -1.4580078125,
      -1.139697265625
    ],
    "scale_sems": [
      0.006640265959962972,
      0.011391979330628106,
      0.017381097944761163
    ],
    "scale_factors": [
      1,
      3,
      5
    ],
    "extrapolated": -2.1005432128906247,
    "extrap_sem": 0.020006872687559962,
    "raw_energy": -1.86435546875
  },
  "gate_dom": {
    "noise_model_key": "gate_dom",
    "scale_means": [
      -1.745166015625,
      -1.1064453125,
      -0.71396484375
    ],
    "scale_sems": [
      0.011471596180170327,
      0.017337938314451563,
      0.008028700962098038
    ],
    "scale_factors": [
      1,
      3,
      5
    ],
    "extrapolated": -2.156866455078125,
    "extrap_sem": 0.030682342389654685,
    "raw_energy": -1.745166015625
  }
}