{
  "N": 4,
  "h": 1.0,
  "L": 2,
  "exact": -4.7587704831436355,
  "readout_dom": {
    "noise_model_key": "readout_dom",
    "scale_means": [
      -3.4166015625,
      -3.2029296875,
      -3.00087890625
    ],
    "scale_sems": [
      0.011344949790201255,
      0.012152809264127118,
      0.010483160775790581
    ],
    "scale_factors": [
      1,
      3,
      5
    ],
    "extrapolated": -3.52779541015625,
    "extrap_sem": 0.026433117701710047,
    "raw_energy": -3.4166015625
  },
  "balanced": {
    "noise_model_key": "balanced",
    "scale_means": [
      -3.22412109375,
      -2.55126953125,
      -1.9908203125
    ],
    "scale_sems": [
      0.012602008393091587,
      0.016105141173072338,
      0.01074152164129506
    ],
    "scale_factors": [
      1,
      3,
      5
    ],
    "extrapolated": -3.6026977539062512,
    "extrap_sem": 0.03130204873022282,
    "raw_energy": -3.22412109375
  },
  "gate_dom": {
    "noise_model_key": "gate_dom",
    "scale_means": [
      -2.99794921875,
      -1.92109375,
      -1.23818359375
    ],
    "scale_sems": [
      0.011973747465055942,
      0.014050796725127008,
      0.011125314429479515
    ],
    "scale_factors": [
      1,
      3,
      5
    ],
    "extrapolated": -3.684106445312499,
    "extrap_sem": 0.028808319607739594,
    "raw_energy": -2.99794921875
  }
}