{
  "N": 6,
  "h": 1.0,
  "L": 1,
  "exact": -7.296229810558758,
  "readout_dom": {
    "noise_model_key": "readout_dom",
    "scale_means": [
      -5.5322265625,
      -5.309765625,
      -5.125390625
    ],
    "scale_sems": [
      0.020090266612492604,
      0.021983287358711915,
      0.022600302182768293
    ],
    "scale_factors": [
      1,
      3,
      5
    ],
    "extrapolated": -5.657739257812502,
    "extrap_sem": 0.047390941919411,
    "raw_energy": -5.5322265625
  },
  "balanced": {
    "noise_model_key": "balanced",
    "scale_means": [
      -5.47724609375,
      -4.74365234375,
      -4.12978515625
    ],
    "scale_sems": [
      0.020872295821234448,
      0.02326392431556952,
      0.013238996723344356
    ],
    "scale_factors": [
      1,
      3,
      5
    ],
    "extrapolated": -5.888940429687499,
    "extrap_sem": 0.04900897903306747,
    "raw_energy": -5.47724609375
  },
  "gate_dom": {
    "noise_model_key": "gate_dom",
    "scale_means": [
      -5.33359375,
      -4.11728515625,
      -3.1916015625
    ],
    "scale_sems": [
      0.02789893958698296,
      0.011640567651389773,
      0.019930370239861304
    ],
    "scale_factors": [
      1,
      3,
      5
    ],
    "extrapolated": -6.050732421874998,
    "extrap_sem": 0.05480850116731976,
    "raw_energy": -5.33359375
  }
}