{
  "N": 4,
  "h": 1.0,
  "L": 1,
  "exact": -4.7587704831436355,
  "readout_dom": {
    "noise_model_key": "readout_dom",
    "scale_means": [
      -3.42373046875,
      -3.311328125,
      -3.19560546875
    ],
    "scale_sems": [
      0.009002666925960615,
      0.010912403196274706,
      0.01731960506138699
    ],
    "scale_factors": [
      1,
      3,
      5
    ],
    "extrapolated": -3.4786865234375,
    "extrap_sem": 0.02265349568692438,
    "raw_energy": -3.42373046875
  },
  "balanced": {
    "noise_model_key": "balanced",
    "scale_means": [
      -3.4076171875,
      -3.00283203125,
      -2.64951171875
    ],
    "scale_sems": [
      0.015717347949011404,
      0.017629184740141867,
      0.018609474008906956
    ],
    "scale_factors": [
      1,
      3,
      5
    ],
    "extrapolated": -3.629309082031251,
    "extrap_sem": 0.03745382764568568,
    "raw_energy": -3.4076171875
  },
  "gate_dom": {
    "noise_model_key": "gate_dom",
    "scale_means": [
      -3.337890625,
      -2.6296875,
      -2.084765625
    ],
    "scale_sems": [
      0.019178951583386686,
      0.019908825957679763,
      0.016443990260086756
    ],
    "scale_factors": [
      1,
      3,
      5
    ],
    "extrapolated": -3.7532226562499993,
    "extrap_sem": 0.04416446885752523,
    "raw_energy": -3.337890625
  }
}