{
  "N": 6,
  "h": 0.5,
  "L": 2,
  "exact": -5.522029570800216,
  "readout_dom": {
    "noise_model_key": "readout_dom",
    "scale_means": [
      -4.542138671875,
      -4.225732421875,
      -3.915380859375
    ],
    "scale_sems": [
      0.00935909193117169,
      0.016901621130211847,
      0.02056782977474936
    ],
    "scale_factors": [
      1,
      3,
      5
    ],
    "extrapolated": -4.7026123046874995,
    "extrap_sem": 0.028526888543239353,
    "raw_energy": -4.542138671875
  },
  "balanced": {
    "noise_model_key": "balanced",
    "scale_means": [
      -4.296728515625,
      -3.29189453125,
      -2.5111328125
    ],
    "scale_sems": [
      0.009550424268795038,
      0.021114790983328566,
      0.00926918072204521
    ],
    "scale_factors": [
      1,
      3,
      5
    ],
    "extrapolated": -4.883172607421874,
    "extrap_sem": 0.03208365166442208,
    "raw_energy": -4.296728515625
  },
  "gate_dom": {
    "noise_model_key": "gate_dom",
    "scale_means": [
      -3.95478515625,
      -2.41220703125,
      -1.49638671875
    ],
    "scale_sems": [
      0.01436107292555539,
      0.01303596634443819,
      0.016168930596521584
    ],
    "scale_factors": [
      1,
      3,
      5
    ],
    "extrapolated": -4.9611083984375,
    "extrap_sem": 0.03205236053295273,
    "raw_energy": -3.95478515625
  }
}