{
  "N": 2,
  "h": 0.5,
  "L": 1,
  "exact": -1.4142135623730947,
  "readout_dom": {
    "noise_model_key": "readout_dom",
    "scale_means": [
      -1.031884765625,
      -1.01044921875,
      -0.989697265625
    ],
    "scale_sems": [
      0.007228211910584553,
      0.00826963077389775,
      0.006935226892831532
    ],
    "scale_factors": [
      1,
      3,
      5
    ],
    "extrapolated": -1.04285888671875,
    "extrap_sem": 0.017242363043454532,
    "raw_energy": -1.031884765625
  },
  "balanced": {
    "noise_model_key": "balanced",
    "scale_means": [
      -1.055517578125,
      -0.976953125,
      -0.905908203125
    ],
    "scale_sems": [
      0.006329130869854804,
      0.00560173734554309,
      0.005251918260622472
    ],
    "scale_factors": [
      1,
      3,
      5
    ],
    "extrapolated": -1.0976196289062494,
    "extrap_sem": 0.013918971366860615,
    "raw_energy": -1.055517578125
  },
  "gate_dom": {
    "noise_model_key": "gate_dom",
    "scale_means": [
      -1.058984375,
      -0.92041015625,
      -0.7986328125
    ],
    "scale_sems": [
      0.0046984227394960614,
      0.004477834577386865,
      0.005312737852269625
    ],
    "scale_factors": [
      1,
      3,
      5
    ],
    "extrapolated": -1.1345703125000006,
    "extrap_sem": 0.01062576582196304,
    "raw_energy": -1.058984375
  }
}