{
  "N": 2,
  "h": 1.0,
  "L": 2,
  "exact": -2.23606797749979,
  "readout_dom": {
    "noise_model_key": "readout_dom",
    "scale_means": [
      -1.89521484375,
      -1.82939453125,
      -1.76337890625
    ],
    "scale_sems": [
      0.015964332880405815,
      0.01604180406123521,
      0.016659337657571046
    ],
    "scale_factors": [
      1,
      3,
      5
    ],
    "extrapolated": -1.928051757812501,
    "extrap_sem": 0.03656655586602461,
    "raw_energy": -1.89521484375
  },
  "balanced": {
    "noise_model_key": "balanced",
    "scale_means": [
      -1.87294921875,
      -1.6373046875,
      -1.4298828125
    ],
    "scale_sems": [
      0.01555878915934593,
      0.016535657327630973,
      0.01592844986609553
    ],
    "scale_factors": [
      1,
      3,
      5
    ],
    "extrapolated": -2.00135498046875,
    "extrap_sem": 0.03624855988206951,
    "raw_energy": -1.87294921875
  },
  "gate_dom": {
    "noise_model_key": "gate_dom",
    "scale_means": [
      -1.81630859375,
      -1.42177734375,
      -1.1025390625
    ],
    "scale_sems": [
      0.016301867531352522,
      0.017269838949489615,
      0.0140621609117104
    ],
    "scale_factors": [
      1,
      3,
      5
    ],
    "extrapolated": -2.0418090820312496,
    "extrap_sem": 0.03779020668996334,
    "raw_energy": -1.81630859375
  }
}