{
  "N": 10,
  "h": 2.0,
  "L": 1,
  "exact": -21.13931911563114,
  "convergence_raw": [
    0.177734375,
    -0.201171875,
    -0.310546875,
    0.009765625,
    -0.111328125,
    0.619140625,
    -0.494140625,
    -0.189453125,
    1.412109375,
    0.349609375,
    -0.96484375,
    -1.4609375,
    -0.8125,
    -1.54296875,
    -0.259765625,
    -2.314453125,
    -3.6796875,
    -4.474609375,
    -2.7109375,
    -4.61328125,
    -6.11328125,
    -7.162109375,
    -6.681640625,
    -6.619140625,
    -8.1015625,
    -8.130859375,
    -6.53125,
    -7.181640625,
    -9.30078125,
    -7.966796875,
    -9.7734375,
    -8.849609375,
    -10.1875,
    -11.78125,
    -11.35546875,
    -11.533203125,
    -11.900390625,
    -10.166015625,
    -11.75390625,
    -11.380859375,
    -11.494140625,
    -12.724609375,
    -11.84765625,
    -12.220703125,
    -11.2734375,
    -12.94921875,
    -12.546875,
    -12.68359375,
    -12.88671875,
    -12.765625,
    -12.958984375,
    -12.95703125,
    -12.927734375,
    -13.0,
    -12.951171875,
    -12.94921875,
    -13.119140625,
    -13.1796875,
    -13.1875,
    -13.23046875,
    -13.224609375,
    -13.16015625,
    -13.296875,
    -13.271484375,
    -13.259765625,
    -13.23046875,
    -13.255859375,
    -13.228515625,
    -13.2890625,
    -13.2578125,
    -13.255859375,
    -13.271484375,
    -13.25,
    -13.283203125,
    -13.26953125,
    -13.27734375,
    -13.279296875,
    -13.30078125,
    -13.283203125,
    -13.296875,
    -13.28515625,
    -13.28515625,
    -13.275390625,
    -13.298828125,
    -13.28515625,
    -13.27734375,
    -13.296875,
    -13.28125,
    -13.287109375,
    -13.298828125,
    -13.3046875,
    -13.298828125,
    -13.30078125,
    -13.30859375,
    -13.3125,
    -13.31640625,
    -13.3125,
    -13.314453125,
    -13.3125,
    -13.318359375,
    -13.302734375,
    -13.314453125,
    -13.310546875,
    -13.318359375,
    -13.326171875,
    -13.322265625,
    -13.32421875,
    -13.328125,
    -13.322265625,
    -13.3359375,
    -13.330078125,
    -13.33203125,
    -13.32421875,
    -13.30859375,
    -13.302734375,
    -13.30078125,
    -13.3046875,
    -13.298828125,
    -13.30859375,
    -13.298828125,
    -13.30078125
  ],
  "convergence_rel": [
    1.0084077625219525,
    0.9904835215410867,
    0.9853095138352697,
    1.0004619649737336,
    0.9947335992994363,
    1.029288579334714,
    0.9766245723290768,
    0.991037879509567,
    1.0668001352018872,
    1.016538346059665,
    0.9543578605951144,
    0.9308900399294444,
    0.9615645141853595,
    0.9270095341500817,
    0.9877117316986846,
    0.8905143012251225,
    0.8259315978971569,
    0.7883276490352369,
    0.8717585232915359,
    0.7817677464082189,
    0.7108099264427287,
    0.6611948882637336,
    0.6839235649714297,
    0.6868801408033252,
    0.6167538577905555,
    0.6153679628693545,
    0.691037825566928,
    0.6602709583162663,
    0.5600245590160621,
    0.62312897442808,
    0.5376654542873529,
    0.5813673408025571,
    0.5180781394010456,
    0.44268545568771234,
    0.4628271285424999,
    0.45441936602054733,
    0.43704948300816165,
    0.5190944623432597,
    0.44397895761416656,
    0.4616260196107924,
    0.45626722591548197,
    0.3980596392250408,
    0.4395440938663234,
    0.4218970318696976,
    0.4667076343218627,
    0.38743444482916656,
    0.40646740174699336,
    0.39999989211472214,
    0.390391020661062,
    0.39611938633535937,
    0.3869724798554329,
    0.38706487285017965,
    0.38845076777138066,
    0.38503222696575157,
    0.38734205183441983,
    0.38743444482916656,
    0.3793962542862009,
    0.3765320714490522,
    0.37616249947006525,
    0.37412985358563716,
    0.37440703256987734,
    0.3774560013965195,
    0.37098849176424825,
    0.3721896006959558,
    0.37274395866443616,
    0.37412985358563716,
    0.37292874465392967,
    0.3742222465803839,
    0.3713580637432352,
    0.37283635165918294,
    0.37292874465392967,
    0.3721896006959558,
    0.37320592363816985,
    0.3716352427274754,
    0.37228199369070253,
    0.37191242171171557,
    0.37182002871696884,
    0.3708037057747548,
    0.3716352427274754,
    0.37098849176424825,
    0.37154284973272866,
    0.37154284973272866,
    0.37200481470646235,
    0.3708960987695015,
    0.37154284973272866,
    0.37191242171171557,
    0.37098849176424825,
    0.3717276357222221,
    0.37145045673798194,
    0.3708960987695015,
    0.37061891978526135,
    0.3708960987695015,
    0.3708037057747548,
    0.3704341337957679,
    0.37024934780627444,
    0.37006456181678093,
    0.37024934780627444,
    0.37015695481152766,
    0.37024934780627444,
    0.3699721688220342,
    0.3707113127800081,
    0.37015695481152766,
    0.37034174080102117,
    0.3699721688220342,
    0.3696025968430473,
    0.36978738283254076,
    0.36969498983779403,
    0.3695102038483006,
    0.36978738283254076,
    0.3691406318693136,
    0.36941781085355385,
    0.36932541785880707,
    0.36969498983779403,
    0.3704341337957679,
    0.3707113127800081,
    0.3708037057747548,
    0.37061891978526135,
    0.3708960987695015,
    0.3704341337957679,
    0.3708960987695015,
    0.3708037057747548
  ],
  "elapsed_s": 2544.816059999983,
  "raw": {
    "mean": -13.1224609375,
    "sem": 0.026101265419546237,
    "rel_err": 0.3792391861951315,
    "parity_discard": 0.0,
    "cost": {
      "n_circuits_per_eval": 20,
      "overhead_circuits": 1.0,
      "overhead_amortised": 1.0,
      "shot_multiplier": 1.0,
      "measured_discard": 0.0,
      "overhead_effective": 1.0
    }
  },
  "readout": {
    "mean": -14.905039536928374,
    "sem": 0.029753705054003675,
    "rel_err": 0.2949139253067486,
    "parity_discard": 0.0,
    "cost": {
      "n_circuits_per_eval": 20,
      "overhead_circuits": 1.0,
      "overhead_amortised": 1.0625,
      "shot_multiplier": 1.0,
      "measured_discard": 0.0,
      "overhead_effective": 1.0625
    }
  },
  "parity": {
    "mean": -13.4191484931897,
    "sem": 0.04157873395936808,
    "rel_err": 0.3652043180867107,
    "parity_discard": 0.495843505859375,
    "cost": {
      "n_circuits_per_eval": 20,
      "overhead_circuits": 1.0,
      "overhead_amortised": 1.0,
      "shot_multiplier": 1.9835110955073183,
      "measured_discard": 0.495843505859375,
      "overhead_effective": 1.9835110955073183
    }
  },
  "zne": {
    "mean": -13.148080444335935,
    "sem": 0.06113057202677634,
    "rel_err": 0.37802724995935216,
    "parity_discard": 0.0,
    "cost": {
      "n_circuits_per_eval": 60,
      "overhead_circuits": 3.0,
      "overhead_amortised": 3.0,
      "shot_multiplier": 1.0,
      "measured_discard": 0.0,
      "overhead_effective": 3.0
    }
  },
  "ro+parity": {
    "mean": -15.414512214264615,
    "sem": 0.06765351141539168,
    "rel_err": 0.27081321162957445,
    "parity_discard": 0.4899925088768257,
    "cost": {
      "n_circuits_per_eval": 20,
      "overhead_circuits": 1.0,
      "overhead_amortised": 1.0625,
      "shot_multiplier": 1.9607555132135999,
      "measured_discard": 0.4899925088768257,
      "overhead_effective": 2.0833027327894498
    }
  },
  "ro+zne": {
    "mean": -14.93564251885006,
    "sem": 0.06948615210221144,
    "rel_err": 0.2934662447190112,
    "parity_discard": 0.0,
    "cost": {
      "n_circuits_per_eval": 60,
      "overhead_circuits": 3.0,
      "overhead_amortised": 3.0625,
      "shot_multiplier": 1.0,
      "measured_discard": 0.0,
      "overhead_effective": 3.0625
    }
  },
  "parity+zne": {
    "mean": -13.450717765916972,
    "sem": 0.09033818373509807,
    "rel_err": 0.36371092690629525,
    "parity_discard": 0.49608764648437503,
    "cost": {
      "n_circuits_per_eval": 60,
      "overhead_circuits": 3.0,
      "overhead_amortised": 3.0,
      "shot_multiplier": 1.9844720873051445,
      "measured_discard": 0.49608764648437503,
      "overhead_effective": 5.953416261915433
    }
  },
  "ro+parity+zne": {
    "mean": -15.458241007367556,