{
  "N": 10,
  "h": 1.0,
  "L": 3,
  "exact": -12.38148999965476,
  "convergence_raw": [
    -0.5078125,
    0.015625,
    -0.6015625,
    -0.697265625,
    -1.326171875,
    -0.90234375,
    -0.611328125,
    -1.322265625,
    -1.4921875,
    -1.533203125,
    -0.830078125,
    -1.833984375,
    -1.73828125,
    -1.3671875,
    -1.544921875,
    -2.123046875,
    -1.12890625,
    -2.560546875,
    -2.72265625,
    -2.578125,
    -2.65625,
    -2.802734375,
    -1.646484375,
    -3.52734375,
    -3.765625,
    -3.123046875,
    -3.3046875,
    -3.205078125,
    -3.619140625,
    -4.16015625,
    -3.544921875,
    -5.4296875,
    -4.896484375,
    -5.2578125,
    -4.470703125,
    -5.666015625,
    -5.6328125,
    -5.513671875,
    -5.330078125,
    -5.267578125,
    -6.408203125,
    -6.072265625,
    -5.962890625,
    -6.57421875,
    -6.03515625,
    -6.9140625,
    -6.890625,
    -7.275390625,
    -7.5703125,
    -7.439453125,
    -7.443359375,
    -6.689453125,
    -7.53125,
    -7.423828125,
    -7.732421875,
    -7.515625,
    -7.50390625,
    -7.07421875,
    -7.74609375,
    -7.69921875,
    -7.794921875,
    -7.265625,
    -7.21875,
    -7.4140625,
    -7.7890625,
    -7.392578125,
    -7.5078125,
    -7.8359375,
    -7.763671875,
    -7.314453125,
    -7.201171875,
    -7.83203125,
    -7.94921875,
    -7.677734375,
    -7.609375,
    -7.20703125,
    -7.734375,
    -7.23046875,
    -7.896484375,
    -6.87109375,
    -7.25,
    -7.8984375,
    -7.669921875,
    -7.998046875,
    -7.998046875,
    -8.060546875,
    -7.529296875,
    -7.828125,
    -8.0,
    -7.78125,
    -8.39453125,
    -7.515625,
    -8.50390625,
    -8.4609375,
    -8.5546875,
    -7.716796875,
    -8.2421875,
    -8.052734375,
    -8.44140625,
    -8.375,
    -8.486328125,
    -7.64453125,
    -8.634765625,
    -7.611328125,
    -8.515625,
    -8.11328125,
    -8.49609375,
    -7.576171875,
    -8.552734375,
    -8.4453125,
    -8.50390625,
    -8.6640625,
    -8.484375,
    -8.62109375,
    -8.458984375,
    -8.62890625,
    -8.857421875,
    -8.2109375,
    -8.48828125,
    -8.1328125,
    -8.666015625,
    -8.587890625,
    -8.884765625,
    -7.994140625,
    -8.61328125,
    -8.40234375,
    -8.537109375,
    -8.373046875,
    -8.859375,
    -8.15234375,
    -8.357421875,
    -8.611328125,
    -8.736328125,
    -8.875,
    -9.037109375,
    -9.130859375,
    -9.173828125,
    -9.197265625,
    -9.259765625,
    -9.259765625,
    -9.26953125,
    -9.244140625,
    -9.255859375,
    -9.30078125,
    -9.296875,
    -9.2578125,
    -9.291015625,
    -9.263671875,
    -9.31640625,
    -9.37890625,
    -9.330078125,
    -9.361328125,
    -9.3046875,
    -9.34375,
    -9.373046875,
    -9.380859375,
    -9.408203125,
    -9.421875,
    -9.40625,
    -9.43359375,
    -9.400390625,
    -9.419921875,
    -9.3828125,
    -9.37109375,
    -9.462890625,
    -9.46875,
    -9.474609375,
    -9.52734375,
    -9.5,
    -9.513671875,
    -9.55859375,
    -9.62109375,
    -9.654296875,
    -9.693359375,
    -9.6484375,
    -9.69140625,
    -9.625,
    -9.666015625,
    -9.693359375,
    -9.6484375,
    -9.716796875,
    -9.65234375,
    -9.70703125,
    -9.708984375,
    -9.66796875,
    -9.6484375,
    -9.734375,
    -9.748046875,
    -9.7578125,
    -9.759765625,
    -9.826171875,
    -9.833984375,
    -9.79296875,
    -9.826171875,
    -9.841796875,
    -9.794921875,
    -9.841796875,
    -9.837890625,
    -9.78125,
    -9.8203125,
    -9.802734375,
    -9.79296875,
    -9.771484375,
    -9.849609375,
    -9.841796875,
    -9.802734375,
    -9.837890625,
    -9.8125,
    -9.84765625,
    -9.791015625,
    -9.80078125,
    -9.7890625,
    -9.806640625,
    -9.81640625,
    -9.8203125,
    -9.779296875,
    -9.767578125,
    -9.826171875,
    -9.765625,
    -9.78515625,
    -9.802734375,
    -9.8046875,
    -9.794921875,
    -9.798828125,
    -9.779296875,
    -9.83203125,
    -9.84375,
    -9.826171875,
    -9.82421875,
    -9.8359375,
    -9.833984375,
    -9.818359375,
    -9.841796875,
    -9.83203125,
    -9.818359375,
    -9.833984375,
    -9.83203125,
    -9.830078125,
    -9.830078125,
    -9.826171875,
    -9.828125,
    -9.82421875,
    -9.826171875,
    -9.833984375,
    -9.84765625,
    -9.8359375,
    -9.828125,
    -9.82421875,
    -9.833984375,
    -9.828125,
    -9.830078125,
    -9.83984375,
    -9.83203125,
    -9.83984375,
    -9.83203125,
    -9.837890625,
    -9.828125,
    -9.828125,
    -9.8203125,
    -9.802734375,
    -9.8046875,
    -9.796875,
    -9.80859375,
    -9.81640625,
    -9.82421875,
    -9.83203125,
    -9.83203125,
    -9.826171875,
    -9.826171875,
    -9.826171875,
    -9.837890625,
    -9.84765625,
    -9.83984375,
    -9.84375,
    -9.8359375,
    -9.837890625,
    -9.84375,
    -9.837890625,
    -9.8359375,
    -9.833984375,
    -9.833984375,
    -9.830078125,
    -9.830078125,
    -9.830078125,
    -9.82421875,
    -9.828125,
    -9.826171875,
    -9.826171875,
    -9.81640625,
    -9.80859375,
    -9.810546875,
    -9.80859375,
    -9.810546875,
    -9.810546875,
    -9.810546875,
    -9.818359375,
    -9.81640625,
    -9.818359375,
    -9.822265625,
    -9.80859375
  ],