{
  "N": 10,
  "h": 0.5,
  "L": 1,
  "exact": -9.765503957927175,
  "convergence_raw": [
    -0.2333984375,
    -0.01171875,
    -1.3583984375,
    -1.2490234375,
    -1.583984375,
    -2.2060546875,
    -2.068359375,
    -1.978515625,
    -3.2470703125,
    -2.4609375,
    -2.916015625,
    -4.67578125,
    -4.248046875,
    -5.4130859375,
    -5.2265625,
    -5.14453125,
    -5.5361328125,
    -5.341796875,
    -5.0751953125,
    -5.24609375,
    -5.5947265625,
    -5.984375,
    -6.2255859375,
    -5.4951171875,
    -6.2451171875,
    -6.0673828125,
    -6.3681640625,
    -6.20703125,
    -5.80078125,
    -5.9970703125,
    -6.224609375,
    -6.3876953125,
    -5.8525390625,
    -5.939453125,
    -6.1044921875,
    -6.1787109375,
    -5.9052734375,
    -6.2890625,
    -6.4482421875,
    -6.4921875,
    -6.529296875,
    -6.5498046875,
    -6.548828125,
    -6.5166015625,
    -6.6435546875,
    -6.72265625,
    -6.7958984375,
    -6.787109375,
    -6.798828125,
    -6.84375,
    -6.853515625,
    -6.8671875,
    -6.876953125,
    -6.8427734375,
    -6.8662109375,
    -6.9404296875,
    -6.98046875,
    -7.0419921875,
    -7.068359375,
    -7.076171875,
    -7.1044921875,
    -7.0869140625,
    -7.0556640625,
    -7.0849609375,
    -7.0927734375,
    -7.0673828125,
    -7.080078125,
    -7.1474609375,
    -7.1572265625,
    -7.1796875,
    -7.1640625,
    -7.1865234375,
    -7.1826171875,
    -7.181640625,
    -7.1953125,
    -7.169921875,
    -7.2021484375,
    -7.171875,
    -7.2099609375,
    -7.208984375,
    -7.216796875,
    -7.19921875,
    -7.212890625,
    -7.212890625,
    -7.2177734375,
    -7.22265625,
    -7.2255859375,
    -7.228515625,
    -7.228515625,
    -7.23046875,
    -7.2314453125,
    -7.23046875,
    -7.2314453125,
    -7.23046875,
    -7.2265625,
    -7.2333984375,
    -7.232421875,
    -7.228515625,
    -7.2294921875,
    -7.2255859375,
    -7.22265625,
    -7.2275390625,
    -7.2333984375,
    -7.228515625,
    -7.2314453125,
    -7.2265625,
    -7.2275390625,
    -7.2265625,
    -7.23046875,
    -7.2255859375,
    -7.2275390625,
    -7.2236328125,
    -7.2265625,
    -7.2275390625,
    -7.2294921875,
    -7.2236328125,
    -7.228515625,
    -7.228515625,
    -7.2333984375,
    -7.234375,
    -7.23828125,
    -7.240234375,
    -7.244140625,
    -7.2509765625,
    -7.2490234375,
    -7.2548828125,
    -7.251953125,
    -7.25,
    -7.2490234375,
    -7.244140625,
    -7.24609375,
    -7.248046875,
    -7.2548828125,
    -7.251953125,
    -7.2568359375,
    -7.2568359375,
    -7.248046875,
    -7.2470703125,
    -7.2451171875,
    -7.2470703125
  ],
  "convergence_rel": [
    0.9760997037628009,
    0.9987999851261657,
    0.8608982758747113,
    0.8720984146971645,
    0.8377979895534018,
    0.7740972000006995,
    0.7881973747682521,
    0.7973974888009815,
    0.6674958787084222,
    0.7479968764948042,
    0.7013962988942403,
    0.521194065340128,
    0.5649946082350787,
    0.44569312952805545,
    0.4647933662699175,
    0.4731934703867574,
    0.4330929733527957,
    0.45299322001054726,
    0.4802935583902768,
    0.46279334148019374,
    0.42709289898362435,
    0.387192404428635,
    0.3624920982755464,
    0.4372930254112156,
    0.36049207348582263,
    0.378692299072309,
    0.34789191731056285,
    0.364392121825784,
    0.4059926374520385,
    0.3858923883153146,
    0.3625920995150326,
    0.3458918925208391,
    0.40069257175927053,
    0.39179246144499974,
    0.3748922519718338,
    0.3672921577708835,
    0.39529250482701633,
    0.3559920177089441,
    0.33969181567269535,
    0.33519175989581684,
    0.3313917127953417,
    0.32929168676613174,
    0.3293916880056179,
    0.3326917289086621,
    0.3196915677754576,
    0.3115914673770763,
    0.3040913744156121,
    0.3049913855709878,
    0.30379137069715356,
    0.2991913136807889,
    0.298191301285927,
    0.2967912839331204,
    0.29579127153825846,
    0.29929131492027505,
    0.29689128517260654,
    0.2892911909716562,
    0.28519114015272246,
    0.27889106206509257,
    0.27619102859896544,
    0.27539101868307597,
    0.27249098273797645,
    0.2742910050487279,
    0.2774910447122859,
    0.2744910075277002,
    0.27369099761181076,
    0.27629102983845166,
    0.2749910137251312,
    0.26809092820058417,
    0.2670909158057223,
    0.2647908872975399,
    0.26639090712931895,
    0.2640908786211366,
    0.26449088357908135,
    0.2645908848185676,
    0.2631908674657609,
    0.2657908996924018,
    0.2624908587893576,
    0.26559089721342943,
    0.2616908488734681,
    0.2617908501129543,
    0.26099084019706476,
    0.26279086250781614,
    0.26139084515500954,
    0.26139084515500954,
    0.2608908389575786,
    0.26039083276014763,
    0.26009082904168906,
    0.2597908253232305,
    0.2597908253232305,
    0.2595908228442581,
    0.25949082160477194,
    0.2595908228442581,
    0.25949082160477194,
    0.2595908228442581,
    0.2599908278022029,
    0.25929081912579954,
    0.25939082036528577,
    0.2597908253232305,
    0.25969082408374433,
    0.26009082904168906,
    0.26039083276014763,
    0.25989082656271667,
    0.25929081912579954,
    0.2597908253232305,
    0.25949082160477194,
    0.2599908278022029,
    0.25989082656271667,
    0.2599908278022029,
    0.2595908228442581,
    0.26009082904168906,
    0.25989082656271667,
    0.26029083152066146,
    0.2599908278022029,
    0.25989082656271667,
    0.25969082408374433,
    0.26029083152066146,
    0.2597908253232305,
    0.2597908253232305,
    0.25929081912579954,
    0.2591908178863134,
    0.2587908129283686,
    0.25859081044939625,
    0.25819080549145146,
    0.25749079681504816,
    0.25769079929402056,
    0.25709079185710343,
    0.257390795575562,
    0.25759079805453433,
    0.25769079929402056,
    0.25819080549145146,
    0.2579908030124791,
    0.2577908005335067,
    0.25709079185710343,
    0.257390795575562,
    0.25689078937813103,
    0.25689078937813103,
    0.2577908005335067,
    0.2578908017729929,
    0.2580908042519653,
    0.2578908017729929
  ],
  "elapsed_s": 2866.6017415999668,
  "raw": {
    "mean": -7.1837890625,
    "sem": 0.005471607249000566,
    "rel_err": 0.26437088209169796,
    "parity_discard": 0.0,
    "cost": {
      "n_circuits_per_eval": 20,
      "overhead_circuits": 1.0,
      "overhead_amortised": 1.0,
      "shot_multiplier": 1.0,
      "measured_discard": 0.0,
      "overhead_effective": 1.0
    }
  },
  "readout": {
    "mean": -8.093262094411363,
    "sem": 0.006626119658095918,
    "rel_err": 0.1712396892900099,
    "parity_discard": 0.0,
    "cost": {
      "n_circuits_per_eval": 20,
      "overhead_circuits": 1.0,
      "overhead_amortised": 1.0625,
      "shot_multiplier": 1.0,
      "measured_discard": 0.0,
      "overhead_effective": 1.0625
    }
  },
  "parity": {
    "mean": -6.6712713769780265,
    "sem": 0.011675292458740926,
    "rel_err": 0.31685334359394696,
    "parity_discard": 0.54913330078125,
    "cost": {
      "n_circuits_per_eval": 20,
      "overhead_circuits": 1.0,
      "overhead_amortised": 1.0,
      "shot_multiplier": 2.217950453499391,
      "measured_discard": 0.54913330078125,
      "overhead_effective": 2.217950453499391
    }
  },
  "zne": {
    "mean": -7.204507446289063,
    "sem": 0.012993266647490119,
    "rel_err": 0.26224929329522373,
    "parity_discard": 0.0,
    "cost": {
      "n_circuits_per_eval": 60,
      "overhead_circuits": 3.0,
      "overhead_amortised": 3.0,
      "shot_multiplier": 1.0,
      "measured_discard": 0.0,
      "overhead_effective": 3.0
    }
  },
  "ro+parity": {
    "mean": -7.230197658235016,
    "sem": 0.03857589619848559,
    "rel_err": 0.2596185829850713,
    "parity_discard": 0.6134249167009597,
    "cost": {
      "n_circuits_per_eval": 20,
      "overhead_circuits": 1.0,
      "overhead_amortised": 1.0625,
      "shot_multiplier": 2.586819593922034,
      "measured_discard": 0.6134249167009597,
      "overhead_effective": 2.7484958185421613
    }
  },