{
  "N": 10,
  "h": 1.0,
  "L": 1,
  "exact": -12.38148999965476,
  "convergence_raw": [
    -0.5,
    -0.056640625,
    -0.251953125,
    -0.466796875,
    -0.611328125,
    -0.228515625,
    -0.7890625,
    -0.873046875,
    -0.919921875,
    -0.828125,
    -0.263671875,
    -1.509765625,
    -1.685546875,
    -1.9453125,
    -0.82421875,
    -2.462890625,
    -3.2421875,
    -3.326171875,
    -2.736328125,
    -2.943359375,
    -2.744140625,
    -3.169921875,
    -3.060546875,
    -3.21484375,
    -2.634765625,
    -3.501953125,
    -4.12890625,
    -4.12890625,
    -4.15625,
    -4.0078125,
    -4.150390625,
    -4.1171875,
    -4.14453125,
    -4.158203125,
    -4.15625,
    -4.15625,
    -4.08984375,
    -4.18359375,
    -4.314453125,
    -4.505859375,
    -4.525390625,
    -4.61328125,
    -4.6015625,
    -4.6171875,
    -4.630859375,
    -4.6953125,
    -4.71484375,
    -4.708984375,
    -4.6796875,
    -4.75390625,
    -4.744140625,
    -4.748046875,
    -4.806640625,
    -4.86328125,
    -4.92578125,
    -5.076171875,
    -5.41015625,
    -6.04296875,
    -6.8515625,
    -6.88671875,
    -6.66015625,
    -6.720703125,
    -7.056640625,
    -7.07421875,
    -7.17578125,
    -7.037109375,
    -7.1640625,
    -7.109375,
    -7.173828125,
    -7.3046875,
    -7.443359375,
    -7.54296875,
    -7.607421875,
    -7.67578125,
    -7.751953125,
    -7.7890625,
    -7.806640625,
    -7.857421875,
    -7.900390625,
    -7.888671875,
    -7.845703125,
    -7.98046875,
    -8.029296875,
    -8.138671875,
    -8.236328125,
    -8.40625,
    -8.541015625,
    -8.658203125,
    -8.58984375,
    -8.615234375,
    -8.61328125,
    -8.65234375,
    -8.697265625,
    -8.677734375,
    -8.685546875,
    -8.69921875,
    -8.67578125,
    -8.70703125,
    -8.7578125,
    -8.748046875,
    -8.7578125,
    -8.755859375,
    -8.75,
    -8.765625,
    -8.80859375,
    -8.8359375,
    -8.82421875,
    -8.828125,
    -8.83203125,
    -8.853515625,
    -8.83984375,
    -8.841796875,
    -8.869140625,
    -8.80078125,
    -8.849609375,
    -8.857421875,
    -8.833984375,
    -8.857421875,
    -8.826171875,
    -8.865234375,
    -8.861328125,
    -8.86328125,
    -8.853515625,
    -8.845703125,
    -8.84765625,
    -8.8515625,
    -8.84375,
    -8.845703125,
    -8.828125,
    -8.828125,
    -8.837890625,
    -8.83203125,
    -8.837890625,
    -8.82421875,
    -8.830078125,
    -8.83984375,
    -8.8359375,
    -8.833984375,
    -8.82421875,
    -8.818359375,
    -8.8125,
    -8.818359375,
    -8.8203125,
    -8.814453125,
    -8.81640625,
    -8.814453125,
    -8.814453125,
    -8.82421875,
    -8.81640625,
    -8.814453125,
    -8.806640625,
    -8.8046875,
    -8.798828125,
    -8.802734375,
    -8.796875,
    -8.794921875,
    -8.798828125,
    -8.796875,
    -8.7890625,
    -8.79296875,
    -8.79296875,
    -8.791015625,
    -8.783203125,
    -8.779296875,
    -8.787109375,
    -8.787109375,
    -8.79296875
  ],
  "convergence_rel": [
    0.9596171381623745,
    0.9954253789324565,
    0.9796508235271341,
    0.9622988125812794,
    0.9506256415813407,
    0.9815437701757728,
    0.9362707961624972,
    0.9294877373382086,
    0.9257018440409313,
    0.9331158850814327,
    0.9787043502028147,
    0.8780626867168574,
    0.8638655868520672,
    0.8428854281629883,
    0.9334313761895392,
    0.8010828563388838,
    0.7381423802716471,
    0.7313593214473585,
    0.7789984787714322,
    0.7622774500417905,
    0.7783674965552194,
    0.7439789657716164,
    0.752812716798597,
    0.7403508180283923,
    0.7872012475822,
    0.7171622215825683,
    0.6665258987314832,
    0.6665258987314832,
    0.664317460974738,
    0.676306123082783,
    0.6647906976368977,
    0.6674723720558025,
    0.6652639342990574,
    0.6641597154206847,
    0.664317460974738,
    0.664317460974738,
    0.6696808098125476,
    0.6621090232179928,
    0.6515400710964268,
    0.6360810067992108,
    0.6345035512586785,
    0.6274050013262834,
    0.6283514746506028,
    0.6270895102181769,
    0.6259852913398044,
    0.620779688056048,
    0.6192022325155158,
    0.6196754691776755,
    0.6220416524884738,
    0.6160473214344513,
    0.6168360492047174,
    0.6165205580966109,
    0.6117881914750142,
    0.6072135704074707,
    0.6021657126777675,
    0.5900193050156692,
    0.5630448152725678,
    0.511935255759323,
    0.446628596381288,
    0.44378917640832993,
    0.46208766067850404,
    0.45719754850285405,
    0.4300653132056994,
    0.4286456032192204,
    0.4204428344084527,
    0.43164276874623164,
    0.42138930773277206,
    0.42580618324626235,
    0.42060057996250594,
    0.4100316278409399,
    0.39883169350316094,
    0.3907866702464465,
    0.38558106696269007,
    0.3800599725708272,
    0.3739078959627514,
    0.3709107304357402,
    0.36949102044926113,
    0.3653896360438773,
    0.36191923385470637,
    0.3628657071790257,
    0.36633610936819666,
    0.3554516661385242,
    0.35150802728719355,
    0.34267427626021296,
    0.33478699855755173,
    0.3210631353549212,
    0.3101786921252487,
    0.3007139588820552,
    0.3062350532739181,
    0.30418436107122615,
    0.3043421066252794,
    0.3011871955442149,
    0.29755904780099074,
    0.299136503341523,
    0.2985055211253101,
    0.2974013022469375,
    0.2992942488955762,
    0.2967703200307246,
    0.29266893562534074,
    0.2934576633956069,
    0.29266893562534074,
    0.292826681179394,
    0.2932999178415537,
    0.29203795340912786,
    0.2885675512199569,
    0.2863591134632118,
    0.28730558678753115,
    0.2869900956794247,
    0.2866746045713182,
    0.28493940347673274,
    0.28604362235510533,
    0.2858858768010521,
    0.283677439044307,
    0.2891985334361698,
    0.2852548945848392,
    0.28462391236862633,
    0.286516859017265,
    0.28462391236862633,
    0.2871478412334779,
    0.2839929301524134,
    0.28430842126051986,
    0.2841506757064666,
    0.28493940347673274,
    0.2855703856929457,
    0.28541264013889245,
    0.285097149030786,
    0.28572813124699886,
    0.2855703856929457,
    0.2869900956794247,
    0.2869900956794247,
    0.28620136790915857,
    0.2866746045713182,
    0.28620136790915857,
    0.28730558678753115,
    0.28683235012537145,
    0.28604362235510533,
    0.2863591134632118,
    0.286516859017265,
    0.28730558678753115,
    0.2877788234496908,
    0.28825206011185045,
    0.2877788234496908,
    0.28762107789563757,
    0.28809431455779727,
    0.28793656900374404,
    0.28809431455779727,
    0.28809431455779727,
    0.28730558678753115,
    0.28793656900374404,
    0.28809431455779727,
    0.28872529677401015,
    0.2888830423280634,
    0.28935627899022304,
    0.2890407878821166,
    0.28951402454427627,
    0.2896717700983295,
    0.28935627899022304,
    0.28951402454427627,
    0.29014500676048915,
    0.28982951565238274,
    0.28982951565238274,
    0.2899872612064359,
    0.29061824342264886,
    0.2909337345307553,
    0.2903027523145424,
    0.2903027523145424,
    0.28982951565238274
  ],
  "elapsed_s": 2898.6754546000157,
  "raw": {
    "mean": -8.639306640625,
    "sem": 0.011853227789358534,
    "rel_err": 0.3022401471175202,
    "parity_discard": 0.0,
    "cost": {
      "n_circuits_per_eval": 20,
      "overhead_circuits": 1.0,
      "overhead_amortised": 1.0,
      "shot_multiplier": 1.0,
      "measured_discard": 0.0,
      "overhead_effective": 1.0
    }
  },
  "readout": {
    "mean": -10.270212267843373,
    "sem": 0.012799647653543198,
    "rel_err": 0.1705188738891891,
    "parity_discard": 0.0,
    "cost": {
      "n_circuits_per_eval": 20,
      "overhead_circuits": 1.0,
      "overhead_amortised": 1.0625,
      "shot_multiplier": 1.0,
      "measured_discard": 0.0,
      "overhead_effective": 1.0625
    }
  },
  "parity": {
    "mean": -8.732182347981315,
    "sem": 0.01547597433307168,
    "rel_err": 0.29473897340103655,
    "parity_discard": 0.48421630859375,
    "cost": {
      "n_circuits_per_eval": 20,