{
  "N": 2,
  "h": 1.0,
  "L": 1,
  "exact": -2.23606797749979,
  "convergence_raw": [
    1.173828125,
    0.87890625,
    -0.185546875,
    -1.111328125,
    -0.02734375,
    -1.3203125,
    -1.44921875,
    -1.01171875,
    -1.25,
    -1.4140625,
    -1.4609375,
    -1.484375,
    -1.49609375,
    -1.404296875,
    -1.52734375,
    -1.541015625,
    -1.525390625,
    -1.482421875,
    -1.412109375,
    -1.4609375,
    -1.55078125,
    -1.46875,
    -1.48046875,
    -1.46875,
    -1.544921875,
    -1.486328125,
    -1.5234375,
    -1.52734375,
    -1.5078125,
    -1.408203125,
    -1.423828125,
    -1.3984375,
    -1.48828125,
    -1.486328125,
    -1.51171875,
    -1.478515625
  ],
  "convergence_rel": [
    1.524951896280224,
    1.393058824169885,
    0.9170209148974687,
    0.5029989534385233,
    0.9877715032480481,
    0.4095382996914618,
    0.3518896721465454,
    0.547545620177777,
    0.4409830056250526,
    0.36761202511334073,
    0.3466488878242802,
    0.33616731917974996,
    0.33092653485748486,
    0.37197934538189503,
    0.31695110999811116,
    0.31083686162213514,
    0.317824574051822,
    0.3370407832334608,
    0.3684854891670516,
    0.3466488878242802,
    0.3064695413535809,
    0.34315503160943683,
    0.3379142472871717,
    0.34315503160943683,
    0.3090899335147135,
    0.3352938551260391,
    0.3186980381055329,
    0.31695110999811116,
    0.3256857505352197,
    0.3702324172744733,
    0.3632447048447865,
    0.3745997375430276,
    0.33442039107232824,
    0.3352938551260391,
    0.323938822427798,
    0.33878771134088254
  ],
  "elapsed_s": 801.1087159999879,
  "raw": {
    "mean": -1.4724365234375,
    "sem": 0.003140991408871686,
    "rel_err": 0.3415063682080575,
    "parity_discard": 0.0,
    "cost": {
      "n_circuits_per_eval": 20,
      "overhead_circuits": 1.0,
      "overhead_amortised": 1.0,
      "shot_multiplier": 1.0,
      "measured_discard": 0.0,
      "overhead_effective": 1.0
    }
  },
  "readout": {
    "mean": -1.6032455907330934,
    "sem": 0.0035028718711605047,
    "rel_err": 0.28300677489879933,
    "parity_discard": 0.0,
    "cost": {
      "n_circuits_per_eval": 20,
      "overhead_circuits": 1.0,
      "overhead_amortised": 1.0125,
      "shot_multiplier": 1.0,
      "measured_discard": 0.0,
      "overhead_effective": 1.0125
    }
  },
  "parity": {
    "mean": -2.6618848798164274,
    "sem": 0.005345405688302472,
    "rel_err": 0.19043110790967785,
    "parity_discard": 0.339776611328125,
    "cost": {
      "n_circuits_per_eval": 20,
      "overhead_circuits": 1.0,
      "overhead_amortised": 1.0,
      "shot_multiplier": 1.5146388588438675,
      "measured_discard": 0.339776611328125,
      "overhead_effective": 1.5146388588438675
    }
  },
  "zne": {
    "mean": -1.475634765625001,
    "sem": 0.007200456697156509,
    "rel_err": 0.34007607082010555,
    "parity_discard": 0.0,
    "cost": {
      "n_circuits_per_eval": 60,
      "overhead_circuits": 3.0,
      "overhead_amortised": 3.0,
      "shot_multiplier": 1.0,
      "measured_discard": 0.0,
      "overhead_effective": 3.0
    }
  },
  "ro+parity": {
    "mean": -2.7599587561845906,
    "sem": 0.006034639738502364,
    "rel_err": 0.2342910787849025,
    "parity_discard": 0.3193495039993989,
    "cost": {
      "n_circuits_per_eval": 20,
      "overhead_circuits": 1.0,
      "overhead_amortised": 1.0125,
      "shot_multiplier": 1.4691827977439935,
      "measured_discard": 0.3193495039993989,
      "overhead_effective": 1.4875475827157933
    }
  },
  "ro+zne": {
    "mean": -1.6067238201035203,
    "sem": 0.00802684699035076,
    "rel_err": 0.2814512634360771,
    "parity_discard": 0.0,
    "cost": {
      "n_circuits_per_eval": 60,
      "overhead_circuits": 3.0,
      "overhead_amortised": 3.0125,
      "shot_multiplier": 1.0,
      "measured_discard": 0.0,
      "overhead_effective": 3.0125
    }
  },
  "parity+zne": {
    "mean": -2.665252490224515,
    "sem": 0.012256546038653818,
    "rel_err": 0.19193714906852177,
    "parity_discard": 0.34037882486979165,
    "cost": {
      "n_circuits_per_eval": 60,
      "overhead_circuits": 3.0,
      "overhead_amortised": 3.0,
      "shot_multiplier": 1.5160216768398942,
      "measured_discard": 0.34037882486979165,
      "overhead_effective": 4.548065030519682
    }
  },
  "ro+parity+zne": {
    "mean": -2.7634788625859965,
    "sem": 0.013825110757199778,
    "rel_err": 0.23586531822521764,
    "parity_discard": 0.3200268448977364,
    "cost": {
      "n_circuits_per_eval": 60,
      "overhead_circuits": 3.0,
      "overhead_amortised": 3.0125,
      "shot_multiplier": 1.4706462931608033,
      "measured_discard": 0.3200268448977364,
      "overhead_effective": 4.43032195814692
    }
  }
}