{
  "N": 2,
  "h": 0.5,
  "L": 2,
  "exact": -1.4142135623730947,
  "convergence_raw": [
    -0.9794921875,
    -0.3056640625,
    -0.5810546875,
    -1.0703125,
    -0.763671875,
    -0.767578125,
    -1.0732421875,
    -1.0390625,
    -1.072265625,
    -1.08203125,
    -1.0556640625,
    -1.068359375,
    -1.0732421875,
    -1.078125,
    -1.033203125,
    -1.0830078125,
    -1.064453125,
    -1.0634765625,
    -1.04296875,
    -1.06640625,
    -1.1083984375,
    -1.107421875,
    -1.08203125,
    -1.0732421875,
    -1.115234375,
    -1.0966796875,
    -1.0986328125,
    -1.01171875,
    -1.068359375,
    -1.095703125,
    -1.087890625,
    -1.0244140625,
    -1.1220703125,
    -1.1064453125,
    -1.1474609375,
    -1.1142578125,
    -1.1396484375,
    -1.033203125,
    -1.0380859375,
    -1.0546875
  ],
  "convergence_rel": [
    0.30739443209950457,
    0.7838628686412212,
    0.5891322902285197,
    0.24317477326127318,
    0.4600024385860544,
    0.45724030272204447,
    0.2411031713632657,
    0.2652718601733528,
    0.2417937053292682,
    0.23488836566924332,
    0.25353278275131047,
    0.24455584119327814,
    0.2411031713632657,
    0.23765050153325326,
    0.2694150639693677,
    0.23419783170324082,
    0.24731797705728809,
    0.24800851102329058,
    0.26250972430934283,
    0.24593690912528313,
    0.21624394858717613,
    0.21693448255317863,
    0.23488836566924332,
    0.2411031713632657,
    0.2114102108251587,
    0.224530356179206,
    0.223149288247201,
    0.28460681122142245,
    0.24455584119327814,
    0.2252208901452085,
    0.23074516187322838,
    0.2756298696633901,
    0.2065764730631413,
    0.21762501651918112,
    0.18862258994707662,
    0.2121007447911612,
    0.1941468616750965,
    0.2694150639693677,
    0.2659623941393553,
    0.25422331671731296
  ],
  "elapsed_s": 827.8502414000104,
  "raw": {
    "mean": -1.07633056640625,
    "sem": 0.0033085358649780805,
    "rel_err": 0.2389193576957829,
    "parity_discard": 0.0,
    "cost": {
      "n_circuits_per_eval": 20,
      "overhead_circuits": 1.0,
      "overhead_amortised": 1.0,
      "shot_multiplier": 1.0,
      "measured_discard": 0.0,
      "overhead_effective": 1.0
    }
  },
  "readout": {
    "mean": -1.1698578134299429,
    "sem": 0.003667897796086887,
    "rel_err": 0.17278560709962024,
    "parity_discard": 0.0,
    "cost": {
      "n_circuits_per_eval": 20,
      "overhead_circuits": 1.0,
      "overhead_amortised": 1.0125,
      "shot_multiplier": 1.0,
      "measured_discard": 0.0,
      "overhead_effective": 1.0125
    }
  },
  "parity": {
    "mean": -1.7734105040801453,
    "sem": 0.002197239357754253,
    "rel_err": 0.2539905932625246,
    "parity_discard": 0.327581787109375,
    "cost": {
      "n_circuits_per_eval": 20,
      "overhead_circuits": 1.0,
      "overhead_amortised": 1.0,
      "shot_multiplier": 1.487169711987946,
      "measured_discard": 0.327581787109375,
      "overhead_effective": 1.487169711987946
    }
  },
  "zne": {
    "mean": -1.0788238525390619,
    "sem": 0.007540515660508388,
    "rel_err": 0.23715633816383316,
    "parity_discard": 0.0,
    "cost": {
      "n_circuits_per_eval": 60,
      "overhead_circuits": 3.0,
      "overhead_amortised": 3.0,
      "shot_multiplier": 1.0,
      "measured_discard": 0.0,
      "overhead_effective": 3.0
    }
  },
  "ro+parity": {
    "mean": -1.812031648092626,
    "sem": 0.0024055725113232814,
    "rel_err": 0.2812998660909319,
    "parity_discard": 0.31006184892138056,
    "cost": {
      "n_circuits_per_eval": 20,
      "overhead_circuits": 1.0,
      "overhead_amortised": 1.0125,
      "shot_multiplier": 1.4494052813815894,
      "measured_discard": 0.31006184892138056,
      "overhead_effective": 1.4675228473988593
    }
  },
  "ro+zne": {
    "mean": -1.1726268875232375,
    "sem": 0.008355980310685114,
    "rel_err": 0.1708275760306436,
    "parity_discard": 0.0,
    "cost": {
      "n_circuits_per_eval": 60,
      "overhead_circuits": 3.0,
      "overhead_amortised": 3.0125,
      "shot_multiplier": 1.0,
      "measured_discard": 0.0,
      "overhead_effective": 3.0125
    }
  },
  "parity+zne": {
    "mean": -1.7745198712600558,
    "sem": 0.005063506111487939,
    "rel_err": 0.2547750343182651,
    "parity_discard": 0.32841389973958335,
    "cost": {
      "n_circuits_per_eval": 60,
      "overhead_circuits": 3.0,
      "overhead_amortised": 3.0,
      "shot_multiplier": 1.4890123539070217,
      "measured_discard": 0.32841389973958335,
      "overhead_effective": 4.467037061721065
    }
  },
  "ro+parity+zne": {
    "mean": -1.8132201614355836,
    "sem": 0.005526271240510141,
    "rel_err": 0.2821402719352679,
    "parity_discard": 0.31098950053092644,
    "cost": {
      "n_circuits_per_eval": 60,
      "overhead_circuits": 3.0,
      "overhead_amortised": 3.0125,
      "shot_multiplier": 1.4513566930700819,
      "measured_discard": 0.31098950053092644,
      "overhead_effective": 4.372212037873622
    }
  }
}