{
  "N": 2,
  "h": 0.5,
  "L": 3,
  "exact": -1.4142135623730947,
  "convergence_raw": [
    -0.1083984375,
    0.2412109375,
    0.474609375,
    0.2529296875,
    -0.1357421875,
    0.5,
    -0.009765625,
    -1.0537109375,
    -0.232421875,
    -0.8935546875,
    -1.095703125,
    -1.0693359375,
    -1.068359375,
    -1.0361328125,
    -0.9970703125,
    -1.078125,
    -1.0263671875,
    -1.05859375,
    -1.171875,
    -1.1376953125,
    -1.11328125,
    -1.11328125,
    -1.1357421875,
    -1.1552734375,
    -1.1123046875,
    -1.1376953125,
    -1.1357421875,
    -1.08984375,
    -1.1435546875,
    -1.06640625,
    -1.185546875,
    -1.130859375,
    -1.130859375,
    -1.1533203125,
    -1.125,
    -1.1279296875,
    -1.16015625,
    -1.0888671875,
    -1.0966796875,
    -1.142578125,
    -1.1181640625,
    -1.0693359375,
    -1.0986328125,
    -1.140625,
    -1.111328125,
    -1.1083984375,
    -1.1416015625,
    -1.072265625,
    -1.0791015625,
    -1.181640625,
    -1.1474609375,
    -1.0927734375,
    -1.1015625,
    -1.1162109375,
    -1.1328125,
    -1.1298828125,
    -1.14453125,
    -1.1396484375,
    -1.107421875
  ],
  "convergence_rel": [
    0.9233507297737238,
    1.1705618896026144,
    1.3355995074772091,
    1.1788482971946443,
    0.9040157787256542,
    1.353553390593274,
    0.9930946603399751,
    0.25491385068331546,
    0.8356529160914079,
    0.3681614211077235,
    0.2252208901452085,
    0.24386530722727565,
    0.24455584119327814,
    0.2673434620713602,
    0.29496482071145974,
    0.23765050153325326,
    0.2742488017313851,
    0.25146118085330305,
    0.17135924079701442,
    0.1955279296071015,
    0.2127912787571637,
    0.2127912787571637,
    0.19690899753910648,
    0.1830983182190567,
    0.2134818127231662,
    0.1955279296071015,
    0.19690899753910648,
    0.2293640939412234,
    0.19138472581108656,
    0.24593690912528313,
    0.16169176527297957,
    0.20036166736911892,
    0.20036166736911892,
    0.1844793861510617,
    0.20450487116513383,
    0.20243326926712638,
    0.17964564838904426,
    0.2300546279072259,
    0.224530356179206,
    0.19207525977708906,
    0.20933860892715125,
    0.24386530722727565,
    0.223149288247201,
    0.19345632770909404,
    0.21417234668916868,
    0.21624394858717613,
    0.19276579374309155,
    0.2417937053292682,
    0.23695996756725077,
    0.16445390113698954,
    0.18862258994707662,
    0.22729249204321594,
    0.22107768634919356,
    0.21071967685915624,
    0.19898059943711394,
    0.2010522013351214,
    0.19069419184508407,
    0.1941468616750965,
    0.21693448255317863
  ],
  "elapsed_s": 926.5340007999912,
  "raw": {
    "mean": -1.1124267578125,
    "sem": 0.003127319746507438,
    "rel_err": 0.21339549597741586,
    "parity_discard": 0.0,
    "cost": {
      "n_circuits_per_eval": 20,
      "overhead_circuits": 1.0,
      "overhead_amortised": 1.0,
      "shot_multiplier": 1.0,
      "measured_discard": 0.0,
      "overhead_effective": 1.0
    }
  },
  "readout": {
    "mean": -1.2239599200459357,
    "sem": 0.003565928650827834,
    "rel_err": 0.13452964063497413,
    "parity_discard": 0.0,
    "cost": {
      "n_circuits_per_eval": 20,
      "overhead_circuits": 1.0,
      "overhead_amortised": 1.0125,
      "shot_multiplier": 1.0,
      "measured_discard": 0.0,
      "overhead_effective": 1.0125
    }
  },
  "parity": {
    "mean": -1.8178775374009022,
    "sem": 0.001979489585778639,
    "rel_err": 0.2854335340628799,
    "parity_discard": 0.268182373046875,
    "cost": {
      "n_circuits_per_eval": 20,
      "overhead_circuits": 1.0,
      "overhead_amortised": 1.0,
      "shot_multiplier": 1.3664606633806222,
      "measured_discard": 0.268182373046875,
      "overhead_effective": 1.3664606633806222
    }
  },
  "zne": {
    "mean": -1.1166732788085938,
    "sem": 0.007161563110307564,
    "rel_err": 0.21039275218462689,
    "parity_discard": 0.0,
    "cost": {
      "n_circuits_per_eval": 60,
      "overhead_circuits": 3.0,
      "overhead_amortised": 3.0,
      "shot_multiplier": 1.0,
      "measured_discard": 0.0,
      "overhead_effective": 3.0
    }
  },
  "ro+parity": {
    "mean": -1.838866465710817,
    "sem": 0.0020385069841258444,
    "rel_err": 0.3002749476006589,
    "parity_discard": 0.23688244490969956,
    "cost": {
      "n_circuits_per_eval": 20,
      "overhead_circuits": 1.0,
      "overhead_amortised": 1.0125,
      "shot_multiplier": 1.3104140945645903,
      "measured_discard": 0.23688244490969956,
      "overhead_effective": 1.3267942707466476
    }
  },
  "ro+zne": {
    "mean": -1.2286783609416807,
    "sem": 0.008165901031711335,
    "rel_err": 0.1311931990809649,
    "parity_discard": 0.0,
    "cost": {
      "n_circuits_per_eval": 60,
      "overhead_circuits": 3.0,
      "overhead_amortised": 3.0125,
      "shot_multiplier": 1.0,
      "measured_discard": 0.0,
      "overhead_effective": 3.0125
    }
  },
  "parity+zne": {
    "mean": -1.8193888087569812,
    "sem": 0.0047025463488073625,
    "rel_err": 0.28650216428697634,
    "parity_discard": 0.27030843098958335,
    "cost": {
      "n_circuits_per_eval": 60,
      "overhead_circuits": 3.0,
      "overhead_amortised": 3.0,
      "shot_multiplier": 1.370442036703489,
      "measured_discard": 0.27030843098958335,
      "overhead_effective": 4.1113261101104674
    }
  },
  "ro+parity+zne": {
    "mean": -1.8403425915024771,
    "sem": 0.004838956311253006,
    "rel_err": 0.30131872615782623,
    "parity_discard": 0.23929797898407057,
    "cost": {
      "n_circuits_per_eval": 60,
      "overhead_circuits": 3.0,
      "overhead_amortised": 3.0125,
      "shot_multiplier": 1.3145751849909435,
      "measured_discard": 0.23929797898407057,
      "overhead_effective": 3.9601577447852176
    }
  }
}