{
  "N": 2,
  "h": 1.0,
  "L": 3,
  "exact": -2.23606797749979,
  "convergence_raw": [
    0.248046875,
    -0.068359375,
    0.19140625,
    0.587890625,
    -1.10546875,
    -1.044921875,
    -1.470703125,
    -1.369140625,
    -1.26953125,
    -1.48828125,
    -1.564453125,
    -1.388671875,
    -1.564453125,
    -1.541015625,
    -1.583984375,
    -1.58984375,
    -1.646484375,
    -1.671875,
    -1.626953125,
    -1.669921875,
    -1.701171875,
    -1.603515625,
    -1.75390625,
    -1.70703125,
    -1.6640625,
    -1.685546875,
    -1.734375,
    -1.787109375,
    -1.77734375,
    -1.822265625,
    -1.708984375,
    -1.771484375,
    -1.796875,
    -1.74609375,
    -1.708984375,
    -1.80859375,
    -1.751953125,
    -1.8125,
    -1.751953125,
    -1.7890625,
    -1.744140625,
    -1.8203125,
    -1.87109375,
    -1.76171875,
    -1.748046875,
    -1.771484375,
    -1.830078125,
    -1.732421875,
    -1.826171875,
    -1.82421875,
    -1.755859375,
    -1.796875,
    -1.828125,
    -1.87109375,
    -1.771484375,
    -1.814453125,
    -1.697265625,
    -1.810546875,
    -1.759765625,
    -1.798828125
  ],
  "convergence_rel": [
    1.1109299348212787,
    0.9694287581201201,
    1.085599477263664,
    1.2629126801669674,
    0.5056193455996559,
    0.5326967312646924,
    0.342281567555726,
    0.38770169834869045,
    0.43224836508794406,
    0.33442039107232824,
    0.3003552929776049,
    0.37896705781158185,
    0.3003552929776049,
    0.31083686162213514,
    0.29162065244049634,
    0.28900026027936376,
    0.263669802721749,
    0.2523147700235079,
    0.27240444325885754,
    0.2531882340772187,
    0.23921280921784502,
    0.2828860119033878,
    0.21562927976765192,
    0.23659241705671247,
    0.25580862623835127,
    0.24620052164753187,
    0.2243639203047605,
    0.2007803908545674,
    0.20514771112312166,
    0.185058037887772,
    0.2357189530030016,
    0.20776810328425424,
    0.19641307058601312,
    0.21912313598249536,
    0.2357189530030016,
    0.191172286263748,
    0.21650274382136278,
    0.18942535815632627,
    0.21650274382136278,
    0.19990692680085653,
    0.21999660003620622,
    0.18593150194148286,
    0.16322143654500063,
    0.2121354235528085,
    0.2182496719287845,
    0.20776810328425424,
    0.18156418167292857,
    0.22523738435847135,
    0.18331110978035028,
    0.18418457383406114,
    0.2147558157139411,
    0.19641307058601312,
    0.18243764572663942,
    0.16322143654500063,
    0.20776810328425424,
    0.1885518941026154,
    0.24095973732526674,
    0.19029882221003713,
    0.21300888760651937,
    0.19553960653230226
  ],
  "elapsed_s": 956.8324209999992,
  "raw": {
    "mean": -1.77060546875,
    "sem": 0.006129631626828422,
    "rel_err": 0.20816116210842417,
    "parity_discard": 0.0,
    "cost": {
      "n_circuits_per_eval": 20,
      "overhead_circuits": 1.0,
      "overhead_amortised": 1.0,
      "shot_multiplier": 1.0,
      "measured_discard": 0.0,
      "overhead_effective": 1.0
    }
  },
  "readout": {
    "mean": -1.888034665412643,
    "sem": 0.00675270653400322,
    "rel_err": 0.1556452288522519,
    "parity_discard": 0.0,
    "cost": {
      "n_circuits_per_eval": 20,
      "overhead_circuits": 1.0,
      "overhead_amortised": 1.0125,
      "shot_multiplier": 1.0,
      "measured_discard": 0.0,
      "overhead_effective": 1.0125
    }
  },
  "parity": {
    "mean": -2.952449815243816,
    "sem": 0.0015525210048669008,
    "rel_err": 0.32037569740837346,
    "parity_discard": 0.2976806640625,
    "cost": {
      "n_circuits_per_eval": 20,
      "overhead_circuits": 1.0,
      "overhead_amortised": 1.0,
      "shot_multiplier": 1.4238537212778533,
      "measured_discard": 0.2976806640625,
      "overhead_effective": 1.4238537212778533
    }
  },
  "zne": {
    "mean": -1.7757568359374993,
    "sem": 0.013805889858303137,
    "rel_err": 0.20585740066676203,
    "parity_discard": 0.0,
    "cost": {
      "n_circuits_per_eval": 60,
      "overhead_circuits": 3.0,
      "overhead_amortised": 3.0,
      "shot_multiplier": 1.0,
      "measured_discard": 0.0,
      "overhead_effective": 3.0
    }
  },
  "ro+parity": {
    "mean": -2.9777727128930698,
    "sem": 0.0015137288676131406,
    "rel_err": 0.3317004415145736,
    "parity_discard": 0.2732677458547398,
    "cost": {
      "n_circuits_per_eval": 20,
      "overhead_circuits": 1.0,
      "overhead_amortised": 1.0125,
      "shot_multiplier": 1.376022591946385,
      "measured_discard": 0.2732677458547398,
      "overhead_effective": 1.393222874345715
    }
  },
  "ro+zne": {
    "mean": -1.893458925303194,
    "sem": 0.015211378358117526,
    "rel_err": 0.1532194260836724,
    "parity_discard": 0.0,
    "cost": {
      "n_circuits_per_eval": 60,
      "overhead_circuits": 3.0,
      "overhead_amortised": 3.0125,
      "shot_multiplier": 1.0,
      "measured_discard": 0.0,
      "overhead_effective": 3.0125
    }
  },
  "parity+zne": {
    "mean": -2.956415072087368,
    "sem": 0.003721809442195916,
    "rel_err": 0.32214901417845904,
    "parity_discard": 0.2990030924479166,
    "cost": {
      "n_circuits_per_eval": 60,
      "overhead_circuits": 3.0,
      "overhead_amortised": 3.0,
      "shot_multiplier": 1.426539816690562,
      "measured_discard": 0.2990030924479166,
      "overhead_effective": 4.279619450071686
    }
  },
  "ro+parity+zne": {
    "mean": -2.9815732886744524,
    "sem": 0.0036804186082967025,
    "rel_err": 0.3334001106747358,
    "parity_discard": 0.2747483938615605,
    "cost": {
      "n_circuits_per_eval": 60,
      "overhead_circuits": 3.0,
      "overhead_amortised": 3.0125,
      "shot_multiplier": 1.3788318309620058,
      "measured_discard": 0.2747483938615605,
      "overhead_effective": 4.153730890773042
    }
  }
}