{
  "N": 4,
  "h": 1.0,
  "L": 2,
  "exact": -4.7587704831436355,
  "convergence_raw": [
    -0.408203125,
    -0.37109375,
    -0.458984375,
    -1.279296875,
    -0.951171875,
    -1.142578125,
    -1.44140625,
    -1.41015625,
    -1.57421875,
    -1.53125,
    -1.361328125,
    -2.056640625,
    -1.375,
    -2.033203125,
    -2.380859375,
    -2.224609375,
    -2.177734375,
    -1.625,
    -2.158203125,
    -1.654296875,
    -2.212890625,
    -2.287109375,
    -2.4921875,
    -2.599609375,
    -2.802734375,
    -2.982421875,
    -2.759765625,
    -2.986328125,
    -3.18359375,
    -3.228515625,
    -3.294921875,
    -3.28125,
    -3.3671875,
    -3.384765625,
    -3.498046875,
    -3.373046875,
    -3.41015625,
    -3.341796875,
    -3.357421875,
    -3.32421875,
    -3.501953125,
    -3.283203125,
    -3.259765625,
    -3.435546875,
    -3.291015625,
    -3.44140625,
    -3.4765625,
    -3.375,
    -3.375,
    -3.412109375,
    -3.462890625,
    -3.29296875,
    -3.306640625,
    -3.328125,
    -3.29296875,
    -3.53125,
    -3.322265625,
    -3.3125,
    -3.4375,
    -3.328125,
    -3.482421875,
    -3.41015625,
    -3.501953125,
    -3.314453125,
    -3.201171875,
    -3.4453125,
    -3.46875,
    -3.333984375,
    -3.3828125,
    -3.283203125,
    -3.423828125,
    -3.271484375,
    -3.486328125,
    -3.41796875,
    -3.431640625,
    -3.4453125,
    -3.39453125,
    -3.416015625,
    -3.359375,
    -3.384765625,
    -3.37109375,
    -3.287109375,
    -3.20703125
  ],
  "convergence_rel": [
    0.9142208840611405,
    0.9220189855101278,
    0.9035497978677897,
    0.7311707132059668,
    0.800122347070696,
    0.759900560649604,
    0.6971053226656543,
    0.7036721449384856,
    0.669196328006121,
    0.6782257086312642,
    0.7139328047397846,
    0.5678210091692872,
    0.7110598199954209,
    0.5727461258739107,
    0.499690228088662,
    0.5325243394528187,
    0.5423745728620657,
    0.6585252418127702,
    0.5464788367825854,
    0.6523688459319907,
    0.5349868978051304,
    0.5193906949071561,
    0.4762959237417003,
    0.4537224721788426,
    0.4110381274054389,
    0.37327889933665864,
    0.42006750803058196,
    0.3724580465525547,
    0.33100498095530684,
    0.3215651739381118,
    0.3076106766083452,
    0.3104836613527089,
    0.2924249001024227,
    0.2887310625739551,
    0.26492633183494146,
    0.2911936209262668,
    0.28339551947727964,
    0.29776044319909817,
    0.2944770320626825,
    0.3014542807275658,
    0.26410547905083753,
    0.310073234960657,
    0.31499835166528045,
    0.27805997638060415,
    0.3084315293924491,
    0.27682869720444825,
    0.26944102214751303,
    0.29078319453421486,
    0.29078319453421486,
    0.2829850930852277,
    0.27231400689187674,
    0.30802110300039715,
    0.30514811825603344,
    0.3006334279434619,
    0.30802110300039715,
    0.25794908317005816,
    0.30186470711961777,
    0.30391683907987754,
    0.2776495499885522,
    0.3006334279434619,
    0.26820974297135713,
    0.28339551947727964,
    0.26410547905083753,
    0.30350641268782563,
    0.3273111434268392,
    0.2760078444203444,
    0.27108272771572084,
    0.29940214876730603,
    0.28914148896600705,
    0.310073234960657,
    0.2805225347329159,
    0.3125357933129687,
    0.2673888901872532,
    0.2817538139090718,
    0.2788808291647081,
    0.2760078444203444,
    0.2866789306136953,
    0.28216424030112375,
    0.29406660567063053,
    0.2887310625739551,
    0.2916040473183188,
    0.30925238217655304,
    0.32607986425068336
  ],
  "elapsed_s": 1098.8475177999935,
  "raw": {
    "mean": -3.373486328125,
    "sem": 0.006396794978940951,
    "rel_err": 0.29110127498805516,
    "parity_discard": 0.0,
    "cost": {
      "n_circuits_per_eval": 20,
      "overhead_circuits": 1.0,
      "overhead_amortised": 1.0,
      "shot_multiplier": 1.0,
      "measured_discard": 0.0,
      "overhead_effective": 1.0
    }
  },
  "readout": {
    "mean": -3.6545941634900077,
    "sem": 0.006791481812912209,
    "rel_err": 0.23202974876910032,
    "parity_discard": 0.0,
    "cost": {
      "n_circuits_per_eval": 20,
      "overhead_circuits": 1.0,
      "overhead_amortised": 1.025,
      "shot_multiplier": 1.0,
      "measured_discard": 0.0,
      "overhead_effective": 1.025
    }
  },
  "parity": {
    "mean": -4.014564190165748,
    "sem": 0.010600251257253099,
    "rel_err": 0.15638625472987006,
    "parity_discard": 0.4421630859375,
    "cost": {
      "n_circuits_per_eval": 20,
      "overhead_circuits": 1.0,
      "overhead_amortised": 1.0,
      "shot_multiplier": 1.7926386275110506,
      "measured_discard": 0.4421630859375,
      "overhead_effective": 1.7926386275110506
    }
  },
  "zne": {
    "mean": -3.385284423828123,
    "sem": 0.014240835990028237,
    "rel_err": 0.28862204306356676,
    "parity_discard": 0.0,
    "cost": {
      "n_circuits_per_eval": 60,
      "overhead_circuits": 3.0,
      "overhead_amortised": 3.0,
      "shot_multiplier": 1.0,
      "measured_discard": 0.0,
      "overhead_effective": 3.0
    }
  },
  "ro+parity": {
    "mean": -4.206069566445123,
    "sem": 0.011738374662172922,
    "rel_err": 0.11614363807968296,
    "parity_discard": 0.425234547637286,
    "cost": {
      "n_circuits_per_eval": 20,
      "overhead_circuits": 1.0,
      "overhead_amortised": 1.025,
      "shot_multiplier": 1.7398401311165372,
      "measured_discard": 0.425234547637286,
      "overhead_effective": 1.7833361343944505
    }
  },
  "ro+zne": {
    "mean": -3.667438608098838,
    "sem": 0.01511423359561306,
    "rel_err": 0.22933063885103896,
    "parity_discard": 0.0,
    "cost": {
      "n_circuits_per_eval": 60,
      "overhead_circuits": 3.0,
      "overhead_amortised": 3.025,
      "shot_multiplier": 1.0,
      "measured_discard": 0.0,
      "overhead_effective": 3.025
    }
  },
  "parity+zne": {
    "mean": -4.0264160740291315,
    "sem": 0.0233402034839851,
    "rel_err": 0.15389571985213962,
    "parity_discard": 0.44312744140625,
    "cost": {
      "n_circuits_per_eval": 60,
      "overhead_circuits": 3.0,
      "overhead_amortised": 3.0,
      "shot_multiplier": 1.7957430018194176,
      "measured_discard": 0.44312744140625,
      "overhead_effective": 5.387229005458253
    }
  },
  "ro+parity+zne": {
    "mean": -4.217635043186253,
    "sem": 0.025729372401592794,
    "rel_err": 0.11371328831137682,
    "parity_discard": 0.4264580951699644,
    "cost": {
      "n_circuits_per_eval": 60,
      "overhead_circuits": 3.0,
      "overhead_amortised": 3.025,
      "shot_multiplier": 1.7435517641842433,
      "measured_discard": 0.4264580951699644,
      "overhead_effective": 5.274244086657336
    }
  }
}