{
  "N": 4,
  "h": 2.0,
  "L": 2,
  "exact": -8.376798636850365,
  "convergence_raw": [
    -4.4375,
    -4.8359375,
    -6.095703125,
    -5.380859375,
    -5.583984375,
    -4.765625,
    -4.482421875,
    -5.53125,
    -4.80859375,
    -6.6328125,
    -6.4296875,
    -6.46875,
    -5.123046875,
    -6.087890625,
    -6.609375,
    -6.572265625,
    -6.634765625,
    -6.53515625,
    -6.49609375,
    -6.36328125,
    -6.4375,
    -6.3671875,
    -6.517578125,
    -6.7109375,
    -6.658203125,
    -6.513671875,
    -6.64453125,
    -6.548828125,
    -6.724609375,
    -6.6875,
    -6.814453125,
    -6.716796875,
    -6.8984375,
    -6.90234375,
    -6.705078125,
    -6.603515625,
    -6.650390625,
    -6.712890625,
    -6.615234375,
    -6.7109375,
    -6.740234375,
    -6.607421875,
    -6.763671875,
    -6.625,
    -6.61328125,
    -6.736328125,
    -6.814453125,
    -6.8046875,
    -6.666015625,
    -6.64453125,
    -6.65234375,
    -6.55078125,
    -6.79296875,
    -6.822265625,
    -6.5390625,
    -6.68359375,
    -6.740234375,
    -6.59375,
    -6.66015625,
    -6.78515625,
    -6.6640625,
    -6.59765625,
    -6.65625,
    -6.55078125,
    -6.77734375,
    -6.5234375,
    -6.875
  ],
  "convergence_rel": [
    0.4702630214269448,
    0.42269860961844863,
    0.2723111311062917,
    0.3576472817038877,
    0.33339875803681124,
    0.4310923293493597,
    0.4649003671544183,
    0.3396940478349946,
    0.4259628339582474,
    0.20819243871738755,
    0.23244096238446402,
    0.2277777847561801,
    0.3884242540505617,
    0.2732437666319485,
    0.21099034529435792,
    0.21542036404122766,
    0.20795927983597337,
    0.2198503827880974,
    0.22451356041638135,
    0.24036836435254672,
    0.23150832685880723,
    0.23990204658971834,
    0.22194881272082517,
    0.1988660834608197,
    0.205161373259003,
    0.22241513048365355,
    0.20679348542890238,
    0.218218270618198,
    0.1972339712909203,
    0.20166399003779004,
    0.18650866274586725,
    0.19816660681657708,
    0.17648283084505678,
    0.1760165130822284,
    0.19956556010506227,
    0.2116898219386005,
    0.20609400878465978,
    0.19863292457940548,
    0.21029086865011531,
    0.1988660834608197,
    0.19536870023960673,
    0.21122350417577213,
    0.19257079366263638,
    0.20912507424304436,
    0.21052402753152952,
    0.19583501800243514,
    0.18650866274586725,
    0.18767445715293823,
    0.2042287377333462,
    0.20679348542890238,
    0.2058608499032456,
    0.2179851117367838,
    0.18907341044142342,
    0.18557602722021047,
    0.219384065025269,
    0.20213030780061844,
    0.19536870023960673,
    0.2128556163456715,
    0.2049282143775888,
    0.1900060459670802,
    0.2044618966147604,
    0.2123892985828431,
    0.2053945321404172,
    0.2179851117367838,
    0.190938681492737,
    0.2212493360765826,
    0.17928073742202716
  ],
  "elapsed_s": 981.2638466999633,
  "raw": {
    "mean": -6.6809326171875,
    "sem": 0.013108047860721816,
    "rel_err": 0.20244798677654532,
    "parity_discard": 0.0,
    "cost": {
      "n_circuits_per_eval": 20,
      "overhead_circuits": 1.0,
      "overhead_amortised": 1.0,
      "shot_multiplier": 1.0,
      "measured_discard": 0.0,
      "overhead_effective": 1.0
    }
  },
  "readout": {
    "mean": -7.109465058617822,
    "sem": 0.01420781537337097,
    "rel_err": 0.1512909206934279,
    "parity_discard": 0.0,
    "cost": {
      "n_circuits_per_eval": 20,
      "overhead_circuits": 1.0,
      "overhead_amortised": 1.025,
      "shot_multiplier": 1.0,
      "measured_discard": 0.0,
      "overhead_effective": 1.025
    }
  },
  "parity": {
    "mean": -8.56257572229293,
    "sem": 0.01964155691803827,
    "rel_err": 0.022177575646299186,
    "parity_discard": 0.401214599609375,
    "cost": {
      "n_circuits_per_eval": 20,
      "overhead_circuits": 1.0,
      "overhead_amortised": 1.0,
      "shot_multiplier": 1.6700473981958106,
      "measured_discard": 0.401214599609375,
      "overhead_effective": 1.6700473981958106
    }
  },
  "zne": {
    "mean": -6.705627441406248,
    "sem": 0.030365425928888877,
    "rel_err": 0.19949998416966475,
    "parity_discard": 0.0,
    "cost": {
      "n_circuits_per_eval": 60,
      "overhead_circuits": 3.0,
      "overhead_amortised": 3.0,
      "shot_multiplier": 1.0,
      "measured_discard": 0.0,
      "overhead_effective": 3.0
    }
  },
  "ro+parity": {
    "mean": -8.967778283750807,
    "sem": 0.02129079943675487,
    "rel_err": 0.07054958254585035,
    "parity_discard": 0.37567327631712943,
    "cost": {
      "n_circuits_per_eval": 20,
      "overhead_circuits": 1.0,
      "overhead_amortised": 1.025,
      "shot_multiplier": 1.601725446095039,
      "measured_discard": 0.37567327631712943,
      "overhead_effective": 1.6417685822474148
    }
  },
  "ro+zne": {
    "mean": -7.135699449213694,
    "sem": 0.03289622012485865,
    "rel_err": 0.1481591287364786,
    "parity_discard": 0.0,
    "cost": {
      "n_circuits_per_eval": 60,
      "overhead_circuits": 3.0,
      "overhead_amortised": 3.025,
      "shot_multiplier": 1.0,
      "measured_discard": 0.0,
      "overhead_effective": 3.025
    }
  },
  "parity+zne": {
    "mean": -8.584657423752502,
    "sem": 0.04471059188067923,
    "rel_err": 0.024813630590061562,
    "parity_discard": 0.4025329589843751,
    "cost": {
      "n_circuits_per_eval": 60,
      "overhead_circuits": 3.0,
      "overhead_amortised": 3.0,
      "shot_multiplier": 1.6737324929256612,
      "measured_discard": 0.4025329589843751,
      "overhead_effective": 5.021197478776983
    }
  },
  "ro+parity+zne": {
    "mean": -8.988262545446586,
    "sem": 0.048546979911669494,
    "rel_err": 0.07299493936816516,
    "parity_discard": 0.37733848306345696,
    "cost": {
      "n_circuits_per_eval": 60,
      "overhead_circuits": 3.0,
      "overhead_amortised": 3.025,
      "shot_multiplier": 1.6060089997530913,
      "measured_discard": 0.37733848306345696,
      "overhead_effective": 4.858177224253101
    }
  }
}