{
  "N": 4,
  "h": 2.0,
  "L": 3,
  "exact": -8.376798636850365,
  "convergence_raw": [
    0.728515625,
    -0.69140625,
    -0.615234375,
    -0.744140625,
    -1.302734375,
    -1.177734375,
    -1.474609375,
    -1.068359375,
    -0.685546875,
    -0.7578125,
    -1.82421875,
    -1.140625,
    -1.0,
    -2.28125,
    -1.986328125,
    -2.005859375,
    -2.36328125,
    -2.09765625,
    -1.943359375,
    -2.97265625,
    -2.701171875,
    -2.99609375,
    -2.40625,
    -2.666015625,
    -3.31640625,
    -3.337890625,
    -2.927734375,
    -2.94140625,
    -2.263671875,
    -3.419921875,
    -4.060546875,
    -2.96875,
    -3.763671875,
    -5.154296875,
    -3.482421875,
    -5.30078125,
    -5.453125,
    -5.9921875,
    -4.232421875,
    -4.98828125,
    -6.3828125,
    -6.931640625,
    -6.14453125,
    -6.279296875,
    -4.8203125,
    -7.263671875,
    -6.625,
    -7.36328125,
    -6.748046875,
    -7.265625,
    -7.119140625,
    -7.236328125,
    -6.775390625,
    -6.5546875,
    -6.833984375,
    -6.87890625,
    -7.423828125,
    -7.037109375,
    -7.4453125,
    -7.251953125,
    -7.375,
    -7.275390625,
    -7.3359375,
    -7.23828125,
    -7.345703125,
    -7.34375,
    -7.373046875,
    -7.240234375,
    -7.205078125,
    -7.056640625,
    -7.21484375,
    -7.275390625,
    -7.294921875,
    -7.310546875,
    -7.43359375,
    -7.380859375,
    -7.265625,
    -7.388671875,
    -7.4453125,
    -7.259765625,
    -7.322265625,
    -7.3359375,
    -7.40234375,
    -7.140625,
    -7.24609375,
    -7.5546875,
    -7.248046875,
    -7.25,
    -7.203125,
    -7.494140625,
    -7.240234375,
    -7.13671875,
    -7.306640625,
    -7.474609375,
    -7.13671875,
    -7.359375,
    -7.2890625,
    -7.451171875,
    -7.26171875,
    -7.35546875,
    -7.23046875,
    -7.27734375,
    -7.28515625,
    -7.244140625,
    -7.2578125,
    -7.34375,
    -7.38671875,
    -7.357421875,
    -7.2578125,
    -7.193359375,
    -7.51953125,
    -7.25,
    -7.318359375,
    -7.22265625,
    -7.369140625,
    -7.328125,
    -7.15625,
    -7.494140625,
    -7.443359375,
    -7.328125,
    -7.25390625,
    -7.404296875,
    -7.337890625,
    -7.345703125,
    -7.291015625,
    -7.041015625,
    -7.384765625,
    -7.341796875,
    -7.20703125,
    -7.185546875,
    -7.296875
  ],
  "convergence_rel": [
    1.0869682627674955,
    0.9174617559793743,
    0.926554952354528,
    0.911166466181191,
    0.8444830260967308,
    0.8594051945072393,
    0.8239650445322814,
    0.8724620918664343,
    0.9181612326236169,
    0.9095343540112917,
    0.7822296047591402,
    0.8638352132541091,
    0.8806226527159312,
    0.7276704265082181,
    0.7628774176017619,
    0.7605458287876199,
    0.7178777534888219,
    0.7495873613611526,
    0.7680069129928742,
    0.6451321824875924,
    0.6775412670041657,
    0.6423342759106221,
    0.7127482580977095,
    0.6817381268696213,
    0.6040962193586937,
    0.6015314716631376,
    0.650494836760119,
    0.6488627245902195,
    0.7297688564409459,
    0.5917387986437413,
    0.5152626855398847,
    0.6455985002504208,
    0.5507028355148427,
    0.38469371194793456,
    0.5842777144384871,
    0.36720679584186977,
    0.34902040309156246,
    0.2846685518212441,
    0.49474470397543546,
    0.4045122168681413,
    0.23803677553840474,
    0.17251912986101545,
    0.26648215907093675,
    0.2503941962533572,
    0.4245638806697622,
    0.13288212002060198,
    0.20912507424304436,
    0.12099101706847794,
    0.19443606471394995,
    0.13264896113918778,
    0.15013587724525254,
    0.13614634436040074,
    0.1911718403741512,
    0.21751879397395543,
    0.18417707393172528,
    0.17881441965919875,
    0.11376309174463783,
    0.1599285502646488,
    0.11119834404908167,
    0.13428107330908717,
    0.11959206377999276,
    0.1314831667321168,
    0.12425524140827669,
    0.13591318547898654,
    0.1230894470012057,
    0.12332260588261991,
    0.11982522266140695,
    0.13568002659757233,
    0.13987688646302787,
    0.15759696145050683,
    0.1387110920559569,
    0.1314831667321168,
    0.12915157791797482,
    0.12728630686666126,
    0.11259729733756685,
    0.11889258713575017,
    0.13264896113918778,
    0.11795995161009339,
    0.11119834404908167,
    0.13334843778343036,
    0.12588735357817607,
    0.12425524140827669,
    0.11632783944019401,
    0.14757112954969637,
    0.13498054995332975,
    0.09814144668988665,
    0.13474739107191555,
    0.13451423219050135,
    0.14011004534444207,
    0.10536937201372676,
    0.13568002659757233,
    0.14803744731252477,
    0.12775262462948964,
    0.10770096082786872,
    0.14803744731252477,
    0.12145733483130633,
    0.12985105456221743,
    0.11049886740483908,
    0.1331152789020162,
    0.12192365259413473,
    0.13684582100464332,
    0.1312500078507026,
    0.1303173723250458,
    0.13521370883474396,
    0.13358159666484457,
    0.12332260588261991,
    0.11819311049150757,
    0.12169049371272053,
    0.13358159666484457,
    0.14127583975151306,
    0.10233830655534219,
    0.13451423219050135,
    0.12635367134100448,
    0.1377784565303001,
    0.12029154042423536,
    0.1251878769339335,
    0.1457058584983828,
    0.10536937201372676,
    0.11143150293049588,
    0.1251878769339335,
    0.13404791442767297,
    0.1160946805587798,
    0.1240220825268625,
    0.1230894470012057,
    0.12961789568080323,
    0.15946223250182043,
    0.11842626937292178,
    0.12355576476403411,
    0.1396437275816137,
    0.14220847527716984,
    0.12891841903656062
  ],
  "elapsed_s": 1413.337243499991,
  "raw": {
    "mean": -7.3033203125,
    "sem": 0.009413843570061227,
    "rel_err": 0.12814899472789373,
    "parity_discard": 0.0,
    "cost": {
      "n_circuits_per_eval": 20,
      "overhead_circuits": 1.0,
      "overhead_amortised": 1.0,
      "shot_multiplier": 1.0,
      "measured_discard": 0.0,
      "overhead_effective": 1.0
    }
  },
  "readout": {
    "mean": -7.75682855602342,
    "sem": 0.010047023401365636,
    "rel_err": 0.07401038364461046,
    "parity_discard": 0.0,
    "cost": {
      "n_circuits_per_eval": 20,
      "overhead_circuits": 1.0,
      "overhead_amortised": 1.025,
      "shot_multiplier": 1.0,
      "measured_discard": 0.0,
      "overhead_effective": 1.025
    }
  },
  "parity": {
    "mean": -8.514430524793331,
    "sem": 0.010818881763004386,
    "rel_err": 0.016430129684329504,
    "parity_discard": 0.296002197265625,
    "cost": {
      "n_circuits_per_eval": 20,
      "overhead_circuits": 1.0,
      "overhead_amortised": 1.0,
      "shot_multiplier": 1.4204589788717132,
      "measured_discard": 0.296002197265625,
      "overhead_effective": 1.4204589788717132
    }
  },
  "zne": {
    "mean": -7.331216430664059,
    "sem": 0.022478184574301396,
    "rel_err": 0.12481883014194554,
    "parity_discard": 0.0,
    "cost": {
      "n_circuits_per_eval": 60,
      "overhead_circuits": 3.0,
      "overhead_amortised": 3.0,
      "shot_multiplier": 1.0,
      "measured_discard": 0.0,
      "overhead_effective": 3.0
    }
  },
  "ro+parity": {
    "mean": -8.729220437363605,
    "sem": 0.011724907430426135,
    "rel_err": 0.04207117967034578,
    "parity_discard": 0.24781931184792194,
    "cost": {
      "n_circuits_per_eval": 20,
      "overhead_circuits": 1.0,
      "overhead_amortised": 1.025,
      "shot_multiplier": 1.3294677937780517,
      "measured_discard": 0.24781931184792194,
      "overhead_effective": 1.3627044886225028
    }
  },
  "ro+zne": {
    "mean": -7.7864394969492015,
    "sem": 0.023964860863363337,
    "rel_err": 0.07047550806630538,
    "parity_discard": 0.0,
    "cost": {
      "n_circuits_per_eval": 60,
      "overhead_circuits": 3.0,
      "overhead_amortised": 3.025,
      "shot_multiplier": 1.0,
      "measured_discard": 0.0,
      "overhead_effective": 3.025
    }
  },
  "parity+zne": {
    "mean": -8.530541507680105,
    "sem": 0.024265478322574422,
    "rel_err": 0.018353416083491617,