{
  "N": 4,
  "h": 1.0,
  "L": 1,
  "exact": -4.7587704831436355,
  "convergence_raw": [
    -0.0625,
    -0.47265625,
    -0.59765625,
    -0.18359375,
    -0.033203125,
    -1.5390625,
    -0.19140625,
    -0.8984375,
    -2.013671875,
    -2.71875,
    -2.412109375,
    -2.056640625,
    -3.03125,
    -1.83984375,
    -3.232421875,
    -2.466796875,
    -2.876953125,
    -2.796875,
    -3.24609375,
    -3.423828125,
    -3.5390625,
    -3.509765625,
    -3.3828125,
    -3.615234375,
    -3.513671875,
    -3.59375,
    -3.6328125,
    -3.486328125,
    -3.54296875,
    -3.66015625,
    -3.70703125,
    -3.52734375,
    -3.560546875,
    -3.765625,
    -3.62890625,
    -3.619140625,
    -3.658203125,
    -3.6875,
    -3.65234375,
    -3.6328125,
    -3.669921875,
    -3.556640625,
    -3.650390625,
    -3.671875,
    -3.681640625,
    -3.6640625,
    -3.666015625,
    -3.634765625,
    -3.69140625,
    -3.6484375,
    -3.5390625,
    -3.576171875,
    -3.638671875,
    -3.607421875,
    -3.568359375,
    -3.642578125
  ],
  "convergence_rel": [
    0.9868663554543373,
    0.900676813123426,
    0.8744095240321006,
    0.9614199191471159,
    0.9930227513351167,
    0.6765840030630563,
    0.959778213578908,
    0.8112038596560989,
    0.5768503897944303,
    0.4286864622636731,
    0.49312340581583064,
    0.5678210091692872,
    0.36301823953535967,
    0.6133783386870546,
    0.32074432115400786,
    0.4816314668383758,
    0.3954419245074644,
    0.4122694065815947,
    0.31787133640964416,
    0.2805225347329159,
    0.25630737760185035,
    0.2624637734826297,
    0.28914148896600705,
    0.24030074831182394,
    0.2616429206985258,
    0.24481543862439548,
    0.2366069107833563,
    0.2673888901872532,
    0.2554865248177464,
    0.23086094129462886,
    0.22101070788538185,
    0.2587699359541621,
    0.2517926872892788,
    0.20869791612382307,
    0.2374277635674602,
    0.23947989552772,
    0.23127136768668083,
    0.22511497180590145,
    0.2325026468628367,
    0.2366069107833563,
    0.22880880933436906,
    0.2526135400733827,
    0.23291307325488866,
    0.22839838294231712,
    0.22634625098205732,
    0.23004008851052496,
    0.229629662118473,
    0.23619648439130433,
    0.22429411902179752,
    0.23332349964694063,
    0.25630737760185035,
    0.2485092761528631,
    0.23537563160720043,
    0.24194245388003177,
    0.2501509817210709,
    0.2345547788230965
  ],
  "elapsed_s": 903.3798111000215,
  "raw": {
    "mean": -3.6417236328125,
    "sem": 0.008999948318945294,
    "rel_err": 0.23473434036961924,
    "parity_discard": 0.0,
    "cost": {
      "n_circuits_per_eval": 20,
      "overhead_circuits": 1.0,
      "overhead_amortised": 1.0,
      "shot_multiplier": 1.0,
      "measured_discard": 0.0,
      "overhead_effective": 1.0
    }
  },
  "readout": {
    "mean": -3.872514051465444,
    "sem": 0.009535292129448498,
    "rel_err": 0.18623643119950006,
    "parity_discard": 0.0,
    "cost": {
      "n_circuits_per_eval": 20,
      "overhead_circuits": 1.0,
      "overhead_amortised": 1.025,
      "shot_multiplier": 1.0,
      "measured_discard": 0.0,
      "overhead_effective": 1.025
    }
  },
  "parity": {
    "mean": -4.292229143216924,
    "sem": 0.011706801808243518,
    "rel_err": 0.09803820999127377,
    "parity_discard": 0.4160888671875,
    "cost": {
      "n_circuits_per_eval": 20,
      "overhead_circuits": 1.0,
      "overhead_amortised": 1.0,
      "shot_multiplier": 1.7125893715767029,
      "measured_discard": 0.4160888671875,
      "overhead_effective": 1.7125893715767029
    }
  },
  "zne": {
    "mean": -3.6466766357421885,
    "sem": 0.02059883477426727,
    "rel_err": 0.23369352469102475,
    "parity_discard": 0.0,
    "cost": {
      "n_circuits_per_eval": 60,
      "overhead_circuits": 3.0,
      "overhead_amortised": 3.0,
      "shot_multiplier": 1.0,
      "measured_discard": 0.0,
      "overhead_effective": 3.0
    }
  },
  "ro+parity": {
    "mean": -4.445860784913814,
    "sem": 0.012205885071100047,
    "rel_err": 0.06575431602305691,
    "parity_discard": 0.3997123719662732,
    "cost": {
      "n_circuits_per_eval": 20,
      "overhead_circuits": 1.0,
      "overhead_amortised": 1.025,
      "shot_multiplier": 1.6658680827315262,
      "measured_discard": 0.3997123719662732,
      "overhead_effective": 1.7075147847998142
    }
  },
  "ro+zne": {
    "mean": -3.8777887190957068,
    "sem": 0.021832190501304884,
    "rel_err": 0.18512802144346194,
    "parity_discard": 0.0,
    "cost": {
      "n_circuits_per_eval": 60,
      "overhead_circuits": 3.0,
      "overhead_amortised": 3.025,
      "shot_multiplier": 1.0,
      "measured_discard": 0.0,
      "overhead_effective": 3.025
    }
  },
  "parity+zne": {
    "mean": -4.298581712969707,
    "sem": 0.027176342767276793,
    "rel_err": 0.09670329170192062,
    "parity_discard": 0.41649169921875,
    "cost": {
      "n_circuits_per_eval": 60,
      "overhead_circuits": 3.0,
      "overhead_amortised": 3.0,
      "shot_multiplier": 1.7137716784167694,
      "measured_discard": 0.41649169921875,
      "overhead_effective": 5.141315035250308
    }
  },
  "ro+parity+zne": {
    "mean": -4.452626634277399,
    "sem": 0.028429368372431502,
    "rel_err": 0.06433255185360366,
    "parity_discard": 0.4001966556997154,
    "cost": {
      "n_circuits_per_eval": 60,
      "overhead_circuits": 3.0,
      "overhead_amortised": 3.025,
      "shot_multiplier": 1.667213111601728,
      "measured_discard": 0.4001966556997154,
      "overhead_effective": 5.043319662595227
    }
  }
}