{
  "N": 6,
  "h": 1.0,
  "L": 2,
  "exact": -7.296229810558758,
  "convergence_raw": [
    -0.03125,
    -0.98046875,
    -0.689453125,
    -1.09765625,
    -1.2421875,
    -1.22265625,
    -0.994140625,
    -0.083984375,
    -1.14453125,
    -0.83203125,
    -0.90234375,
    -0.7578125,
    -1.150390625,
    -2.22265625,
    -2.64453125,
    -1.98046875,
    -2.3359375,
    -2.734375,
    -2.57421875,
    -2.2734375,
    -3.314453125,
    -2.333984375,
    -3.60546875,
    -4.369140625,
    -4.732421875,
    -3.74609375,
    -4.56640625,
    -4.74609375,
    -4.10546875,
    -4.541015625,
    -4.759765625,
    -4.40234375,
    -4.845703125,
    -3.728515625,
    -4.115234375,
    -5.0,
    -4.314453125,
    -4.75,
    -4.505859375,
    -4.9921875,
    -4.6640625,
    -4.759765625,
    -4.41796875,
    -4.89453125,
    -4.91015625,
    -4.833984375,
    -5.138671875,
    -4.900390625,
    -4.904296875,
    -5.21484375,
    -5.109375,
    -5.115234375,
    -5.2265625,
    -5.201171875,
    -5.013671875,
    -5.232421875,
    -5.166015625,
    -5.14453125,
    -5.046875,
    -5.111328125,
    -5.275390625,
    -5.12890625,
    -5.17578125,
    -5.154296875,
    -5.0703125,
    -5.197265625,
    -5.171875,
    -5.10546875,
    -5.19921875,
    -5.205078125,
    -5.14453125,
    -5.361328125,
    -5.09375,
    -5.25,
    -5.201171875,
    -5.1953125,
    -5.158203125,
    -5.1640625,
    -5.251953125,
    -5.2890625,
    -5.306640625,
    -5.1328125,
    -5.177734375,
    -5.220703125,
    -5.2734375,
    -5.107421875,
    -5.115234375,
    -5.119140625,
    -5.251953125,
    -5.369140625,
    -5.091796875,
    -5.298828125,
    -5.25,
    -5.103515625,
    -5.18359375,
    -5.115234375,
    -5.322265625,
    -5.22265625,
    -5.072265625,
    -5.248046875,
    -5.15625,
    -5.1875,
    -5.138671875,
    -5.1484375,
    -5.037109375,
    -4.943359375,
    -5.171875,
    -5.345703125,
    -5.3046875,
    -5.1640625,
    -5.140625,
    -5.3671875,
    -5.111328125,
    -5.296875,
    -5.22265625,
    -5.0859375,
    -5.296875,
    -4.978515625,
    -5.26171875,
    -5.23828125,
    -5.275390625,
    -5.208984375,
    -5.234375,
    -5.0859375,
    -5.123046875,
    -5.06640625
  ],
  "convergence_rel": [
    0.9957169660480298,
    0.8656198097569361,
    0.9055055634346583,
    0.849558432437048,
    0.829749400409186,
    0.8324262966291673,
    0.8637459824029492,
    0.9884893462540801,
    0.8431338815090927,
    0.8859642210287944,
    0.8763273946368615,
    0.8961364266647235,
    0.8423308126430983,
    0.6953692101661221,
    0.6375482518145249,
    0.7285627232938908,
    0.6798432120902302,
    0.6252345292026107,
    0.6471850782064578,
    0.6884092799941706,
    0.5457307114691645,
    0.6801109017122283,
    0.5058449577914423,
    0.4011783155901714,
    0.3513880458985183,
    0.48657130500757656,
    0.3741416637683598,
    0.3495142185445313,
    0.4373164145599197,
    0.37762162885433553,
    0.34764039119054435,
    0.3966275920162031,
    0.3358620478226264,
    0.4889805116055598,
    0.43597796644992903,
    0.31471456768477374,
    0.4086736250061192,
    0.348978839300535,
    0.38244004205030196,
    0.3157853261727663,
    0.360757182668453,
    0.34764039119054435,
    0.39448607504021804,
    0.32916980727267303,
    0.32702829029668795,
    0.3374681855546152,
    0.29570860452290615,
    0.3283667384066786,
    0.32783135916268236,
    0.2852687092649789,
    0.2997239488528782,
    0.29892087998688377,
    0.28366257153299007,
    0.2871425366189658,
    0.3128407403307868,
    0.28285950266699567,
    0.29196094981493226,
    0.29490553565691174,
    0.3082900167568185,
    0.29945625923088004,
    0.2769703309830367,
    0.2970470526328968,
    0.2906225017049416,
    0.29356708754692107,
    0.3050777412928409,
    0.2876779158629621,
    0.29115788094893785,
    0.30025932809687444,
    0.28741022624096396,
    0.28660715737496956,
    0.29490553565691174,
    0.2651919876151187,
    0.30186546582886326,
    0.28045029606901245,
    0.2871425366189658,
    0.28794560548496023,
    0.2930317083029248,
    0.2922286394369304,
    0.2801826064470143,
    0.27509650362904975,
    0.2726872970310665,
    0.29651167338890055,
    0.29035481208294345,
    0.2844656403989845,
    0.27723802060503483,
    0.2999916384748763,
    0.29892087998688377,
    0.2983855007428875,
    0.2801826064470143,
    0.26412122912712616,
    0.3021331554508614,
    0.273758055519059,
    0.28045029606901245,
    0.3005270177188726,
    0.28955174321694904,
    0.29892087998688377,
    0.2705457800550814,
    0.28419795077698634,
    0.30481005167084274,
    0.2807179856910106,
    0.29329939792492293,
    0.2890163639729528,
    0.29570860452290615,
    0.2943701564129155,
    0.30962846486680917,
    0.32247756672271966,
    0.29115788094893785,
    0.2673335045911038,
    0.2729549866530646,
    0.2922286394369304,
    0.295440914900908,
    0.2643889187491243,
    0.29945625923088004,
    0.2740257451410572,
    0.28419795077698634,
    0.3029362243168558,
    0.2740257451410572,
    0.3176591535267532,
    0.27884415833702364,
    0.28205643380100126,
    0.2769703309830367,
    0.2860717781309733,
    0.28259181304499753,
    0.3029362243168558,
    0.29785012149889123,
    0.30561312053683715
  ],
  "elapsed_s": 1713.1388833000092,
  "raw": {
    "mean": -5.1861572265625,
    "sem": 0.011530989706288592,
    "rel_err": 0.2892004005880765,
    "parity_discard": 0.0,
    "cost": {
      "n_circuits_per_eval": 20,
      "overhead_circuits": 1.0,
      "overhead_amortised": 1.0,
      "shot_multiplier": 1.0,
      "measured_discard": 0.0,
      "overhead_effective": 1.0
    }
  },
  "readout": {
    "mean": -6.191825007882988,
    "sem": 0.01450449737496715,
    "rel_err": 0.15136650453053543,
    "parity_discard": 0.0,
    "cost": {
      "n_circuits_per_eval": 20,
      "overhead_circuits": 1.0,
      "overhead_amortised": 1.0375,
      "shot_multiplier": 1.0,
      "measured_discard": 0.0,
      "overhead_effective": 1.0375
    }
  },
  "parity": {
    "mean": -5.837392585933742,
    "sem": 0.017923301743007377,
    "rel_err": 0.19994397963093982,
    "parity_discard": 0.482525634765625,
    "cost": {
      "n_circuits_per_eval": 20,
      "overhead_circuits": 1.0,
      "overhead_amortised": 1.0,
      "shot_multiplier": 1.9324628758123683,
      "measured_discard": 0.482525634765625,
      "overhead_effective": 1.9324628758123683
    }
  },
  "zne": {
    "mean": -5.208566284179686,
    "sem": 0.025909294844007898,
    "rel_err": 0.2861290804406824,
    "parity_discard": 0.0,
    "cost": {
      "n_circuits_per_eval": 60,
      "overhead_circuits": 3.0,
      "overhead_amortised": 3.0,
      "shot_multiplier": 1.0,
      "measured_discard": 0.0,
      "overhead_effective": 3.0
    }
  },
  "ro+parity": {
    "mean": -7.095615571807405,
    "sem": 0.028313146000378698,
    "rel_err": 0.02749560306626216,
    "parity_discard": 0.46274210887587647,
    "cost": {
      "n_circuits_per_eval": 20,
      "overhead_circuits": 1.0,
      "overhead_amortised": 1.0375,
      "shot_multiplier": 1.8613035127462996,
      "measured_discard": 0.46274210887587647,
      "overhead_effective": 1.931102394474286
    }
  },
  "ro+zne": {
    "mean": -6.218753417863641,
    "sem": 0.0322426040123652,
    "rel_err": 0.14767577511550478,
    "parity_discard": 0.0,
    "cost": {
      "n_circuits_per_eval": 60,
      "overhead_circuits": 3.0,
      "overhead_amortised": 3.0375,
      "shot_multiplier": 1.0,
      "measured_discard": 0.0,
      "overhead_effective": 3.0375
    }
  },
  "parity+zne": {
    "mean": -5.85605270965846,
    "sem": 0.040830837160209875,
    "rel_err": 0.19738647744019,
    "parity_discard": 0.48322143554687497,
    "cost": {
      "n_circuits_per_eval": 60,
      "overhead_circuits": 3.0,
      "overhead_amortised": 3.0,
      "shot_multiplier": 1.9350647816792448,
      "measured_discard": 0.48322143554687497,