{
  "N": 6,
  "h": 1.0,
  "L": 1,
  "exact": -7.296229810558758,
  "convergence_raw": [
    -0.283203125,
    0.369140625,
    -0.28515625,
    -0.443359375,
    -0.560546875,
    -0.341796875,
    -0.869140625,
    -0.873046875,
    -0.603515625,
    -0.287109375,
    -1.328125,
    -1.806640625,
    -1.58203125,
    -2.30078125,
    -2.734375,
    -3.14453125,
    -3.15625,
    -3.0703125,
    -2.873046875,
    -4.150390625,
    -3.833984375,
    -3.80078125,
    -3.8046875,
    -4.017578125,
    -3.994140625,
    -4.078125,
    -4.12890625,
    -3.865234375,
    -4.029296875,
    -3.8203125,
    -3.994140625,
    -4.013671875,
    -4.125,
    -4.107421875,
    -4.048828125,
    -4.078125,
    -4.115234375,
    -4.01171875,
    -3.91796875,
    -4.037109375,
    -3.9296875,
    -3.9140625,
    -4.21484375,
    -4.072265625,
    -4.158203125,
    -4.142578125,
    -3.96875,
    -3.9375,
    -3.966796875,
    -4.033203125,
    -3.919921875,
    -3.962890625,
    -4.048828125,
    -4.083984375,
    -4.04296875,
    -3.982421875,
    -4.146484375,
    -3.953125,
    -3.98828125,
    -4.048828125,
    -4.052734375,
    -4.04296875,
    -3.931640625,
    -4.08203125,
    -3.966796875,
    -3.990234375,
    -3.93359375,
    -4.09375
  ],
  "convergence_rel": [
    0.9611850048102704,
    1.0505933385576476,
    0.9609173151882723,
    0.9392344558064233,
    0.9231730784865352,
    0.9531543161503263,
    0.8808781182108298,
    0.8803427389668336,
    0.9172839068025762,
    0.9606496255662741,
    0.817971057041268,
    0.7523870996517249,
    0.7831714061815105,
    0.6846616252861967,
    0.6252345292026107,
    0.5690197085830022,
    0.5674135708510134,
    0.5791919142189313,
    0.606228566040743,
    0.4311595532539626,
    0.4745252720176605,
    0.4790759955916288,
    0.4785406163476325,
    0.4493624475498358,
    0.4525747230138134,
    0.4410640692678936,
    0.4341041390959421,
    0.4702422380656903,
    0.447756309817847,
    0.4763990993716474,
    0.4525747230138134,
    0.44989782679383206,
    0.43463951833993836,
    0.4370487249379216,
    0.4450794135978656,
    0.4410640692678936,
    0.43597796644992903,
    0.4501655164158302,
    0.4630146182717407,
    0.44668555132985444,
    0.46140848053975186,
    0.46354999751573694,
    0.4223257957280241,
    0.441867138133888,
    0.43008879476597006,
    0.43223031174195514,
    0.45605468809978916,
    0.4603377220517593,
    0.4563223777217873,
    0.4472209305738507,
    0.46274692864974254,
    0.45685775696578357,
    0.4450794135978656,
    0.4402610004018992,
    0.44588248246386003,
    0.4541808607458022,
    0.43169493249795887,
    0.45819620507577424,
    0.4533777918798078,
    0.4450794135978656,
    0.44454403435386936,
    0.44588248246386003,
    0.46114079091775373,
    0.44052869002389733,
    0.4563223777217873,
    0.4531101022578097,
    0.4608731012957556,
    0.4389225522919085
  ],
  "elapsed_s": 919.2080539999879,
  "raw": {
    "mean": -4.0234619140625,
    "sem": 0.011355642170356967,
    "rel_err": 0.44855603256356646,
    "parity_discard": 0.0,
    "cost": {
      "n_circuits_per_eval": 20,
      "overhead_circuits": 1.0,
      "overhead_amortised": 1.0,
      "shot_multiplier": 1.0,
      "measured_discard": 0.0,
      "overhead_effective": 1.0
    }
  },
  "readout": {
    "mean": -4.893657203707462,
    "sem": 0.013923047092230006,
    "rel_err": 0.32928960151096215,
    "parity_discard": 0.0,
    "cost": {
      "n_circuits_per_eval": 20,
      "overhead_circuits": 1.0,
      "overhead_amortised": 1.0375,
      "shot_multiplier": 1.0,
      "measured_discard": 0.0,
      "overhead_effective": 1.0375
    }
  },
  "parity": {
    "mean": -4.298215999420674,
    "sem": 0.013148844854551927,
    "rel_err": 0.4108990381305562,
    "parity_discard": 0.48946533203125,
    "cost": {
      "n_circuits_per_eval": 20,
      "overhead_circuits": 1.0,
      "overhead_amortised": 1.0,
      "shot_multiplier": 1.9587308418812615,
      "measured_discard": 0.48946533203125,
      "overhead_effective": 1.9587308418812615
    }
  },
  "zne": {
    "mean": -4.034371948242186,
    "sem": 0.02575716379046382,
    "rel_err": 0.44706073506568633,
    "parity_discard": 0.0,
    "cost": {
      "n_circuits_per_eval": 60,
      "overhead_circuits": 3.0,
      "overhead_amortised": 3.0,
      "shot_multiplier": 1.0,
      "measured_discard": 0.0,
      "overhead_effective": 3.0
    }
  },
  "ro+parity": {
    "mean": -5.268639101637499,
    "sem": 0.022994980014628734,
    "rel_err": 0.27789567510428825,
    "parity_discard": 0.4769547266828197,
    "cost": {
      "n_circuits_per_eval": 20,
      "overhead_circuits": 1.0,
      "overhead_amortised": 1.0375,
      "shot_multiplier": 1.9118803878256045,
      "measured_discard": 0.4769547266828197,
      "overhead_effective": 1.983575902369065
    }
  },
  "ro+zne": {
    "mean": -4.906681607734599,
    "sem": 0.03152933111170112,
    "rel_err": 0.32750451464208513,
    "parity_discard": 0.0,
    "cost": {
      "n_circuits_per_eval": 60,
      "overhead_circuits": 3.0,
      "overhead_amortised": 3.0375,
      "shot_multiplier": 1.0,
      "measured_discard": 0.0,
      "overhead_effective": 3.0375
    }
  },
  "parity+zne": {
    "mean": -4.30704486157379,
    "sem": 0.029777485630596057,
    "rel_err": 0.4096889800070662,
    "parity_discard": 0.4901123046875,
    "cost": {
      "n_circuits_per_eval": 60,
      "overhead_circuits": 3.0,
      "overhead_amortised": 3.0,
      "shot_multiplier": 1.9612161838640172,
      "measured_discard": 0.4901123046875,
      "overhead_effective": 5.883648551592051
    }
  },
  "ro+parity+zne": {
    "mean": -5.275114243794122,
    "sem": 0.05161747673523441,
    "rel_err": 0.2770082109858674,
    "parity_discard": 0.47831442920610695,
    "cost": {
      "n_circuits_per_eval": 60,
      "overhead_circuits": 3.0,
      "overhead_amortised": 3.0375,
      "shot_multiplier": 1.9168634441589318,
      "measured_discard": 0.47831442920610695,
      "overhead_effective": 5.822472711632756
    }
  }
}