{
  "N": 6,
  "h": 1.0,
  "L": 3,
  "exact": -7.296229810558758,
  "convergence_raw": [
    0.212890625,
    1.478515625,
    -0.2421875,
    -0.623046875,
    -0.353515625,
    -0.490234375,
    -0.638671875,
    -1.2109375,
    -0.603515625,
    -0.578125,
    -0.439453125,
    -2.185546875,
    -1.876953125,
    -1.447265625,
    -2.111328125,
    -1.314453125,
    -1.61328125,
    -2.65625,
    -2.779296875,
    -3.201171875,
    -3.376953125,
    -3.310546875,
    -3.33984375,
    -2.73828125,
    -4.208984375,
    -4.185546875,
    -3.88671875,
    -4.205078125,
    -4.115234375,
    -4.177734375,
    -3.72265625,
    -3.6640625,
    -3.6015625,
    -4.015625,
    -3.830078125,
    -4.59375,
    -4.484375,
    -4.609375,
    -4.74609375,
    -4.119140625,
    -4.720703125,
    -5.259765625,
    -4.380859375,
    -5.2890625,
    -4.90625,
    -5.09375,
    -4.849609375,
    -5.24609375,
    -3.97265625,
    -4.703125,
    -4.50390625,
    -4.8359375,
    -5.0234375,
    -5.53125,
    -5.3515625,
    -4.861328125,
    -5.625,
    -5.158203125,
    -5.515625,
    -5.193359375,
    -5.3671875,
    -5.46875,
    -5.55859375,
    -5.646484375,
    -5.60546875,
    -5.583984375,
    -5.703125,
    -5.501953125,
    -5.73046875,
    -5.578125,
    -5.51953125,
    -5.783203125,
    -5.712890625,
    -5.5703125,
    -5.537109375,
    -5.708984375,
    -5.62890625,
    -5.71875,
    -5.6171875,
    -5.419921875,
    -5.623046875,
    -5.638671875,
    -5.607421875,
    -5.69921875,
    -5.66796875,
    -5.353515625,
    -5.76953125,
    -5.513671875,
    -5.48046875,
    -5.61328125,
    -5.529296875,
    -5.376953125,
    -5.333984375,
    -5.568359375,
    -5.501953125,
    -5.662109375,
    -5.705078125,
    -5.533203125,
    -5.619140625,
    -5.5703125,
    -5.65625,
    -5.67578125,
    -5.46484375,
    -5.513671875,
    -5.50390625,
    -5.599609375,
    -5.734375,
    -5.625,
    -5.69140625,
    -5.400390625,
    -5.71484375,
    -5.6796875,
    -5.57421875,
    -5.591796875,
    -5.6015625,
    -5.720703125,
    -5.69140625,
    -5.62890625,
    -5.70703125,
    -5.6015625,
    -5.626953125,
    -5.650390625,
    -5.708984375,
    -5.453125,
    -5.607421875,
    -5.576171875,
    -5.76953125,
    -5.61328125,
    -5.462890625,
    -5.79296875,
    -5.458984375,
    -5.533203125,
    -5.50390625,
    -5.662109375,
    -5.53125,
    -5.552734375,
    -5.6875,
    -5.662109375,
    -5.462890625,
    -5.5859375,
    -5.572265625,
    -5.822265625,
    -5.740234375,
    -5.568359375,
    -5.58203125,
    -5.5859375,
    -5.626953125,
    -5.728515625,
    -5.6015625,
    -5.701171875,
    -5.6640625,
    -5.61328125,
    -5.861328125,
    -5.556640625,
    -5.796875,
    -5.591796875,
    -5.5390625,
    -5.677734375,
    -5.576171875,
    -5.4921875,
    -5.568359375,
    -5.6015625,
    -5.640625,
    -5.798828125,
    -5.525390625,
    -5.724609375,
    -5.64453125,
    -5.353515625,
    -5.494140625,
    -5.69921875,
    -5.591796875,
    -5.712890625,
    -5.552734375,
    -5.666015625,
    -5.615234375,
    -5.6875,
    -5.66015625,
    -5.515625,
    -5.55859375,
    -5.654296875,
    -5.720703125
  ],
  "convergence_rel": [
    1.0291781687977968,
    1.2026410438525883,
    0.9668064868722313,
    0.9146070105825949,
    0.9515481784183375,
    0.932809904878468,
    0.9124654936066098,
    0.8340324343611561,
    0.9172839068025762,
    0.9207638718885519,
    0.9397698350504196,
    0.7004553129840867,
    0.742750273259792,
    0.8016419900993818,
    0.7106275186200158,
    0.8198448843952549,
    0.7788883722295403,
    0.6359421140825361,
    0.6190776678966535,
    0.5612567095450564,
    0.5371646435652241,
    0.5462660907131608,
    0.5422507463831887,
    0.6246991499586144,
    0.4231288645940185,
    0.4263411400579961,
    0.46729765222371084,
    0.42366424383801476,
    0.43597796644992903,
    0.4274118985459887,
    0.4897835804715542,
    0.49781426913149823,
    0.5063803370354386,
    0.4496301371718339,
    0.47506065126165675,
    0.3703940090603859,
    0.38538462789228145,
    0.3682524920844008,
    0.3495142185445313,
    0.43544258720593276,
    0.3529941836305071,
    0.2791118479590218,
    0.3995721778581826,
    0.27509650362904975,
    0.3275636695406842,
    0.30186546582886326,
    0.33532666857863014,
    0.2809856753130087,
    0.4555193088557929,
    0.3554033902284903,
    0.3827077316723001,
    0.3372004959326171,
    0.3115022922207961,
    0.24190299050128095,
    0.26653043572510937,
    0.33372053084664133,
    0.22905388864537046,
    0.2930317083029248,
    0.24404450747726603,
    0.28821329510695837,
    0.2643889187491243,
    0.25046905840522127,
    0.23815533579330705,
    0.22610930280339098,
    0.2317307848653518,
    0.2346753707073313,
    0.21834630376544506,
    0.24591833483125297,
    0.21459864905747114,
    0.2354784395733257,
    0.24350912823326976,
    0.2073710292635215,
    0.21700785565545438,
    0.23654919806131824,
    0.24109992163528654,
    0.21754323489945065,
    0.2285185094013742,
    0.21620478678945995,
    0.230124647133363,
    0.25716129895517464,
    0.2293215782673686,
    0.22718006129138352,
    0.23146309524335368,
    0.21888168300944133,
    0.2231647169614115,
    0.26626274610311124,
    0.20924485661750844,
    0.24431219709926416,
    0.24886292067323246,
    0.23066002637735927,
    0.24217068012327908,
    0.2630504706391336,
    0.2689396423230926,
    0.23681688768331638,
    0.24591833483125297,
    0.2239677858274059,
    0.21807861414344692,
    0.2416353008792828,
    0.22985695751136487,
    0.23654919806131824,
    0.2247708546934003,
    0.22209395847341895,
    0.25100443764921754,
    0.24431219709926416,
    0.24565064520925484,
    0.23253385373134622,
    0.21406326981347487,
    0.22905388864537046,
    0.21995244149743387,
    0.259838195175156,
    0.21674016603345625,
    0.22155857922942268,
    0.23601381881732197,
    0.23360461221933876,
    0.23226616410934808,
    0.21593709716746182,
    0.21995244149743387,
    0.2285185094013742,
    0.2178109245214488,
    0.23226616410934808,
    0.22878619902337233,
    0.2255739235593947,
    0.21754323489945065,
    0.25261057538120635,
    0.23146309524335368,
    0.23574612919532384,
    0.20924485661750844,
    0.23066002637735927,
    0.2512721272712157,
    0.20603258115353082,
    0.25180750651521194,
    0.2416353008792828,
    0.24565064520925484,
    0.2239677858274059,
    0.24190299050128095,
    0.23895840465930146,
    0.22048782074143014,
    0.2239677858274059,
    0.2512721272712157,
    0.23440768108533316,
    0.2362815084393201,
    0.2020172368235588,
    0.21326020094748047,
    0.23681688768331638,
    0.23494306032932943,
    0.23440768108533316,
    0.22878619902337233,
    0.21486633867946928,
    0.23226616410934808,
    0.2186139933874432,
    0.22370009620540776,
    0.23066002637735927,
    0.1966634443835961,
    0.2384230254153052,
    0.20549720190953455,
    0.23360461221933876,
    0.2408322320132884,
    0.22182626885142082,
    0.23574612919532384,
    0.24725678294124365,
    0.23681688768331638,
    0.23226616410934808,
    0.22691237166938538,
    0.20522951228753641,
    0.24270605936727535,
    0.21540171792346555,
    0.2263769924253891,
    0.26626274610311124,
    0.2469890933192455,
    0.21888168300944133,
    0.23360461221933876,
    0.21700785565545438,
    0.23895840465930146,
    0.22343240658340963,
    0.23039233675536114,
    0.22048782074143014,
    0.22423547544940403,
    0.24404450747726603,
    0.23815533579330705,
    0.22503854431539844,
    0.21593709716746182
  ],
  "elapsed_s": 2291.5781241000514,
  "raw": {
    "mean": -5.6056640625,
    "sem": 0.007788625902400043,
    "rel_err": 0.231704015903152,
    "parity_discard": 0.0,
    "cost": {
      "n_circuits_per_eval": 20,
      "overhead_circuits": 1.0,
      "overhead_amortised": 1.0,
      "shot_multiplier": 1.0,
      "measured_discard": 0.0,