{
  "N": 6,
  "h": 2.0,
  "L": 1,
  "exact": -12.630964276492985,
  "convergence_raw": [
    -1.84375,
    -0.44921875,
    -0.72265625,
    -2.560546875,
    -2.2578125,
    -1.68359375,
    -3.7890625,
    -5.275390625,
    -4.607421875,
    -5.365234375,
    -4.91015625,
    -4.529296875,
    -5.849609375,
    -4.96875,
    -6.298828125,
    -6.84375,
    -5.544921875,
    -6.302734375,
    -5.5859375,
    -6.337890625,
    -6.603515625,
    -6.708984375,
    -6.75,
    -6.86328125,
    -6.73828125,
    -6.884765625,
    -6.865234375,
    -6.873046875,
    -6.720703125,
    -6.90234375,
    -6.875,
    -6.650390625,
    -7.072265625,
    -6.677734375,
    -7.017578125,
    -6.685546875,
    -6.662109375,
    -6.77734375,
    -6.759765625,
    -6.8828125,
    -6.375,
    -7.021484375,
    -6.69921875,
    -6.66015625,
    -6.82421875,
    -6.818359375,
    -7.01171875,
    -6.705078125,
    -6.748046875,
    -6.86328125,
    -6.9140625,
    -6.908203125,
    -6.904296875,
    -6.97265625,
    -6.59375,
    -6.955078125,
    -6.638671875,
    -7.048828125,
    -6.90625,
    -6.654296875,
    -6.83203125,
    -6.6015625,
    -6.759765625,
    -6.869140625
  ],
  "convergence_rel": [
    0.8540293551909307,
    0.9644351183198242,
    0.9427869294710216,
    0.7972801744229981,
    0.8212478120770296,
    0.8667090086595152,
    0.7000179545237348,
    0.5823445851384575,
    0.6352280178976755,
    0.5752316088024224,
    0.6112603802436439,
    0.641413214711619,
    0.5368833885559721,
    0.6066214826331863,
    0.5013185068757963,
    0.45817675909853955,
    0.5610056561303521,
    0.5010092470350991,
    0.5577584278030318,
    0.4982259084688244,
    0.47719623930141614,
    0.46884622360259226,
    0.4655989952752719,
    0.45663045989505363,
    0.46652677479736343,
    0.45492953077121917,
    0.45647582997470504,
    0.45585731029331067,
    0.46791844408050076,
    0.45353786148808184,
    0.4557026803729621,
    0.47348512121305,
    0.44008505841775447,
    0.47132030232816974,
    0.444414696187515,
    0.47070178264677537,
    0.4725573416909584,
    0.46343417639039164,
    0.4648258456735289,
    0.45508416069156776,
    0.4952879399822012,
    0.4441054363468178,
    0.4696193732043352,
    0.472711971611307,
    0.4597230583020255,
    0.4601869480630712,
    0.4448785859485608,
    0.46915548344328944,
    0.46575362519562047,
    0.45663045989505363,
    0.4526100819659903,
    0.45307397172703606,
    0.45338323156773325,
    0.44797118435553257,
    0.4779693889031591,
    0.4493628536386699,
    0.47441290073514153,
    0.4419406174619376,
    0.45322860164738465,
    0.4731758613723528,
    0.4591045386206311,
    0.47735086922176473,
    0.4648258456735289,
    0.45616657013400785
  ],
  "elapsed_s": 1064.532506199961,
  "raw": {
    "mean": -6.800341796875,
    "sem": 0.01849494104263283,
    "rel_err": 0.46161340907828696,
    "parity_discard": 0.0,
    "cost": {
      "n_circuits_per_eval": 20,
      "overhead_circuits": 1.0,
      "overhead_amortised": 1.0,
      "shot_multiplier": 1.0,
      "measured_discard": 0.0,
      "overhead_effective": 1.0
    }
  },
  "readout": {
    "mean": -8.328162254550609,
    "sem": 0.021558458706306537,
    "rel_err": 0.34065507017149593,
    "parity_discard": 0.0,
    "cost": {
      "n_circuits_per_eval": 20,
      "overhead_circuits": 1.0,
      "overhead_amortised": 1.0375,
      "shot_multiplier": 1.0,
      "measured_discard": 0.0,
      "overhead_effective": 1.0375
    }
  },
  "parity": {
    "mean": -6.7247165480814886,
    "sem": 0.020845067299869114,
    "rel_err": 0.4676006992912959,
    "parity_discard": 0.503717041015625,
    "cost": {
      "n_circuits_per_eval": 20,
      "overhead_circuits": 1.0,
      "overhead_amortised": 1.0,
      "shot_multiplier": 2.01497952306576,
      "measured_discard": 0.503717041015625,
      "overhead_effective": 2.01497952306576
    }
  },
  "zne": {
    "mean": -6.81824951171875,
    "sem": 0.0418226026714853,
    "rel_err": 0.46019564599609086,
    "parity_discard": 0.0,
    "cost": {
      "n_circuits_per_eval": 60,
      "overhead_circuits": 3.0,
      "overhead_amortised": 3.0,
      "shot_multiplier": 1.0,
      "measured_discard": 0.0,
      "overhead_effective": 3.0
    }
  },
  "ro+parity": {
    "mean": -8.264160500735871,
    "sem": 0.03671159011317533,
    "rel_err": 0.34572212225190196,
    "parity_discard": 0.5088665385573204,
    "cost": {
      "n_circuits_per_eval": 20,
      "overhead_circuits": 1.0,
      "overhead_amortised": 1.0375,
      "shot_multiplier": 2.0361064323789932,
      "measured_discard": 0.5088665385573204,
      "overhead_effective": 2.112460423593206
    }
  },
  "ro+zne": {
    "mean": -8.34921465843862,
    "sem": 0.04854994942898849,
    "rel_err": 0.33898834042488496,
    "parity_discard": 0.0,
    "cost": {
      "n_circuits_per_eval": 60,
      "overhead_circuits": 3.0,
      "overhead_amortised": 3.0375,
      "shot_multiplier": 1.0,
      "measured_discard": 0.0,
      "overhead_effective": 3.0375
    }
  },
  "parity+zne": {
    "mean": -6.7427597675855555,
    "sem": 0.04872164340543544,
    "rel_err": 0.4661722082347859,
    "parity_discard": 0.5038167317708334,
    "cost": {
      "n_circuits_per_eval": 60,
      "overhead_circuits": 3.0,
      "overhead_amortised": 3.0,
      "shot_multiplier": 2.0153843630578474,
      "measured_discard": 0.5038167317708334,
      "overhead_effective": 6.046153089173542
    }
  },
  "ro+parity+zne": {
    "mean": -8.285870764044274,
    "sem": 0.08771993689919247,
    "rel_err": 0.34400330943340585,
    "parity_discard": 0.5090585745791497,
    "cost": {
      "n_circuits_per_eval": 60,
      "overhead_circuits": 3.0,
      "overhead_amortised": 3.0375,
      "shot_multiplier": 2.0369028731742667,
      "measured_discard": 0.5090585745791497,
      "overhead_effective": 6.187092477266835
    }
  }
}