{
  "N": 8,
  "h": 1.0,
  "L": 2,
  "exact": -9.83795144745942,
  "convergence_raw": [
    0.107421875,
    0.462890625,
    -0.390625,
    0.0234375,
    -0.650390625,
    -1.28515625,
    -1.83984375,
    -2.677734375,
    -1.541015625,
    -2.76953125,
    -3.2109375,
    -1.763671875,
    -2.82421875,
    -3.779296875,
    -3.83984375,
    -3.23828125,
    -3.380859375,
    -5.26953125,
    -4.046875,
    -5.646484375,
    -5.765625,
    -5.568359375,
    -5.140625,
    -5.576171875,
    -5.3046875,
    -6.26953125,
    -5.796875,
    -5.736328125,
    -6.197265625,
    -5.98046875,
    -5.95703125,
    -5.955078125,
    -5.9140625,
    -6.283203125,
    -7.00390625,
    -6.796875,
    -6.9140625,
    -6.69921875,
    -6.98828125,
    -6.546875,
    -7.0625,
    -6.99609375,
    -7.189453125,
    -6.90625,
    -6.94921875,
    -7.0546875,
    -7.072265625,
    -7.07421875,
    -6.953125,
    -7.0390625,
    -6.9921875,
    -6.86328125,
    -7.1171875,
    -6.859375,
    -7.025390625,
    -7.09765625,
    -7.09765625,
    -7.1875,
    -7.150390625,
    -6.96875,
    -7.205078125,
    -7.017578125,
    -7.134765625,
    -6.9296875,
    -6.955078125,
    -6.91015625,
    -6.974609375,
    -7.15625,
    -7.1171875,
    -6.888671875,
    -7.068359375,
    -7.060546875,
    -6.728515625,
    -7.125,
    -7.005859375,
    -6.9921875,
    -7.048828125,
    -7.19921875,
    -6.927734375,
    -7.087890625,
    -7.126953125,
    -7.267578125,
    -6.8671875,
    -7.052734375,
    -6.923828125,
    -6.91796875,
    -6.99609375,
    -7.04296875,
    -7.025390625,
    -6.888671875,
    -7.10546875,
    -7.1015625,
    -7.06640625,
    -6.955078125,
    -7.11328125,
    -7.138671875,
    -6.97265625,
    -7.01171875,
    -7.037109375,
    -7.025390625,
    -7.14453125,
    -7.095703125,
    -6.953125,
    -7.083984375,
    -7.078125,
    -6.94921875,
    -7.0390625,
    -7.107421875,
    -6.970703125,
    -6.869140625,
    -7.10546875,
    -7.201171875,
    -7.060546875,
    -6.97265625,
    -7.162109375,
    -6.958984375,
    -6.892578125,
    -6.99609375,
    -7.1953125,
    -6.998046875,
    -7.021484375,
    -6.921875,
    -7.138671875,
    -7.080078125,
    -6.9375,
    -6.84765625,
    -6.958984375,
    -6.943359375,
    -6.8046875,
    -6.884765625,
    -7.125,
    -7.0703125,
    -6.841796875,
    -6.62890625,
    -6.91796875,
    -7.099609375,
    -7.017578125,
    -6.83203125,
    -6.904296875,
    -6.943359375,
    -7.013671875,
    -7.033203125,
    -6.8203125,
    -6.939453125,
    -7.064453125
  ],
  "convergence_rel": [
    1.0109191304280873,
    1.047051525662849,
    0.9602940711705915,
    1.0023823557297644,
    0.9338896284990349,
    0.869367494151246,
    0.812985075213486,
    0.7278158578744047,
    0.8433601107679835,
    0.7184849645994937,
    0.6736172650222622,
    0.8207277313352206,
    0.7129261345633766,
    0.6158451385754729,
    0.6096907196069145,
    0.6708378500042036,
    0.6563451859814695,
    0.4643670200912794,
    0.588646577327328,
    0.4260507987709002,
    0.4139404904779306,
    0.4339919845367819,
    0.4774699766049842,
    0.4331978659601937,
    0.4607934864966326,
    0.36271984228799364,
    0.41076401617157793,
    0.4169184351401362,
    0.3700654391214342,
    0.3921022296217559,
    0.3944845853515204,
    0.3946831149956675,
    0.39885223752275534,
    0.3613301347789643,
    0.28807269608870567,
    0.3091168383682922,
    0.2972050597194696,
    0.3190433205756443,
    0.289660933241882,
    0.3345286328191136,
    0.2821168067642944,
    0.28886681466529385,
    0.2692123798947366,
    0.29799917829605777,
    0.29363152612482285,
    0.2829109253408826,
    0.28112415854355916,
    0.28092562889941214,
    0.29323446683652876,
    0.2844991624940589,
    0.28926387395358794,
    0.30236683046729274,
    0.27655797672817717,
    0.3027638897555868,
    0.2858888700030882,
    0.2785432731696476,
    0.2785432731696476,
    0.2694109095388837,
    0.27318297277767745,
    0.2916462296833524,
    0.26762414274156027,
    0.28668298857967633,
    0.2747712099308538,
    0.2956168225662933,
    0.29303593719238175,
    0.2976021190077637,
    0.2910506407509113,
    0.27258738384523634,
    0.27655797672817717,
    0.2997859450933812,
    0.28152121783185324,
    0.2823153364084414,
    0.31606537591343864,
    0.27576385815158905,
    0.2878741664445586,
    0.28926387395358794,
    0.2835065142733237,
    0.2682197316740014,
    0.2958153522104403,
    0.27953592139038286,
    0.275565328507442,
    0.2612711941288549,
    0.30196977117899865,
    0.2831094549850296,
    0.2962124114987344,
    0.2968080004311755,
    0.28886681466529385,
    0.2841021032057648,
    0.2858888700030882,
    0.2997859450933812,
    0.27774915459305943,
    0.2781462138813535,
    0.2817197474760003,
    0.29303593719238175,
    0.27695503601647126,
    0.2743741506425597,
    0.2912491703950583,
    0.2872785775121175,
    0.28469769213820595,
    0.2858888700030882,
    0.2737785617101186,
    0.2787418028137947,
    0.29323446683652876,
    0.2799329806786769,
    0.28052856961111805,
    0.29363152612482285,
    0.2844991624940589,
    0.2775506249489124,
    0.2914477000392054,
    0.3017712415348516,
    0.27774915459305943,
    0.26802120202985436,
    0.2823153364084414,
    0.2912491703950583,
    0.27199179491279524,
    0.29263887790408766,
    0.2993888858050871,
    0.28886681466529385,
    0.2686167909622955,
    0.2886682850211468,
    0.2862859292913823,
    0.29641094114288147,
    0.2743741506425597,
    0.280330039966971,
    0.2948227039897051,
    0.30395506762046903,
    0.29263887790408766,
    0.29422711505726395,
    0.308322719791704,
    0.3001830043816752,
    0.27576385815158905,
    0.2813226881877062,
    0.3045506565529102,
    0.3261903877649378,
    0.2968080004311755,
    0.2783447435255006,
    0.28668298857967633,
    0.3055433047736454,
    0.29819770794020484,
    0.29422711505726395,
    0.2870800478679704,
    0.28509475142650004,
    0.30673448263852765,
    0.29462417434555804,
    0.28191827712014733
  ],
  "elapsed_s": 2169.825452500023,
  "raw": {
    "mean": -7.0266357421875,
    "sem": 0.006575143129686943,
    "rel_err": 0.2857623073549445,
    "parity_discard": 0.0,
    "cost": {
      "n_circuits_per_eval": 20,
      "overhead_circuits": 1.0,
      "overhead_amortised": 1.0,
      "shot_multiplier": 1.0,
      "measured_discard": 0.0,
      "overhead_effective": 1.0
    }
  },
  "readout": {
    "mean": -8.5752915662596,
    "sem": 0.0070252339513885735,
    "rel_err": 0.12834581344939378,
    "parity_discard": 0.0,
    "cost": {
      "n_circuits_per_eval": 20,
      "overhead_circuits": 1.0,
      "overhead_amortised": 1.05,
      "shot_multiplier": 1.0,
      "measured_discard": 0.0,
      "overhead_effective": 1.05
    }
  },
  "parity": {
    "mean": -7.076870453577861,
    "sem": 0.010841428448745326,
    "rel_err": 0.28065609071435166,
    "parity_discard": 0.499554443359375,
    "cost": {
      "n_circuits_per_eval": 20,
      "overhead_circuits": 1.0,
      "overhead_amortised": 1.0,
      "shot_multiplier": 1.9982193601892846,
      "measured_discard": 0.499554443359375,
      "overhead_effective": 1.9982193601892846
    }
  },
  "zne": {
    "mean": -7.050567626953119,
    "sem": 0.016000985417282575,
    "rel_err": 0.2833296988090058,
    "parity_discard": 0.0,
    "cost": {
      "n_circuits_per_eval": 60,
      "overhead_circuits": 3.0,
      "overhead_amortised": 3.0,
      "shot_multiplier": 1.0,
      "measured_discard": 0.0,
      "overhead_effective": 3.0
    }
  },
  "ro+parity": {
    "mean": -8.65835938398325,
    "sem": 0.022864798412490603,
    "rel_err": 0.11990220421150695,
    "parity_discard": 0.4990256027406577,
    "cost": {
      "n_circuits_per_eval": 20,
      "overhead_circuits": 1.0,
      "overhead_amortised": 1.05,
      "shot_multiplier": 1.9961099917893093,
      "measured_discard": 0.4990256027406577,