{
  "N": 8,
  "h": 0.5,
  "L": 3,
  "exact": -7.64059255359008,
  "convergence_raw": [
    -0.701171875,
    -0.283203125,
    -0.2958984375,
    -0.5341796875,
    -0.236328125,
    -0.7646484375,
    -0.8984375,
    -0.65234375,
    -0.458984375,
    -1.2578125,
    -2.0751953125,
    -2.2685546875,
    -1.8984375,
    -1.7412109375,
    -1.32421875,
    -1.9501953125,
    -2.005859375,
    -2.76171875,
    -2.8515625,
    -2.1640625,
    -2.2783203125,
    -2.177734375,
    -2.3056640625,
    -2.7197265625,
    -2.6923828125,
    -3.8056640625,
    -4.1357421875,
    -4.6435546875,
    -3.4423828125,
    -4.416015625,
    -4.13671875,
    -4.740234375,
    -3.95703125,
    -4.4580078125,
    -5.0849609375,
    -4.8828125,
    -4.6396484375,
    -4.322265625,
    -5.1201171875,
    -4.845703125,
    -4.9443359375,
    -5.375,
    -5.09375,
    -5.3251953125,
    -4.939453125,
    -5.0595703125,
    -4.9033203125,
    -5.1123046875,
    -4.8447265625,
    -4.744140625,
    -5.06640625,
    -5.0419921875,
    -5.3662109375,
    -5.419921875,
    -5.3330078125,
    -5.177734375,
    -5.564453125,
    -5.38671875,
    -5.384765625,
    -5.029296875,
    -5.3818359375,
    -5.1943359375,
    -5.060546875,
    -4.5546875,
    -5.373046875,
    -4.9248046875,
    -5.220703125,
    -5.224609375,
    -5.6630859375,
    -5.6484375,
    -5.68359375,
    -5.6669921875,
    -5.56640625,
    -5.6044921875,
    -5.6025390625,
    -5.5517578125,
    -5.60546875,
    -5.6904296875,
    -5.677734375,
    -5.6376953125,
    -5.6904296875,
    -5.7373046875,
    -5.7099609375,
    -5.5751953125,
    -5.759765625,
    -5.7041015625,
    -5.6328125,
    -5.6083984375,
    -5.564453125,
    -5.55078125,
    -5.560546875,
    -5.6669921875,
    -5.6806640625,
    -5.6083984375,
    -5.83984375,
    -5.6884765625,
    -5.6025390625,
    -5.4775390625,
    -5.6513671875,
    -5.5751953125,
    -5.53125,
    -5.6376953125,
    -5.5439453125,
    -5.5263671875,
    -5.6611328125,
    -5.62109375,
    -5.603515625,
    -5.7119140625,
    -5.5966796875,
    -5.4453125,
    -5.5908203125,
    -5.6826171875,
    -5.6611328125,
    -5.59375,
    -5.8447265625,
    -5.5703125,
    -5.6201171875,
    -5.609375,
    -5.4609375,
    -5.7294921875,
    -5.728515625,
    -5.642578125,
    -5.4990234375,
    -5.6123046875,
    -5.6357421875,
    -5.6142578125,
    -5.69140625,
    -5.6806640625,
    -5.5810546875,
    -5.544921875,
    -5.6142578125,
    -5.60546875,
    -5.4375,
    -5.6904296875,
    -5.4736328125,
    -5.642578125,
    -5.5966796875,
    -5.4189453125,
    -5.658203125,
    -5.587890625,
    -5.7607421875,
    -5.4814453125,
    -5.5458984375,
    -5.5419921875,
    -5.7177734375,
    -5.6279296875,
    -5.6142578125,
    -5.5439453125,
    -5.52734375,
    -5.5419921875,
    -5.4775390625,
    -5.537109375,
    -5.708984375,
    -5.58203125,
    -5.603515625,
    -5.5498046875,
    -5.708984375,
    -5.65234375,
    -5.5869140625,
    -5.68359375,
    -5.5185546875,
    -5.6728515625,
    -5.5234375,
    -5.7724609375,
    -5.548828125,
    -5.390625,
    -5.5771484375,
    -5.5546875,
    -5.7685546875,
    -5.4736328125,
    -5.734375,
    -5.603515625,
    -5.845703125,
    -5.52734375,
    -5.5244140625,
    -5.6240234375,
    -5.6787109375,
    -5.5244140625,
    -5.455078125,
    -5.66015625,
    -5.5302734375,
    -5.6572265625,
    -5.5107421875,
    -5.55859375,
    -5.607421875,
    -5.4169921875,
    -5.5068359375,
    -5.78125,
    -5.6875,
    -5.7041015625,
    -5.6611328125,
    -5.658203125,
    -5.609375,
    -5.5546875,
    -5.5546875,
    -5.59765625,
    -5.763671875,
    -5.6552734375,
    -5.5830078125,
    -5.6845703125,
    -5.5673828125,
    -5.6142578125,
    -5.72265625,
    -5.50390625,
    -5.5029296875,
    -5.541015625,
    -5.6953125,
    -5.5751953125,
    -5.53125,
    -5.6171875,
    -5.5634765625,
    -5.6494140625,
    -5.4521484375,
    -5.6201171875,
    -5.470703125,
    -5.4267578125,
    -5.5302734375,
    -5.552734375,
    -5.533203125,
    -5.6650390625,
    -5.4375,
    -5.5693359375,
    -5.5634765625,
    -5.619140625,
    -5.673828125,
    -5.5390625,
    -5.6357421875,
    -5.6767578125,
    -5.62890625,
    -5.7099609375,
    -5.5712890625
  ],