{
  "N": 8,
  "h": 0.5,
  "L": 1,
  "exact": -7.64059255359008,
  "convergence_raw": [
    0.1845703125,
    0.7890625,
    -0.1181640625,
    -0.341796875,
    -0.6591796875,
    -0.2744140625,
    -0.69140625,
    -0.134765625,
    -0.8125,
    -1.537109375,
    -2.212890625,
    -1.11328125,
    -2.7705078125,
    -2.6533203125,
    -2.3115234375,
    -3.1826171875,
    -2.4521484375,
    -3.4970703125,
    -2.9697265625,
    -3.2568359375,
    -3.54296875,
    -4.0546875,
    -4.765625,
    -4.9619140625,
    -3.85546875,
    -4.759765625,
    -5.3251953125,
    -4.693359375,
    -4.86328125,
    -4.8115234375,
    -4.599609375,
    -5.015625,
    -4.98828125,
    -5.7138671875,
    -5.5966796875,
    -5.791015625,
    -5.787109375,
    -5.8154296875,
    -5.9931640625,
    -6.0517578125,
    -6.0166015625,
    -6.013671875,
    -6.03125,
    -5.9931640625,
    -5.947265625,
    -6.111328125,
    -6.0478515625,
    -6.005859375,
    -6.0859375,
    -6.0927734375,
    -5.943359375,
    -5.9833984375,
    -6.0390625,
    -5.9794921875,
    -6.013671875,
    -5.892578125,
    -5.9873046875,
    -6.0400390625,
    -6.0009765625,
    -6.078125,
    -6.091796875,
    -5.8720703125,
    -6.0517578125,
    -6.046875,
    -5.8828125,
    -6.109375,
    -6.1083984375,
    -5.9453125,
    -5.9853515625,
    -6.07421875,
    -5.923828125,
    -6.0654296875,
    -6.0244140625,
    -5.9326171875,
    -6.0244140625,
    -5.9814453125,
    -6.046875,
    -5.9091796875,
    -6.0283203125,
    -5.9384765625,
    -6.0615234375,
    -6.0205078125,
    -6.099609375,
    -5.9912109375,
    -5.9013671875,
    -6.044921875,
    -6.1650390625,
    -6.0810546875,
    -6.0576171875,
    -6.029296875,
    -6.0498046875,
    -5.8974609375
  ],
  "convergence_rel": [
    1.0241565443001244,
    1.1032724221931247,
    0.9845346991517722,
    0.9552656587034731,
    0.9137266274995555,
    0.9640847145590742,
    0.9095088181773114,
    0.982361888288798,
    0.8936600801179705,
    0.7988232765693337,
    0.7103770932059149,
    0.854293859777027,
    0.637396210690724,
    0.6527336991352476,
    0.6974680404317743,
    0.5834593763274831,
    0.6790630542983462,
    0.5423037823346785,
    0.6113224803350341,
    0.5737456336459517,
    0.5362965993605735,
    0.4693228998194876,
    0.3762754699227118,
    0.350585176778135,
    0.49539663017517754,
    0.377042344344938,
    0.3030389626001122,
    0.38573358779683464,
    0.3634942295522756,
    0.3702682869486068,
    0.39800357855245344,
    0.3435554945743951,
    0.3471342418781172,
    0.252169625925776,
    0.2675071143702995,
    0.24207244603313138,
    0.24258369564794885,
    0.23887713594052234,
    0.21561527846632839,
    0.20794653424406664,
    0.2125477807774237,
    0.2129312179885368,
    0.21063059472185827,
    0.21561527846632839,
    0.2216224614404334,
    0.20014997761810055,
    0.2084577838588841,
    0.2139537172181717,
    0.20347310011441397,
    0.20257841328848344,
    0.22213371105525087,
    0.21689340250337202,
    0.20960809549222337,
    0.21740465211818946,
    0.2129312179885368,
    0.2287799560478777,
    0.21638215288855456,
    0.209480283088519,
    0.21459277923669348,
    0.20449559934404887,
    0.2027062256921878,
    0.2314640165256693,
    0.20794653424406664,
    0.20858559626258846,
    0.23005808008492135,
    0.20040560242550928,
    0.20053341482921364,
    0.22187808624784214,
    0.2166377776959633,
    0.2050068489588663,
    0.22468995912933812,
    0.20615716059220557,
    0.2115252815477888,
    0.22353964749599886,
    0.2115252815477888,
    0.21714902731078073,
    0.20858559626258846,
    0.22660714518490355,
    0.21101403193297136,
    0.2227727730737727,
    0.20666841020702303,
    0.21203653116260623,
    0.2016837264625529,
    0.21587090327373712,
    0.22762964441453845,
    0.2088412210699972,
    0.19312029541436063,
    0.2041121621329358,
    0.20717965982184047,
    0.21088621952926698,
    0.20820215905147538,
    0.2281408940293559
  ],
  "elapsed_s": 1318.121072000009,
  "raw": {
    "mean": -6.005517578125,
    "sem": 0.01190358797597723,
    "rel_err": 0.21399845155946826,
    "parity_discard": 0.0,
    "cost": {
      "n_circuits_per_eval": 20,
      "overhead_circuits": 1.0,
      "overhead_amortised": 1.0,
      "shot_multiplier": 1.0,
      "measured_discard": 0.0,
      "overhead_effective": 1.0
    }
  },
  "readout": {
    "mean": -7.647466720094288,
    "sem": 0.014686597099807063,
    "rel_err": 0.0008996902342315871,
    "parity_discard": 0.0,
    "cost": {
      "n_circuits_per_eval": 20,
      "overhead_circuits": 1.0,
      "overhead_amortised": 1.05,
      "shot_multiplier": 1.0,
      "measured_discard": 0.0,
      "overhead_effective": 1.05
    }
  },
  "parity": {
    "mean": -7.033811041829088,
    "sem": 0.012605811498937403,
    "rel_err": 0.0794155044265362,
    "parity_discard": 0.41678466796875,
    "cost": {
      "n_circuits_per_eval": 20,
      "overhead_circuits": 1.0,
      "overhead_amortised": 1.0,
      "shot_multiplier": 1.714632563785922,
      "measured_discard": 0.41678466796875,
      "overhead_effective": 1.714632563785922
    }
  },
  "zne": {
    "mean": -6.012730407714844,
    "sem": 0.02666976910760813,
    "rel_err": 0.21305443713398303,
    "parity_discard": 0.0,
    "cost": {
      "n_circuits_per_eval": 60,
      "overhead_circuits": 3.0,
      "overhead_amortised": 3.0,
      "shot_multiplier": 1.0,
      "measured_discard": 0.0,
      "overhead_effective": 3.0
    }
  },
  "ro+parity": {
    "mean": -8.078459162041257,
    "sem": 0.014502081996635049,
    "rel_err": 0.057307938537494316,
    "parity_discard": 0.316892110909895,
    "cost": {
      "n_circuits_per_eval": 20,
      "overhead_circuits": 1.0,
      "overhead_amortised": 1.05,
      "shot_multiplier": 1.4638976009075126,
      "measured_discard": 0.316892110909895,
      "overhead_effective": 1.5370924809528883
    }
  },
  "ro+zne": {
    "mean": -7.657126168120367,
    "sem": 0.032706549669854534,
    "rel_err": 0.002163917839398251,
    "parity_discard": 0.0,
    "cost": {
      "n_circuits_per_eval": 60,
      "overhead_circuits": 3.0,
      "overhead_amortised": 3.05,
      "shot_multiplier": 1.0,
      "measured_discard": 0.0,
      "overhead_effective": 3.05
    }
  },
  "parity+zne": {
    "mean": -7.040556943076662,
    "sem": 0.027245000224349954,
    "rel_err": 0.07853260153644501,
    "parity_discard": 0.41733194986979166,
    "cost": {
      "n_circuits_per_eval": 60,
      "overhead_circuits": 3.0,
      "overhead_amortised": 3.0,
      "shot_multiplier": 1.7162430646000424,
      "measured_discard": 0.41733194986979166,
      "overhead_effective": 5.148729193800127
    }
  },
  "ro+parity+zne": {
    "mean": -8.081361046055049,
    "sem": 0.031689717186298975,
    "rel_err": 0.05768773683107405,
    "parity_discard": 0.3180827119255505,
    "cost": {
      "n_circuits_per_eval": 60,
      "overhead_circuits": 3.0,
      "overhead_amortised": 3.05,
      "shot_multiplier": 1.466453509081329,
      "measured_discard": 0.3180827119255505,
      "overhead_effective": 4.472683202698054
    }
  }
}